dissimilarity,aat_verdict,cs,source,id,en,scheme,sub,current_facet,placed_by,note_cs,alt_cs,alt_en,de,uri,broader_labels,exact_match,holds_bare_label,verdict
0.0,agreeing,barvivo,amcr,HES-000903,colourant,objekt_specifikace,objekt_specifikace,Material,heslar:objekt_specifikace,,,,,https://api.aiscr.cz/id/HES-000903,těžený/zpracovávaný materiál,http://vocab.getty.edu/aat/300013026,yes,
0.0,agreeing,barvivo,amcr,HES-000965,colourant,predmet_specifikace,predmet_specifikace,Material,heslar:predmet_specifikace,,,,,https://api.aiscr.cz/id/HES-000965,,http://vocab.getty.edu/aat/300013026,,
0.0,agreeing,barvivo,teater,2432,dye,2430,materiál objektu/předmětu,Material,teater:2430,"používala se už v paleolitu ke zdobení těla nebo k červenému zbarvení zemřelého , ukládaného do hrobu (snad jako symbol barvy života - Dolní Věstonice). Tyto funkce barviv přetrvávaly i dále (neolit: Vedrovice, Zábrdovice, Těšetice-Kyjovice ), tehdy k nim ale přistoupilo i malování keramiky (hlavně v mladším neolitu - moravská malovaná keramika - a pak v době halštatské), inkrustace výzdoby nádob nebo natírání omítky domů (viz mazanice). O případném barvení textilií v těchto dobách nemáme u nás doklady . Původ pravěkých barviv byl přírodní, zejména minerální (okrová barviva od žluté přes červenou po hnědou, červený hematit, vápnitá či kaolinová běloba), černá se získávala ze sazí, užívala se i pryskyřice jehličnatých stromů či březová míza (šárecký stupeň lineární keramiky). Minerální barviva se objevují na některých lokalitách i ve větším množství (Běhařovice, Těšetice-Kyjovice). Zda se užívala i rostlinná barviva, není známo. Lit.: *Rulf (red.) 1989.* (ks)",,paints,Farstoff (r),https://teater.aiscr.cz/id/2432,9) Materiálové specifikace > materiál objektu/předmětu,,,
0.11,none,tesák,amcr,HES-000793,dussack,predmet_druh,predmet_druh,Artefact,heslar:predmet_druh,,,,,https://api.aiscr.cz/id/HES-000793,militaria,,yes,
0.11,none,tesák,teater,2010,bowie knive,1788,militaria,Artefact,teater:1788,"bodná i sečná zbraň bojová i lovecká v podobě těžkého nože, ale delší než nůž a kratší než šavle; odpovídá mečíku u dvojbritých zbraní zbraní, ale je jednobřitý. Terminologie viz nůž. Čepel spíše kratší a širší, těžká, rovná či lehce prohnutá, někdy oddělená příčkou od poměrně dlouhé rukojeti, zastoupené nejčastěji trnovitým řapem.",sekáč; bojový nůž; válečný nůž; lovecký tesák,hunting knife; bowie knives,Hauer (r),https://teater.aiscr.cz/id/2010,8) Předmět > militaria > zbraň,,,
0.12,one_sided,hamr,amcr,HES-000545,hammer mill,objekt_druh,objekt_druh,Feature,heslar:objekt_druh,,,,,https://api.aiscr.cz/id/HES-000545,objekt/stopa výroby,http://vocab.getty.edu/aat/300426925,yes,
0.12,one_sided,hamr,teater,1764,forge,1481,výrobní objekt,Feature,teater:1481,,,hammer mill; forges,Hammermühle (e),https://teater.aiscr.cz/id/1764,7) Objekt > výrobní objekt,,,
0.13,none,nákrčník,amcr,HES-000665,neck ring,predmet_druh,predmet_druh,Artefact,heslar:predmet_druh,,,,,https://api.aiscr.cz/id/HES-000665,ozdoba,,yes,
0.13,none,nákrčník,teater,2392,torque,1788,šperk,Artefact,teater:1788,"ozdoba k navlečení na krk, vyrobená z 1 kusu (zpravidla z drátu či pružné tyčinky, někdy i litá, vzácně plechová dutá rourka), s větší mezerou mezi konci a přiměřeným průměrem; terminologie viz náramek. Tělo hladké, s rytou výzdobou či tordované, případně spletené z více drátů.",nášíjník; torque,"neck ring; torques; neckring, torc",Halsring (r),https://teater.aiscr.cz/id/2392,8) Předmět > šperk,,,
0.13,one_sided,ohniště,amcr,HES-000423,fireplace,objekt_druh,objekt_druh,Feature,heslar:objekt_druh,,,,,https://api.aiscr.cz/id/HES-000423,otopné zařízení,http://vocab.getty.edu/aat/300052267,yes,
0.13,one_sided,ohniště,teater,1645,hearth,1481,otopné zařízení,Feature,teater:1481,,,fireplace,Herdstelle (e),https://teater.aiscr.cz/id/1645,7) Objekt > otopné zařízení,,,
0.14,agreeing,inženýrské sítě,amcr,HES-000515,utilities,objekt_druh,objekt_druh,Feature,heslar:objekt_druh,,,,,https://api.aiscr.cz/id/HES-000515,inženýrské sítě,http://vocab.getty.edu/aat/300152723,yes,
0.14,agreeing,inženýrské sítě,amcr,HES-000575,utilities,objekt_druh_kat,objekt_druh_kat,Feature,heslar:objekt_druh_kat,,,,,https://api.aiscr.cz/id/HES-000575,,http://vocab.getty.edu/aat/300152723,,
0.14,agreeing,inženýrské sítě,amcr,HES-000598,engineering networks,adb_podnet,adb_podnet,Methods,heslar:adb_podnet,,,,,https://api.aiscr.cz/id/HES-000598,,,,
0.15,agreeing,stavebně-historický průzkum,amcr,HES-000632,building-historical survey,posudek_typ,posudek_typ,Methods,heslar:posudek_typ,Komplexní analýza a interpretace historických staveb a jejich vývoje.,,,,https://api.aiscr.cz/id/HES-000632,jiné expertní zpracování,http://vocab.getty.edu/aat/300379566,yes,
0.15,agreeing,stavebně-historický průzkum,amcr,HES-001048,architectural survey,akce_typ,akce_typ,Methods,heslar:akce_typ,,,,,https://api.aiscr.cz/id/HES-001048,nedestruktivní průzkum,http://vocab.getty.edu/aat/300379566,,
0.15,agreeing,stavebně-historický průzkum,amcr,HES-001143,building-history survey,adb_typ,adb_typ,Methods,heslar:adb_typ,,,,,https://api.aiscr.cz/id/HES-001143,,http://vocab.getty.edu/aat/300379566,,
0.15,agreeing,stavebně-historický průzkum,teater,186,constructional-historical research,140,"analýzy, posudky (metody spracování)",Methods,teater:140,,,architectural survey,bauhistorische Untersuchung (e),https://teater.aiscr.cz/id/186,"3) Metody zpracování > analýzy, posudky (metody spracování)",,,
0.17,one_sided,spona,amcr,HES-000733,fibula,predmet_druh,predmet_druh,Artefact,heslar:predmet_druh,,,,,https://api.aiscr.cz/id/HES-000733,součást oděvu,http://vocab.getty.edu/aat/300209303,yes,
0.17,one_sided,spona,teater,2330,brooch,1788,součást oděvu,Artefact,teater:1788,"spínadlo oděvu s ozdobnou funkcí, která se rozvinula během doby bronzové. Tehdy se objevily jednodílné spony na principu zavíracího špendlíku, užívaném až do doby stěhování národů. Nejstarší doklad se u nás uvádí ze starší únětické kultury (Polepy), není ale jednoznačný. V zásadě se všechny jednodílné spony skládají z rovného či obloukovitého lučíku, který na jednom konci přechází do pružného vinutí, na opačné straně končí patkou; s ní je spojen zachycovač, sloužící jako lůžko hrotu jehly vybíhající z vinutí. Spony se vyráběly zprvu z měděného, ale zanedlouho z bronzového drátu. Lučík se časem rozšiřoval do ozdobné podoby s růžicemi vinutými z drátu, s roztepanými a zdobenými štítky či plechovými závěsky. Přelom halštatu a laténu vyznačují pak spony s ozdobnou patkou (už i železné) a vzácné maskovité spony, odlévané do náročných individuálních 'ztracených' forem a zpodobňující stylizované lidské či zvířecí tváře a postavy (časně laténský sloh- např. Kšice, Manětín).

Kromě jednodílných spon se v mladší a pozdní době bronzové objevily i spony dvojdílné se samostatnou jehlou buď zcela volnou, nebo jedním koncem ke sponě přinýtovanou, takže odpadla potřeba spojovací pružiny. Dvojdílné spony vyrostly do mimořádně velkých forem se středovým štítem zdobeným rytím či vybíjením a okrouhlými, z drátu svinutými růžicemi na koncích; po době bronzové jejich obliba klesla a jednoznačně převážily spony jednodílné. Jejich uměleckořemeslný vrchol v pravěku představují už zmíněné maskovité spony. Rychlé módní proměny udělaly ze spony jednu z nejvýznamnějších pomůcek archeologického relativního datování. (ks)",fibula (archeologie),"fibulae; clasps; fibula, brooch",Fibel (e),https://teater.aiscr.cz/id/2330,8) Předmět > součást oděvu,,,
0.17,one_sided,výkop,amcr,HES-000489,cut,objekt_druh,objekt_druh,Feature,heslar:objekt_druh,,,,,https://api.aiscr.cz/id/HES-000489,zahloubený objekt,http://vocab.getty.edu/aat/300008021,yes,
0.17,one_sided,výkop,teater,1784,trench (výkop/Aushub),1481,zahloubený objekt,Feature,teater:1481,,,trenches,Aushub (r),https://teater.aiscr.cz/id/1784,7) Objekt > zahloubený objekt,,,
0.17,one_sided,zámek,amcr,HES-000817,lock,predmet_druh,predmet_druh,Artefact,heslar:predmet_druh,,,,,https://api.aiscr.cz/id/HES-000817,stavební/spojovací prvek,http://vocab.getty.edu/aat/300033407,yes,
0.17,one_sided,zámek,teater,1439,châteaux,1267,sídlo elity,Activity Area,teater:1267,,,,Schloss (s),https://teater.aiscr.cz/id/1439,6) Areál aktivity > sídlo elity,,,
0.17,one_sided,zámek,teater,2358,lock,1788,stavební prvek,Artefact,teater:1788,"zařízení k uzavírání dveří (dvířek) pomocí klíče. Zpravidla byl dřevěný, dochovaly se jen drobné kovové součástky, obvykle nesnadno určitelné (viz Závorka). Celokovový byl jen zámek visací - typ válečkový (synonymní termín ruský, cylindrický).",,locks,Schloss (s),https://teater.aiscr.cz/id/2358,8) Předmět > stavební prvek,,,
0.18,one_sided,kleště,amcr,HES-000797,pliers,predmet_druh,predmet_druh,Artefact,heslar:predmet_druh,,,,,https://api.aiscr.cz/id/HES-000797,nástroj hrubý,http://vocab.getty.edu/aat/300024744,yes,
0.18,one_sided,kleště,teater,2110,tongs,1788,nástroj,Artefact,teater:1788,"nástroj k uchopení předmětů; dochovány jsou vesměs kleště kovářské, přesněji výhňové:",,,Zange (e),https://teater.aiscr.cz/id/2110,8) Předmět > nástroj,,,
0.18,none,popraviště,amcr,HES-000058,execution site,areal,areal,Activity Area,heslar:areal,,,,,https://api.aiscr.cz/id/HES-000058,areál jiné aktivity,,yes,
0.18,none,popraviště,teater,1274,scaffold,1267,areál jiné aktivity,Activity Area,teater:1267,,,scaffolds,Hinrichtungsplatz (r),https://teater.aiscr.cz/id/1274,6) Areál aktivity > areál jiné aktivity,,,
0.18,one_sided,rydlo,amcr,HES-000810,graver,predmet_druh,predmet_druh,Artefact,heslar:predmet_druh,,,,,https://api.aiscr.cz/id/HES-000810,nástroj jemný,http://vocab.getty.edu/aat/300022718,yes,
0.18,one_sided,rydlo,teater,2136,burin,1788,nástroj,Artefact,teater:1788,"patrně nejstarší způsob získávání některých kovů (zlata, cínu pro výrobu bronzu) v čistém stavu promýváním písčitých naplavenin řek a potoků v oblastech ložisek těchto kovů. Promývání se provádělo na sítech a rýžovnických miskách, kde drobné částečky těžkého kovu klesají ke dnu nádoby a tam se zachycují, zatímco lehčí materiál se odplavuje. Z prorýžovaného štěrku a písku se na březích vytvářely hromady - sejpy. (ks)",rýhovadlo,"burin, graver",Stichel (r),https://teater.aiscr.cz/id/2136,8) Předmět > nástroj,,,
0.18,one_sided,žlab,amcr,HES-000490,ditch,objekt_druh,objekt_druh,Feature,heslar:objekt_druh,,,,,https://api.aiscr.cz/id/HES-000490,zahloubený objekt,http://vocab.getty.edu/aat/300006178,yes,
0.18,one_sided,žlab,teater,1787,gutter,1481,zahloubený objekt,Feature,teater:1481,,,gutters,Rinne (e),https://teater.aiscr.cz/id/1787,7) Objekt > zahloubený objekt,,,
0.19,one_sided,kamenná industrie,amcr,HES-000640,lithics,predmet_druh,predmet_druh,Artefact,heslar:predmet_druh,,,,,https://api.aiscr.cz/id/HES-000640,běžný nález,http://vocab.getty.edu/aat/300379567,yes,
0.19,one_sided,kamenná industrie,teater,2105,stone industry,1788,nástroj,Artefact,teater:1788,"'industrie' - soubor kamenných, kovových a kostěných nástrojů a odpadků při jejich výrobě v jednotlivých pravěkých kulturách

* v archeologii rozeznáváme industrii kamennou broušenou (BKI), industrii kamennou štípanou (SKI) a industrii kamennou ostatní (OKI). Kamenná industrie tvoří charakteristickou součást archeologického mobiliáře získaného při výzkumech areálů sídlištních a pohřebišť. Z území českého masivu je také známá řada výskytů kvalitní kamenné suroviny vhodné pro výrobu pravěkých artefaktů, z nichž část byla v dávné minulosti skutečně exploatována. Studium provenience suroviny a typologie kamenných artefaktů přispívá významně k řešení řady otázek: exploatace, distribuce surovin a jejich sociálně-ekonomickému významu v pravěkých společnostech. Studium typologických a surovinových prvků kamenné industrie vedlo k tomu, ze se některé typické suroviny a tvary artefaktů svou vypovídací hodnotou mohou zařadit vedle keramiky a industrie kamenné štípané k významným pomůckám pro kulturně-chronologické rozlišení archeologických nálezů. Zejména v případě archeologických souborů, u kterých chybí charakteristické keramické nálezy, může být kamenná industrie často jediným kulturně determinovatelným materiálem. Při zkoumaní užitých kamenných surovin používáme materiálovou charakteristiku studovaného materiálu. Lze ji provádět nejjednodušeji makroskopicky, a to v případech, kdy je nutná rychlá předběžná identifikace. Dále v případě velkých souborů artefaktů, kdy detailní určení každého artefaktu není možné. Makroskopické zkoumaní lze doplňovat i mikroskopií za použití binokulárního mikroskopu. Makroskopické určovaní surovin umožňuje předběžné třídění materiálu podle charakteristických znaků, jako jsou: barevné odstíny, patinace a stupeň zvětrání předmětu, texturní a strukturní znaky. Mezi nedestruktivní metody dále patří měření magnetické susceptibility, tzn. schopnosti materiálu se zmagnetizovat. Mikroskopická analýza je prováděna na základě zkoumání petrografických výbrusů, nábrusů, případně pomocí jiných analýz a metod jako jsou chemické, spektrální metody (viz kámen).",,,Steinindustrie (e),https://teater.aiscr.cz/id/2105,8) Předmět > nástroj,,,
0.21,none,vertikální řez,amcr,HES-001056,linear trench,akce_typ,akce_typ,Methods,heslar:akce_typ,,,,,https://api.aiscr.cz/id/HES-001056,terénní zásah,,yes,
0.21,none,vertikální řez,teater,117,vertical section,102,archeologické výzkumy,Methods,teater:102,"Z hlediska terénní metody je nejjednodušší formou odkryvu archeologický dohled čili odborný dozor nad zemními pracemi. Dohled často přerůstá v záchranný výzkum, při němž jsou archeologické situace dostupné převážně ve vertikálním řezu, např. v dálkových výkopech, inženýrských sítích apod. Řez terénem přináší rychlou a přehlednou informaci o přítomných archeologických situacích a může být velmi významnou informací pro poznání jedné lokality nebo celého většího úseku krajiny.",,,vertikale Schnitt (r),https://teater.aiscr.cz/id/117,2) Terénní metody > archeologické výzkumy > málo destruktivní metoda,,,
0.21,none,kult,amcr,HES-000005,ritual activity,aktivita,aktivita,Activity Area,heslar:aktivita,,,,,https://api.aiscr.cz/id/HES-000005,rondel/rondeloid > kultovní areál > kaple > kostel > kříž/boží muka > kultovní místo > synagoga > klášter > pohřebiště v sakrální stavbě,,yes,
0.21,none,kult,teater,3095,cult,3094,kult,Related Disciplines & Society,teater:3094,,,,Kult (r),https://teater.aiscr.cz/id/3095,11) Povolání a pracovní činnosti,,,
0.22,agreeing,cesta,amcr,HES-000048,roads,areal,areal,Feature,override:amcr:HES-000048,,,,,https://api.aiscr.cz/id/HES-000048,komunikace,http://vocab.getty.edu/aat/300008217,yes,
0.22,agreeing,cesta,amcr,HES-000520,path/road,objekt_druh,objekt_druh,Feature,heslar:objekt_druh,,,,,https://api.aiscr.cz/id/HES-000520,komunikace,http://vocab.getty.edu/aat/300008217,,
0.22,agreeing,cesta,teater,1673,path,1481,pozemní komunikace (objekty),Feature,teater:1481,,,road,Landweg (r),https://teater.aiscr.cz/id/1673,7) Objekt > pozemní komunikace (objekty),,,
0.22,one_sided,kůl,amcr,HES-000737,pole,predmet_druh,predmet_druh,Artefact,heslar:predmet_druh,,,,,https://api.aiscr.cz/id/HES-000737,stavební/spojovací prvek,http://vocab.getty.edu/aat/300001874,yes,
0.22,one_sided,kůl,teater,1588,stake,1481,konstrukční prvek,Feature,teater:1481,,,,Pfahl (r),https://teater.aiscr.cz/id/1588,7) Objekt > konstrukční prvek,,,
0.22,one_sided,kůl,teater,2345,stake,1788,stavební prvek,Artefact,teater:1788,,,,Pfahl (r),https://teater.aiscr.cz/id/2345,8) Předmět > stavební prvek,,,
0.22,one_sided,příkop,amcr,HES-000508,moat,objekt_druh,objekt_druh,Feature,heslar:objekt_druh,,,,,https://api.aiscr.cz/id/HES-000508,ohrazení/fortifikace,http://vocab.getty.edu/aat/300003716,yes,
0.22,one_sided,příkop,teater,1637,ditch,1481,opevnění,Feature,teater:1481,"délkově orientované zahloubení, představující vedle jámy nejvýznamnější archeologicky zachytitelný zásah do půdy. Příkop sám o sobě má funkci především vymezovací (obvod kultovního místa, např. rondelu, hrobu resp. mohyly); pokud je kombinován s hrazením palisádou, valem, resp. hradbou, slouží i jako opevnění (hrazené sídliště, hradisko) - v takovém případě probíhá obvykle souběžně s vnější stěnou zmíněných hradicích prvků, ale ne těsně: mezi vnitřní hranou příkopu a vnější patou hradby bývá ponechán stupeň zabraňující sjetí hradby do příkopu, zvaný berma. (Příkop na vnitřní straně palisády či valu je pro obranu nevhodný a charakterizuje tedy spíše neobranný, vymezující účel ohrazení.) Příkop je zahlouben do podloží, někdy vysekán do skály, u rovinných opevněných sídlišť mohl být zaplněn vodou. Stěny a dno příkopu mohou mít různou profilaci - průřez hrotitý (ve tvaru V), zaoblený (U), lichoběžníkovitý (ploché dno) - což archeologům občas pomáhá při jeho datování. Zemina z něho vybraná sloužila k navršení valu. - Příkop malé šířky a hloubky je žlab (např. základový při stavbě domu či založení palisády). (ks)",,,Graben (r) (příkop/ditch),https://teater.aiscr.cz/id/1637,7) Objekt > opevnění,,,
0.22,one_sided,zápona,amcr,HES-000637,clasp,predmet_druh,predmet_druh,Artefact,heslar:predmet_druh,,,,,https://api.aiscr.cz/id/HES-000637,součást oděvu,http://vocab.getty.edu/aat/300239507,yes,
0.22,one_sided,zápona,teater,2335,strap fitting,1788,součást oděvu,Artefact,teater:1788,"předmět určený k sepnutí opasku, obvykle háčkem zapínaným do oka či otvoru. První ustálenější formou byly kostěné a parohové zápony středního a mladšího eneolitu, někdy importované z J a JV (Brno-St. Lískovec, Plotiště n. L., Přáslavice), zvláštní typ představují zápony (?) či závěsky 'půlměsícovité' (ve skutečnosti zřejmě napodobující luk) lidu zvoncovitých pohárů. V mladší bronzové a v halštatské době mívala zápona prostý tvar plechové destičky s háčkem na konci, na prahu laténu se objevily umělecky lité maskovité zápony se stylizovanými lidskými či zvířecími podobami (Želkovice). Lit. : *Praeh 22/1997.* (ks)",,belt hook,Gürtelhaken (r),https://teater.aiscr.cz/id/2335,8) Předmět > součást oděvu,,,
0.23,none,kaptorga,amcr,HES-000700,kaptorga (metal pendant case),predmet_druh,predmet_druh,Artefact,heslar:predmet_druh,,,,,https://api.aiscr.cz/id/HES-000700,ozdoba,,yes,
0.23,none,kaptorga,teater,2385,casket,1788,šperk,Artefact,teater:1788,,,,Kaptorge (e),https://teater.aiscr.cz/id/2385,8) Předmět > šperk,,,
0.23,agreeing,středověk,amcr,HES-000380,Middle Ages,obdobi,obdobi,Chronology,heslar:obdobi,,,,,https://api.aiscr.cz/id/HES-000380,středověk,http://vocab.getty.edu/aat/300020756; http://n2t.net/ark:/99152/p0wctqttj7w,yes,
0.23,agreeing,středověk,amcr,HES-000414,Middle Ages,obdobi_kat,obdobi_kat,Chronology,heslar:obdobi_kat,,,,,https://api.aiscr.cz/id/HES-000414,,http://vocab.getty.edu/aat/300020756,,
0.23,agreeing,středověk,teater,1237,Medieval Period,1050,periodizace dějin,Chronology,teater:1050,"dějinné období datované v evropské kulturní oblasti zpravidla od zániku římské říše roku 476 (u nás spojen s příchodem Slovanů na počátku druhé třetiny 6. století n. 1.) do vzniku renesanční kultury a počátku velkých zámořských objevů roku 1492 ('objevení' Ameriky). Středověk navazující na starověk (antiku), obdobně jako jiné epochy, nelze přesně vymezit. Globální vývojové tendence a procesy se na jednotlivých teritoriích prosazují postupně, ve značném časovém rozpětí a s různou intenzitou a důsledností.",,middle ages,Mittelalter (s),https://teater.aiscr.cz/id/1237,5) Chronologie > periodizace dějin > archeologická periodizace,,,
0.23,one_sided,hradba,amcr,HES-000530,defensive wall,objekt_druh,objekt_druh,Feature,heslar:objekt_druh,,,,,https://api.aiscr.cz/id/HES-000530,ohrazení/fortifikace,http://vocab.getty.edu/aat/300002485,yes,
0.23,one_sided,hradba,teater,1626,rampart (hradba/Festungmauer),1481,opevnění,Feature,teater:1481,"opevňovací linie hrazeného sídliště (hradiska), budovaná zpravidla na jeho obvodu - výjimečně na celém, spíše na části a často jen na nejsnadněji přístupné straně (např. na šíji ostrožny), v jedné i více liniích za sebou (opevnění akropole, předhradí, připojených částí), nebo také izolovaně z těchto linií vybíhající (např. k ochraně sestupu z opevněného místa k vodnímu zdroji). V pravěku byla jednodušší hradba tvořena nejspíše palisádou, někdy zdvojenou (mezera mohla být vyplněna kamením a zeminou); kamenná hradba (hradební zeď) se poprvé objevila ve starším eneolitu (Laškov). Důkladnější technika, uplatněná především v mladší až pozdní době bronzové a v pozdním halštatu, užívala lícní (vnější) stěnu z dřevěných trámů či z kamene kladeného nasucho (tj. bez maltového pojiva), někdy lícovanou, za níž se nacházel podpůrný blok zeminy a kamení, obvykle zpevněný vnitřní komorovitou strukturou z křížem kladených trámů; jeho vrchol mohl tvořit ochoz za svrchní částí hradby. Vyskytne se však i čistě kamenná hradba, až 3 m široká, z pečlivě kladených kamenů bez pojiva a dřevěné konstrukce (Kutná Hora/Danemark, Mukov/Hradišťany), někdy se základovou řadou velkých balvanů o váze i několika metrických centů, připomínající kyklopské hradby v Řecku (Minice). V místech vstupu do objektu byla hradba přerušena branou. Na řadě hradišť lze prokázat násilný zánik hradby požárem (s tím souvisí domnělá opevňovací technika tzv. spečených valů). Pozůstatkem (destrukcí) hradeb na hradišti je val a zpravidla i na vnější straně před ním umístěný příkop. Lit.: *Vencl 1984.* (ks)",,rampart,Festungmauer (e),https://teater.aiscr.cz/id/1626,7) Objekt > opevnění,,,
0.24,one_sided,bulava,amcr,HES-000785,club,predmet_druh,predmet_druh,Artefact,heslar:predmet_druh,,,,,https://api.aiscr.cz/id/HES-000785,militaria,http://vocab.getty.edu/aat/300037206,yes,
0.24,one_sided,bulava,teater,1986,mace (bulava),1788,militaria,Artefact,teater:1788,"provrtaný kamenný kulovitý artefakt, který se upevňoval na násadu. Bulava sloužila jako pracovní palice, ale i jako válečná zbraň.",,maces; mace,Streitkolben (r) (bulava),https://teater.aiscr.cz/id/1986,8) Předmět > militaria > zbraň,,,
0.25,none,haltýř,amcr,HES-000478,spring house,objekt_druh,objekt_druh,Feature,heslar:objekt_druh,,,,,https://api.aiscr.cz/id/HES-000478,budova/stavba,,yes,
0.25,none,haltýř,teater,1515,pond,1481,budova,Feature,teater:1481,,,fishponds,Halfter (s),https://teater.aiscr.cz/id/1515,7) Objekt > budova,,,
0.25,one_sided,město,amcr,HES-000074,city,areal,areal,Activity Area,heslar:areal,,,,,https://api.aiscr.cz/id/HES-000074,nadkomunitní areál,http://vocab.getty.edu/aat/300008389,yes,
0.25,one_sided,město,teater,1386,town,1267,nadkomunitní areál,Activity Area,teater:1267,"města v antice byla původně opevněná místa, kde okolní lid nalézal útočiště před nepřítelem, a zároveň to byla i administrativní, politická a kulturní střediska. Postupně s oddělováním řemesla od zemědělství a s rozvojem obchodu se *m.* začala hospodářsky výrazně odlišovat od vesnice. *Řecká m.* (*poleis*) byla obvykle samostatnými městskými státy. V *římské říši* došlo k rozvoji měst jak v Itálii (za republiky), tak v provinciích (zvl. za císařství). Ačkoliv se *m.* stávala středisky řemeslnické výroby i místního trhu, bylo i zde zemědělství hlavním výrobním odvětvím. Ve *m-tech* žili majitelé drobných a středních statků (villa), jež ležely na území podřízeném městské správě. Velkostatky, na nichž byli zaměstnáni kolóni a které patřily bohatým jednotlivcům nebo císařům, byly na sousedních *m-tech* administrativně nezávislé. V řím. říši byla *m.* významnými centry romanizace v provinciích. Provinciální *m.* navazovala na tradice z předřímské doby. Řada měst vznikla z osad, které ležely v blízkosti stálých vojenských táborů (*canabae*). (K jednotlivým druhům měst sr. kolonie [kolonizace] ; *municipium*; *civitas* [městský stát u Římanů]). Za raného císařství došlo k rychlému stavebnímu rozvoji většiny měst, který byl do značné míry umožněn dary jejich bohatých obyvatel. Za pozdního císařství začala *m.* upadat.",,towns; cities and towns,Stadt (e),https://teater.aiscr.cz/id/1386,6) Areál aktivity > nadkomunitní areál,,,
0.25,one_sided,nákončí,amcr,HES-000668,mordant,predmet_druh,predmet_druh,Artefact,heslar:predmet_druh,,,,,https://api.aiscr.cz/id/HES-000668,ozdoba,http://vocab.getty.edu/aat/300262745,yes,
0.25,one_sided,nákončí,teater,2391,strap end,1788,šperk,Artefact,teater:1788,"zpravidla kovové zakončení předmětu s převládajícím délkovým rozměrem, např. pásu (opasku), tyče (ratiště), pochvy meče; slouží k ochraně měkčího materiálu před opotřebením a poškozením. Od jednoduchých užitkových artefaktů dospělo umělecké řemeslo až k ozdobným nákončím pochev halštatských mečů či bronzovým litým nákončím pasů (Želkovice). (ks)",,strap end (řemene); chape (pochvy),Ortband (r),https://teater.aiscr.cz/id/2391,8) Předmět > šperk,,,
0.28,one_sided,smírčí kříž,amcr,HES-000502,wayside cross,objekt_druh,objekt_druh,Feature,heslar:objekt_druh,,,,,https://api.aiscr.cz/id/HES-000502,kultovní/sakrální objekt,http://vocab.getty.edu/aat/300006969,yes,
0.28,one_sided,smírčí kříž,teater,1736,cross of reconciliation,1481,sakrální architektura,Feature,teater:1481,,,crosses of reconciliation,Mordkreuz (s),https://teater.aiscr.cz/id/1736,7) Objekt > sakrální architektura,,,
0.29,one_sided,kultovní místo,amcr,HES-000023,ritual place,areal,areal,Activity Area,heslar:areal,,,,,https://api.aiscr.cz/id/HES-000023,kultovní areál,http://vocab.getty.edu/aat/300387000,yes,
0.29,one_sided,kultovní místo,teater,1345,cult site,1267,kultovní areál,Activity Area,teater:1267,,,,Kultplatz (r),https://teater.aiscr.cz/id/1345,6) Areál aktivity > kultovní areál,,,
0.29,none,pecka,amcr,HES-000919,fruit stone,objekt_specifikace,objekt_specifikace,Material,heslar:objekt_specifikace,,,,,https://api.aiscr.cz/id/HES-000919,těžený/zpracovávaný materiál,,yes,
0.29,none,pecka,amcr,HES-001001,fruit stone,predmet_specifikace,predmet_specifikace,Material,heslar:predmet_specifikace,,,,,https://api.aiscr.cz/id/HES-001001,,,,
0.29,none,pecka,teater,2513,pit,2430,materiál objektu/předmětu,Material,teater:2430,,,pits; fruit stone,Obstkern (r),https://teater.aiscr.cz/id/2513,9) Materiálové specifikace > materiál objektu/předmětu,,,
0.3,none,stavební keramika,amcr,HES-000748,construction ceramics,predmet_druh,predmet_druh,Artefact,heslar:predmet_druh,,,,,https://api.aiscr.cz/id/HES-000748,běžný nález,,yes,
0.3,none,stavební keramika,teater,2353,ceramic building material,1788,stavební prvek,Artefact,teater:1788,"stavební prvek tělesa kachlových kamen s funkcí technickou i dekorativní. Reliefní výzdoba čelní stěny je obdobná jako u Dlaždice (navíc i portrétní), čelní stěna však může být i prořezávaná (synonymní termín prolamovaná).",,ceramic building materials,Keramische Baustoff (r),https://teater.aiscr.cz/id/2353,8) Předmět > stavební prvek,,,
0.31,one_sided,kování,amcr,HES-000694,mount,predmet_druh,predmet_druh,Artefact,heslar:predmet_druh,,,,,https://api.aiscr.cz/id/HES-000694,funkčně neurčený předmět,http://vocab.getty.edu/aat/300171585,yes,
0.31,one_sided,kování,teater,1959,ironwork,1788,funkčně nespecifikovaný předmět,Artefact,teater:1788,"kovové součástky, určené k ochraně výrobků z měkčího materiálu (dřeva, kůže), ke zdokonalení jejich funkce, případně také k jejich výzdobě. Řadíme sem různé, spíše menší předměty či zlomky, hlavně z bronzového a železného plechu (případně bronzové lité, železné kované), různě tvarované, někdy s otvory pro hřebí(č)ky či nýty, často (vinou zlomkovitosti nebo korozi) funkčně i tvarově nesnadno určitelné. Významnější skupiny:

1/ kování nástroje - dřevěného, zejména rýče: oboustranný plechový pás, obalující ostří nástroje (synonymní termín okutí)

doba laténská mladší, středověk; železo

2/ kování stavební viz Čep, Hák, Hřebík, Pouto, Skoba, Svorka

doba laténská mladší, středověk; železo

3/ kování nábytkové a dveřní - kování pásové (tvarově nevýrazné), kování rakve, kování záchytné (zejména kruh přítuhový, petlice, pouto, rukojeť, svorka, štítek zámku, zástrčka)

doba laténská mladší, středověk; bronz, železo

3a/ rohové kování skříňky

doba římská; bronz, železo

4/ kování vozu - a/ kování náboje kola, b/ viz Nákončí, Obruč, Pás, Zákolník

doba halštatská; bronz, železo

5/ kování koňského postroje - viz Faléra, Hřebík ozdobný, Návlečka, Průvlečka, Puklice

doba bronzová, doba halštatská, středověk; bronz, železo

6/ kování opasku apod. - např. 6a/ člunkovité, 6b/ obdélníkové prolamované, 6/c obloukovité (synonymní termín ve tvaru U), 6d/ štítkovité se závěsným článkem, 6e/ vrtulovité, 6f/ destičkovité (různé tvary);

6a-c:

doba římská,

6d-e: středověk

starší - střední; bronz

Viz též Faléra, Hřebík ozdobný, Nákončí, Návlečka, Průvlečka, Pás, Puklice

7/ kování zbraně - viz botka

8/ kování zbroje- 8a/ kování pochvy meče - aa/ objímka (hlavně u ústí), ab/ Poutko, ac/ Nákončí, ad/ závěsné kování páskové nebo tyčinkové k zavěšení pochvy na opasek

doba římská; bronzo, železo

8b/ kování pochvy válečného nože, resp. tesáku: plechové lemování pochvy na straně ostří, připevněno k pochvě (kožené) pomocí nýtků

středověk; bronz, železo

8c/ kování štítu: ca/ okrajové - přehnutý plechový pás podél okraje dřevěného štítu, připevněný hřeby či nýty (doba římská, stěhování národů, středověk; železo); cb/ viz štítová puklice

8d/ kování toulce

8e/ kování pancíře koženého: ea/ límec (plech přinýtovaný na kůži; eb/ Faléra, Nášivka (doba bronzová, doba halštatská; bronz)

8f/ kování přílby - např. faléra;

9/ kování nádoby - vyrobené z organických hmot (hlavně dřevěné nádoby - konvice, vědro, vědérko; picí roh) viz Držadlo, Obruč, Nákončí, Pouto. Atypická ozdobná kování nelze zpravidla rozpoznat jako kování nádoby

doba halštatská - středověk; železo bronz, zlato.",okutí,fitting,Beschlag (r),https://teater.aiscr.cz/id/1959,8) Předmět > funkčně nespecifikovaný předmět,,,
0.31,one_sided,náhon,amcr,HES-000513,millrace,objekt_druh,objekt_druh,Feature,heslar:objekt_druh,,,,,https://api.aiscr.cz/id/HES-000513,zahloubený objekt,http://vocab.getty.edu/aat/300006080,yes,
0.31,one_sided,náhon,teater,1477,drive,1267,vodní stavba,Activity Area,teater:1267,,,,Mühlgraben (r),https://teater.aiscr.cz/id/1477,6) Areál aktivity > vodní stavba,,,
0.31,one_sided,platidlo,amcr,HES-000848,currency,predmet_druh_kat,predmet_druh_kat,Artefact,heslar:predmet_druh_kat,,,,,https://api.aiscr.cz/id/HES-000848,,http://vocab.getty.edu/aat/300387350,yes,
0.31,one_sided,platidlo,teater,670,money,288,příbuzné obory,Related Disciplines & Society,teater:288,,,,Zahlungsmittel (s),https://teater.aiscr.cz/id/670,4) Hraniční obory a přidružené obory > příbuzné obory > pomocné vědy historické > numismatika > měna,,,
0.31,one_sided,platidlo,teater,2274,money,1788,platidlo,Artefact,teater:1788,,,,Zahlungsmittel (s),https://teater.aiscr.cz/id/2274,8) Předmět,,,
0.32,one_sided,těžba,amcr,HES-000004,mining activity,aktivita,aktivita,Activity Area,heslar:aktivita,,,,,https://api.aiscr.cz/id/HES-000004,areál těžby > důl > lom > rýžoviště,http://vocab.getty.edu/aat/300054710,yes,
0.32,one_sided,těžba,teater,3447,extraction,3094,těžba,Related Disciplines & Society,teater:3094,"(lámání, dolování, rýžování surovin) byla významnou, později v pravěku zřejmě i svým způsobem specializovanou hospodářskou činností. Zabývali se jí patrně především obyvatelé sídlišť ležících v blízkém okolí nalezišť surovin; odtud také vycházela jejich distribuce směnou, darem apod., často - přímo či postupně? - na značné vzdálenosti. Zpočátku, po přechodu od povrchového sběru ke skutečné těžbě (v Evropě nejdříve v mladším paleolitu), byla těžební místa omezena na povrchové výchozy hornin, z nichž se surovina získávala vylamováním; vrstev uložených mělce pod povrchem se dosahovalo od (spíše až mladšího) neolitu otevřenými jamami (šachticemi) a nejpozději v eneolitu již skutečně hornickým způsobem - nehlubokými svislými šachtami a z nich vybíhajícími vodorovnými chodbami, během těžby zvětšovanými spíše do šířky než do výšky. Těžily se však i jiné suroviny, např. okrové barvivo. Nástroji k vylamování a prvotnímu opracování těžené horniny byly kamenné (často valounové) mlaty, palice a klíny, možná sekery se žlábkem, parohové kopáče. K rozrušení horniny se patrně užívalo i tepelných změn, tj. rozpalování ohněm a polévání vodou, přestože kvalitě suroviny neprospívaly (stopy ohně v těžebních prostorech však mohou souviset i s osvětlováním a vyhříváním).

Od starší doby bronzové se získávaly rovněž kovy - v čistém stavu rýžováním, kovové rudy nejprve lámáním na povrchových výchozech rudních žil (měď a cín), později jámovou těžbou sledující žíly do hloubky. Na rozdíl od jámového (Moravský Krumlov, Sázava) i hlubinného (Tušimice) dolování kamenných surovin však u nás pravěká těžební místa měděných a cínových rud dosud chybějí, ačkoli je lze očekávat např. v Krušných horách, na Stříbrsku (Sedmihoří), v oblasti Barrandienu mezi Prahou a Berounem, dále mezi Jihlavou a Žďárem n. Sáz., v Moravském krasu, Jeseníkách i jinde. Rovněž těžba železných rud v době halštatské je doložena jen výjimečně (Krhov). Lit.: *AR 36/1984, Hartl 1988, Pv 8/ 1998, Hašek - Nekuda - Unger (red.) 2001a.* (ks)",,mining,Förderung (e),https://teater.aiscr.cz/id/3447,11) Povolání a pracovní činnosti,,,
0.33,one_sided,listina,amcr,HES-000670,deed,predmet_druh,predmet_druh,Artefact,heslar:predmet_druh,,,,,https://api.aiscr.cz/id/HES-000670,písemnost,http://vocab.getty.edu/aat/300027249,yes,
0.33,one_sided,listina,teater,2259,document,1788,písemnost,Artefact,teater:1788,"název pro písemnost (termín listina zavedl až František Palacký, do té doby se používal výraz list se specifickým adjektivem), která respektuje zvláštnosti dané dobou, místem, věcí a osobami, jichž se týká, podává v určitých pevných ale vyvíjejících se formách svědectví o právním jednání.

V podstatě se podle vztahu k právnímu pořízení rozeznávají dva druhy listin: a) vysvědčovací (notitiae), které obvykle v objektivní formě vysvědčují o právním pořízení, jež se konalo dříve a na nich zcela nezávisle, b) dispozitivní (chartae), které právní pořízení teprve dovršují či přímo zakládají. Nověji je snaha nahradit tyto termíny výstižnějšími názvy: deklarativní a konstitutivní. Jinak je možno listiny dělit podle obsahu, který je neobyčejně rozmanitý (privilegia, sněmy, smlouvy, soudní listiny aj.), podle právní autority jejich vydavatele na veřejném fóru na listiny veřejné, pocházející od samostatných právních autorit (původně pouze papežské a královské, postupně se však počet jejich vydavatelů rozšiřoval podle toho, jak listina zakotvovala v právním životě), a soukromé, tj. takové, jejichž vydavatelé nedosáhli obecného uznání v záležitostech, které se jich přímo netýkaly. Další způsob členění je dělení diplomatické, tj. podle toho, kde listiny vznikly: a) kancelářské, b) nekancelářské. Může však jít i o produkty smíšené, na nichž se podílel v různé míře vydavatel i příjemce, resp. v jeho zájmu osoba třetí.

Listina se skládá z pevných formulí, které mají nejčastěji toto pořadí:

I. Protokol: 1. invokace - vzývání jména božího, a to buď formou verbální (slovní), či monogramatickou (znamením), výjimečně oběma způsoby; 2. intitulace s devoční formulí - jméno a titul vydavatele s případným odvoláním se na svěření moci od Boha (v případě panovnické listiny); 3. inskripce či adresa se salutací - uvedení příjemcova jména s pozdravem.

II. Text: 4. arenga (proemium, exordium) - obecná motivace, proč byla listina sepsána, významná je zejména z důvodů stylistických či pro zdůvodnění, jež mohlo vyjadřovat určité teoretické postuláty; 5. promulgace, publikace či notifikace - ohlašuje se rozhodnutí uvést ve známost vydavatelovu vůli; 6. narace - uvádí konkrétní důvody vzniku listiny včetně jmen osob, které žádost zprostředkovaly (podle charakteru jejich vztahu k vydavateli se rozlišuje petitor - prosebník a intervenient - osoba stojící na stejné či vyšší úrovni); 7. dispozice - vlastní právní jádro listiny, často s pertinenční formulí, která vypočítává přináležitost různých statků apod.; 8. sankce - zajištění právního pořízení buď benedikcí - slibem odměny těm, kteří budou práv listiny šetřit, či kominací - hrozící pokutami a tresty těm, kteří ji budou porušovat; 9. koroborace - oznámení o způsobu ověření.

III. Eschatokol (závěrečný protokol): 10. subskripce - podpisy či vyjmenování svědků (svědečná řada), případně úředníků kanceláře (rekognice) či samotného vydavatele (často ve formě monogramu); 11. datace - údaje o době, případně místu vzniku listiny, respektive právního pořízení; 12. apretace - závěrečná motlitba, často ve formě pouhého - Amen.

Uvedené pořadí však nemusí být ve všem a vždy závazné a stejně tak ne každá listina obsahovala všechny výše uvedené formule. Nejpravidelněji se tak dělo u listin latinských (tradiční důvody). Postupem doby, především v národních jazycích, se formální variabilita stále zmenšovala až se v novověku omezila jen na údaje nezbytně nutné. Z tohoto schématu vybočují především notářské instrumenty (mají dataci na počátku), upravené řazení se objevuje i v knihových zápisech.",brief; carta; charta; littere; pagina; diploma,"documents; diploma, professional diploma, sheepskin",Urkunde (e),https://teater.aiscr.cz/id/2259,8) Předmět > písemnost > úřední písemnost,,,
0.33,none,sonda,amcr,HES-001057,pit trench,akce_typ,akce_typ,Methods,heslar:akce_typ,,,,,https://api.aiscr.cz/id/HES-001057,terénní odkryv,,yes,
0.33,none,sonda,amcr,HES-001150,pit trench,adb_typ,adb_typ,Methods,heslar:adb_typ,,,,,https://api.aiscr.cz/id/HES-001150,,,,
0.33,none,sonda,teater,108,test pit,102,archeologické výzkumy,Methods,teater:102,"zde: zemní odkryv archeologických struktur, sídlišť, pohřebišť nebo jejich částí.",,trench,Sondage (e),https://teater.aiscr.cz/id/108,2) Terénní metody > archeologické výzkumy > destruktivní metoda výzkumu,,,
0.34,none,místo sběru,amcr,HES-000057,collection site,areal,areal,Activity Area,heslar:areal,,,,,https://api.aiscr.cz/id/HES-000057,areál jiné aktivity,,yes,
0.34,none,místo sběru,teater,1271,gathering area,1267,areál jiné aktivity,Activity Area,teater:1267,,,,Sammelgebiet (s),https://teater.aiscr.cz/id/1271,6) Areál aktivity > areál jiné aktivity,,,
0.35,one_sided,nátepní destička,amcr,HES-000734,wrist guard,predmet_druh,predmet_druh,Artefact,heslar:predmet_druh,,,,,https://api.aiscr.cz/id/HES-000734,součást oděvu,http://vocab.getty.edu/aat/300433337,yes,
0.35,one_sided,nátepní destička,teater,2321,bracer,1788,součást oděvu,Artefact,teater:1788,"ochrana lukostřelcova zápěstí před úderem tětivy luku, užívaná v eneolitu lidem se zvoncovitými poháry, ale ještě i protoúnětickým a nitranským: z kamene (vesměs břidlice) vybroušená a vyhlazená obdélníková destička s 2 či 4 (výjimečně 6) otvory - v době bronzové již také jen zářezy - pro přivázání na vnitřní stranu zápěstí. Ojedinělé analogické destičky měděné či zlaté se vyskytnou v ženských hrobech této kultury, ale nejde o nátepní destičku, nýbrž o ozdoby hlavy (čelenku). (ks)",,bracers; arm guard; wristguard,Armstutzplate (e),https://teater.aiscr.cz/id/2321,8) Předmět > součást oděvu,,,
0.36,one_sided,faléra,amcr,HES-000745,phalera,predmet_druh,predmet_druh,Artefact,heslar:predmet_druh,,,,,https://api.aiscr.cz/id/HES-000745,postroj/doprava,http://vocab.getty.edu/aat/300261080,yes,
0.36,one_sided,faléra,teater,2380,harness pendant,1788,šperk,Artefact,teater:1788,"(z řec. přes lat.) - ozdobná, nejspíše okrouhlá (terčovitá) bronzová puklice, součást zbroje (pancíře), oděvu, štítu či koňského postroje, vyráběná z plechu i litá, zdobená rytím, nebo vybíjením. (Výjimkou je faléra kostěná.) K přichycení na podklad bývá na naspodu opatřena trnem či ouškem. Vyskytuje se od starší doby bronzové. Železné faléry, pokud existovaly, se nezachovaly. (ks)",,phalera,Phalere (e),https://teater.aiscr.cz/id/2380,8) Předmět > šperk,,,
0.38,one_sided,jehlice,amcr,HES-000699,clothing pin,predmet_druh,predmet_druh,Artefact,heslar:predmet_druh,,,,,https://api.aiscr.cz/id/HES-000699,ozdoba,http://vocab.getty.edu/aat/300423336,yes,
0.38,one_sided,jehlice,teater,2383,dress pin,1788,šperk,Artefact,teater:1788,"jednoduchá ozdoba, určená ke spínání oděvu či upevnění účesu a opatřená různě tvarovanou, prostou či ozdobnou hlavicí. Přinejmenším už eneolit znal jehlice vyráběné z kosti nebo parohu, pak i měděné, od starší doby bronzové postupně převážily jehlice bronzové (někdy s ouškem k upevnění - ochraně před ztrátou, v mladších obdobích ojediněle i se zvláštním chráničem hrotu), vzácné jsou zlaté nebo zlatem plátované kusy. Délka jehlice bývá různá, od několika cm až po exempláře dlouhé téměř 50 cm, takže mohly sloužit i jako zbraň. V halštatu jejich užívání a rozmanitost postupně klesá po nástupu účinnější a ozdobnější spony. Lit.: *Říhovský 1979.* (ks, ms)",,pin,Nadel (e),https://teater.aiscr.cz/id/2383,8) Předmět > šperk,,,
0.4,agreeing,herní předmět,amcr,HES-000681,game equipment,predmet_druh,predmet_druh,Artefact,heslar:predmet_druh,,,,,https://api.aiscr.cz/id/HES-000681,herní předmět,http://vocab.getty.edu/aat/300419973,yes,
0.4,agreeing,herní předmět,amcr,HES-000859,game equipment,predmet_druh_kat,predmet_druh_kat,Artefact,heslar:predmet_druh_kat,,,,,https://api.aiscr.cz/id/HES-000859,,http://vocab.getty.edu/aat/300419973,,
0.4,agreeing,herní předmět,teater,1964,gaming item,1788,herní předmět,Artefact,teater:1788,,,,Spielzeug (s),https://teater.aiscr.cz/id/1964,8) Předmět,,,
0.4,none,kultovní areál,amcr,HES-000019,ritual site,areal,areal,Activity Area,heslar:areal,samostatný kultovní areál,,,,https://api.aiscr.cz/id/HES-000019,kultovní areál,,yes,
0.4,none,kultovní areál,amcr,HES-000086,ritual site,areal_kat,areal_kat,Activity Area,heslar:areal_kat,,,,,https://api.aiscr.cz/id/HES-000086,,,,
0.4,none,kultovní areál,teater,1303,cult area,1267,kultovní areál,Activity Area,teater:1267,,,,Kultbereich (r),https://teater.aiscr.cz/id/1303,6) Areál aktivity,,,
0.4,one_sided,otloukač,amcr,HES-000656,hammerstone,predmet_druh,predmet_druh,Artefact,heslar:predmet_druh,,,,,https://api.aiscr.cz/id/HES-000656,nástroj hrubý,http://vocab.getty.edu/aat/300024854,yes,
0.4,one_sided,otloukač,teater,2127,percussor,1788,nástroj,Artefact,teater:1788,"kámen (nejspíše valoun či oblázek, též hlíza či surovinové jádro, úlomek horniny) užívaný jako nástroj při výrobě kamenné industrie, zejména při odrážení úštěpů od jader a otloukání, resp. přitloukání artefaktů do žádaného tvaru, nebo při úpravě polotovarů kamenných broušených artefaktů . Na povrchu nese zhmožděniny po úderech, nejspíše na hrotu či užší straně. Ve stejné funkci mohly působit poškozené a druhotně upravené kusy kamenné broušené industrie.",,"hammerstone, percussion implement, percussor",Schlagstein (e),https://teater.aiscr.cz/id/2127,8) Předmět > nástroj,,,
0.41,one_sided,vodoteč,amcr,HES-000474,riverine water bodies,objekt_druh,objekt_druh,Feature,heslar:objekt_druh,,,,,https://api.aiscr.cz/id/HES-000474,přírodní útvar,http://vocab.getty.edu/aat/300132312,yes,
0.41,one_sided,vodoteč,teater,1686,water channel,1481,přírodní útvar,Feature,teater:1481,,,,Wasserkanal (r),https://teater.aiscr.cz/id/1686,7) Objekt > přírodní útvar,,,
0.44,none,žároviště,amcr,HES-000463,burned layer,objekt_druh,objekt_druh,Feature,heslar:objekt_druh,,,,,https://api.aiscr.cz/id/HES-000463,vrstva/souvrství,,,
0.44,none,žároviště,teater,1759,cremation place,1481,vrstva (objekt),Feature,teater:1481,,,,Ustrinum (s),https://teater.aiscr.cz/id/1759,7) Objekt > vrstva (objekt),,yes,
0.45,none,povrchový sběr,amcr,HES-001050,surface collection survey,akce_typ,akce_typ,Methods,heslar:akce_typ,,,,,https://api.aiscr.cz/id/HES-001050,výzkum povrchové vrstvy,,yes,
0.45,none,povrchový sběr,teater,116,fieldwalking survey,102,archeologické výzkumy,Methods,teater:102,"Identifikace komponent pomocí povrchového výskytu předmětů, tj. povrchový sběr, je v našich podmínkách možná jen v zemědělsky obdělávané krajině. Povrchové nálezy jsou výsledkem destrukce podpovrchových archeologických situací orbou, předměty z trvanlivých materiálů však mohou indikovat i areály aktivit, po kterých nezůstaly žádné podpovrchové stopy, přičemž může jít i o některé druhy ekofaktů (např. železářská struska). Povrchový sběr může mít mnoho variant a metodik. Kromě metody, která získává prvotní a víceméně orientační informaci (metoda „vyhledávání nalezišť“), můžeme rozlišovat metody vyhledávání komponent (např. sběr v liniích, úsekových liniích apod.) a metody jejich podrobnějšího výzkumu (od sběru ve čtvercové síti po mapování jednotlivých artefaktů). Při těchto postupech se může nejvíce uplatnit analytický postup, spočívající v rozdělení prostoru na malé části, jejich průzkumu stanovenou intenzitou a kvantitativním vyhodnocení.",,"field walking, surface collection",Oberflächenaufsammlungen (e),https://teater.aiscr.cz/id/116,2) Terénní metody > archeologické výzkumy > málo destruktivní metoda,,,
0.46,one_sided,portál,amcr,HES-000711,portal,predmet_druh,predmet_druh,Artefact,heslar:predmet_druh,,,,,https://api.aiscr.cz/id/HES-000711,architektonický článek,http://vocab.getty.edu/aat/300076641,yes,
0.46,one_sided,portál,teater,1596,doorway,1481,konstrukční prvek,Feature,teater:1481,,,doorways,Portal (s),https://teater.aiscr.cz/id/1596,7) Objekt > konstrukční prvek,,,
0.46,one_sided,portál,teater,1805,portal,1788,architektonický článek,Artefact,teater:1788,,,portals; doorways,Portal (s),https://teater.aiscr.cz/id/1805,8) Předmět > architektonický článek,,,
0.47,none,železářský areál,amcr,HES-000031,iron production site,areal,areal,Activity Area,heslar:areal,,,,,https://api.aiscr.cz/id/HES-000031,areál nezemědělské výroby,,yes,
0.47,none,železářský areál,teater,1283,iron works,1267,areál nezemědělské výroby,Activity Area,teater:1267,,,,Eisenhütte (e),https://teater.aiscr.cz/id/1283,6) Areál aktivity > areál nezemědělské výroby,,,
0.47,one_sided,cisterna,amcr,HES-000445,cistern,objekt_druh,objekt_druh,Feature,heslar:objekt_druh,,,,,https://api.aiscr.cz/id/HES-000445,zahloubený objekt,http://vocab.getty.edu/aat/300052558,yes,
0.47,one_sided,cisterna,teater,1772,water tank,1481,zahloubený objekt,Feature,teater:1481,"cisterna (lat.), nádrž, obyčejně z cihel pokrytých betonovým povlakem, do níž se chytala dešťová voda zejména tam, kde byl nedostatek vody pramenité. V řec. domě bývala krytá *c.* na sloupech pod peristylem, v řím. domě v atriu pod impluviem. Zejm. veřejné *c-ny* byly pečlivě upravovány: aby se dešťová voda čistila od prachu v ní obsaženého, probíhala několika místnostmi, a jak se její rychlost zmírňovala, nečistota se usazovala. Zachovaná *c.* ve Firmu (dn. Fermo) v Picenu se skládá z řady klenutých síní (plocha 9 x 6 m, v. 5,20 m), rozdělených ve směru vertikálním ve dvě poschodí nad sebou. Z horního poschodí přetékala voda do dolního a tam protékala obloukovými přechody z místnosti do místnosti. Podobný systém býval zřizován pro vodu pramenitou (např. *Aqua Virgo* na mons Pincius na sev. Říma ústila do *c-ny* složené ze čtyř klenutých místností, z nichž dvě a dvě byly vždy umístěny nad sebou). *C-ny* pro dešťovou vodu byly někdy zachovány i při zřízení vodovodu a užilo se jich jako vodojemů pro vodu pramenitou (např. v Kartágu, kde vodovod zřídil císař Hadrianus).",,cistern,Zisterne (e),https://teater.aiscr.cz/id/1772,7) Objekt > zahloubený objekt,,,
0.48,none,pražnice,amcr,HES-000771,frying pan,predmet_druh,predmet_druh,Artefact,heslar:predmet_druh,,,,,https://api.aiscr.cz/id/HES-000771,nádoba,,yes,
0.48,none,pražnice,teater,2069,baking tray,1788,nádoba,Artefact,teater:1788,"(pekáč) - hrubší nádoba s nízkými stěnami kolem velké plochy rovného dna; sloužila nejspíše k sušení a pražení obilného zrna, nejméně od mladší doby bronzové. (ks)",,frying pan,Röstpfanne (e),https://teater.aiscr.cz/id/2069,8) Předmět > nádoba,,,
0.48,none,bašta,amcr,HES-000528,wall tower,objekt_druh,objekt_druh,Feature,heslar:objekt_druh,,,,,https://api.aiscr.cz/id/HES-000528,ohrazení/fortifikace,,yes,
0.48,none,bašta,teater,1621,fortified tower,1481,opevnění,Feature,teater:1481,,,rampart; ramparts,Bastei (e),https://teater.aiscr.cz/id/1621,7) Objekt > opevnění,,,
0.5,one_sided,cedník,amcr,HES-000682,colander,predmet_druh,predmet_druh,Artefact,heslar:predmet_druh,,,,,https://api.aiscr.cz/id/HES-000682,nádoba,http://vocab.getty.edu/aat/300200469,yes,
0.5,one_sided,cedník,teater,2034,strainer,1788,nádoba,Artefact,teater:1788,,,strainers,Siebgefaß (s),https://teater.aiscr.cz/id/2034,8) Předmět > nádoba,,,
0.5,agreeing,pohřební areál,amcr,HES-000025,burial site,areal,areal,Activity Area,heslar:areal,prostor výhradně či převážně užívaný k pohřbívání,,,,https://api.aiscr.cz/id/HES-000025,pohřební areál,http://vocab.getty.edu/aat/300387004,yes,
0.5,agreeing,pohřební areál,amcr,HES-000087,burial site,areal_kat,areal_kat,Activity Area,heslar:areal_kat,,,,,https://api.aiscr.cz/id/HES-000087,,http://vocab.getty.edu/aat/300387004,,
0.5,agreeing,pohřební areál,teater,1407,funeraly area,1267,pohřební areál,Activity Area,teater:1267,,,,Bestatungzone (e),https://teater.aiscr.cz/id/1407,6) Areál aktivity,,,
0.5,one_sided,popelnice,amcr,HES-000726,urn,predmet_druh,predmet_druh,Artefact,heslar:predmet_druh,,,,,https://api.aiscr.cz/id/HES-000726,nádoba,http://vocab.getty.edu/aat/300124808,yes,
0.5,one_sided,popelnice,teater,2068,cinerary urn,1788,nádoba,Artefact,teater:1788,"nádoba určená k uložení spálených pozůstatků zemřelého. Popelnice byly zhotovovány z různých materiálů (keramika, kámen, alabastr, sklo, kovy). Obsah popelnic je možné nedestruktivně dokumentovat rentgenem nebo tomografií počítačovou (CT).",urna,,Aschenurne (e),https://teater.aiscr.cz/id/2068,8) Předmět > nádoba,,,
0.5,one_sided,potrubí,amcr,HES-000741,plumbing pipe,predmet_druh,predmet_druh,Artefact,heslar:predmet_druh,,,,,https://api.aiscr.cz/id/HES-000741,stavební/spojovací prvek,http://vocab.getty.edu/aat/300430511,yes,
0.5,one_sided,potrubí,teater,2350,pipe,1788,stavební prvek,Artefact,teater:1788,,,pipe (architectural),Wasserleitung (e),https://teater.aiscr.cz/id/2350,8) Předmět > stavební prvek,,,
0.5,one_sided,udidlo,amcr,HES-000672,bridle bit,predmet_druh,predmet_druh,Artefact,heslar:predmet_druh,,,,,https://api.aiscr.cz/id/HES-000672,postroj/doprava,http://vocab.getty.edu/aat/300248085,yes,
0.5,one_sided,udidlo,teater,1903,bit,1788,doprava,Artefact,teater:1788,"pevná část uzdy k ovládání jezdeckého nebo tažného koně. Jeho hlavní částí je udítko, jednodílné (pevné) či dvojdílné (lomené - obě poloviny spojeny očky), vložené do tlamy koně; k němu jsou po stranách připevněny kroužky na upevnění otěží a dále buď menší roubíky pro stabilizaci polohy (udidlo stíhlové), nebo postranice přenášející tah otěží na udidlo. Z nejstarších období jezdectví známe jen postranice, které se od eneolitu vyráběly z parohu či kosti. V halštatské době (od thrácko-kimmerijského horizontu) se objevuje bronzové a pak železné udítko stíhlové. Jednodílná udidla byla nadále opatřena postranicemi, nyní také kovovými. Lit.: *AVC 1959.* (ks)",,bits,Trense (e),https://teater.aiscr.cz/id/1903,8) Předmět > doprava > koňský postroj,,,
0.5,one_sided,výšinné sídliště,amcr,HES-000069,hill settlement,areal,areal,Activity Area,heslar:areal,"vyčleněno polohou, potenciálně zvláštní funkce/komunita",,,,https://api.aiscr.cz/id/HES-000069,sídliště,http://vocab.getty.edu/aat/300387315,yes,
0.5,one_sided,výšinné sídliště,teater,1456,hill-top site,1267,sídliště,Activity Area,teater:1267,"na rozdíl od častějšího sídliště nížinného (resp. rovinného) je umístěno ve výrazné vyvýšené poloze na izolovaném koci, na ostrožně, terénním bloku, je tedy obvykle alespoň ze dvou , ale spíše ze tří stran zřetelně převýšeno nad okolním terénem; méně typická je poloha na okraji náhorní plošiny. Je buď otevřené nebo hrazené - druhý z obou typů se objevuje na Moravě už od starší fáze moravské malované keramiky (Křepice), v Čechách snad v závěru kultury s lineární keramikou (šárecký stupeň) a zřetelně v pozdně lengyelském horizontu (Chrudim, Topol). Nejtypičtějším obdobím hrazených výšinných sídlišť je pak konec staršího a střední eneolit. Rozdíl mezi hrazeným výšinným sídlištěm a hradiskem je spíše relativní: výšinné sídliště je především sídlištěm, jeho hrazení bývá jen jednoduché (palisáda, příkop) a jeho účel nemusí být primárně obranný, zejména pokud má více vstupů a jiné obranně nevýhodné charakteristiky. Jeho plocha je obvykle malá, nejde tedy o refugium. K druhotným funkcím výšinného sídliště, zejména v eneolitu, lze počítat ochranu počínající kumulace majetku obyvatelské skupiny před okolními skupinami či nepřítelem, chráněné soustředění určitých specializovaných, resp. ritualizovaných výrobních činností (např. rané metalurgie), opěrný bod dálkového směnného obchodu, případně další mocenské či kultovní účely jako u hradiska. Poznání podoby a funkcí výšinného sídliště bývá však ztíženo tím, že jeho využitelná plocha je omezená a její opakované využívání stíralo stopy předchozích lidských činností. Lit.: *JMV 73/1990, AR 43/1991, AP 13/1997, 51/1999, Pavlů (red.) 2000, Zápotocký 2000.* (ks)",,,Höhensiedlung (e),https://teater.aiscr.cz/id/1456,6) Areál aktivity > sídliště,,,
0.5,none,zákop,amcr,HES-000535,trench,objekt_druh,objekt_druh,Feature,heslar:objekt_druh,,,,,https://api.aiscr.cz/id/HES-000535,ohrazení/fortifikace,,yes,
0.5,none,zákop,teater,1641,trench (zákop/Graben),1481,opevnění,Feature,teater:1481,,,trench; trenchs,Graben (r) (zákop/trench),https://teater.aiscr.cz/id/1641,7) Objekt > opevnění,,,
0.51,agreeing,areál nezemědělské výroby,amcr,HES-000078,production site,areal,areal,Activity Area,heslar:areal,samostatný areál nezemědělské výroby,,,,https://api.aiscr.cz/id/HES-000078,areál nezemědělské výroby,http://vocab.getty.edu/aat/300004531,yes,
0.51,agreeing,areál nezemědělské výroby,amcr,HES-000088,production site,areal_kat,areal_kat,Activity Area,heslar:areal_kat,,,,,https://api.aiscr.cz/id/HES-000088,,http://vocab.getty.edu/aat/300004531,,
0.51,agreeing,areál nezemědělské výroby,teater,1275,non-agricultural production area,1267,areál nezemědělské výroby,Activity Area,teater:1267,,,,nichtlandwirtschaftliche Produktionsfläche (e),https://teater.aiscr.cz/id/1275,6) Areál aktivity,,,
0.53,none,náhrobek,teater,1667,gravestone,1481,pohřební objekt,Feature,teater:1481,"náhrobek. V *Řecku* doby mykénské stávaly na hrobech původně stély (na výšku postavené ploché kameny), později byly budovány kupolové náhrobní stavby (hrobky); v 10.-7. stol. př. n. l. stávaly na hrobech hliněné nádoby (krátéry) s otvorem ve dně, do kterých se nalévaly obětní tekutiny pro mrtvého; nejdokonalejší náhrobní vázy z 8. stol. př. n. l. byly zdobeny výjevy z pohřbu zesnulého (vázy řecké). V archaické i klasické době (7 .-4. stol. př. n. l.) byly stavěny též mohyly, nejobvyklejším *n-bkem* v Řecku však byly kamenné stély, někdy se zobrazením pozůstalých; nápisy na nich obsahují obyč. jen jméno zesnulého. Honosnější *n-bky* se nevyskytují, výjimkou je M. Asie, kde bývaly zřizovány i velké náhrobní stavby (hrobky). *Římské n-bky* se často stavěly podél cest, měly různé tvary (oltáře, sloupy, chrámky apod.), bývaly opatřeny napisem s údaji o životě a smrti zesnulého a jménem osoby, která dala *n.* zřídit. První monumentální náhrobní stavby v Římě vznikaly koncem 1. stol. př. n. l., z pozdější doby pocházejí velká okrouhlá mausolea císařů (mausóleion). V pozdní době císařské se rozšířilo užívání sarkofágů s reliéfní výzdobou.",náhrobník,tombstones,Grabmal (s),https://teater.aiscr.cz/id/1667,7) Objekt > pohřební objekt,,yes,
0.53,none,náhrobek,teater,2313,tombstone,1788,součást hrobu,Artefact,teater:1788,,náhrobník,gravestone; tombstones,Grabstein (r),https://teater.aiscr.cz/id/2313,8) Předmět > součást hrobu,,,
0.53,none,řetízek,amcr,HES-000756,chain necklace,predmet_druh,predmet_druh,Artefact,heslar:predmet_druh,,,,,https://api.aiscr.cz/id/HES-000756,ozdoba,,yes,
0.53,none,řetízek,teater,2401,chain,1788,šperk,Artefact,teater:1788,,,,Kette (e),https://teater.aiscr.cz/id/2401,8) Předmět > šperk,,,
0.53,agreeing,kost,amcr,HES-000753,single bone,predmet_druh,predmet_druh,Artefact,heslar:predmet_druh,,,,,https://api.aiscr.cz/id/HES-000753,ekofakt,,,
0.53,agreeing,kost,amcr,HES-000939,bone,objekt_specifikace,objekt_specifikace,Material,heslar:objekt_specifikace,,,,,https://api.aiscr.cz/id/HES-000939,těžený/zpracovávaný materiál,http://vocab.getty.edu/aat/300011798,yes,
0.53,agreeing,kost,amcr,HES-000985,bone,predmet_specifikace,predmet_specifikace,Material,heslar:predmet_specifikace,,,,,https://api.aiscr.cz/id/HES-000985,zlomek kosti,http://vocab.getty.edu/aat/300011798,,
0.53,agreeing,kost,teater,2476,bone,2430,materiál objektu/předmětu,Material,teater:2430,"patří vedle kamene a dřeva k nejstarším známým surovinám pro výrobu artefaktů; do jejího rámce lze přičíst i paroh, mamutovinu, zuby či lastury (např. spondylové). Tvrdá surovina se obtížně opracovává, proto slouží spíše vcelku, jen s drobnými zásahy (hrot vzniklý štípáním dlouhé kosti a případným dobrušováním - prvními dokonalejšími příklady jsou mladopaleolitické hroty typu Mladeč, ze štěpiny broušením vyrobená jehla, ozdoby, drobné skulptury, brusle), méně často byla měkčena a řezána či vrtána; zdobena byla převážně rytím. To se týká vesměs kostí zvířecích: lidské kosti byly rozbíjeny při antropofagických rituálech, ale dále neopracovány až na drobné (destičky vyříznuté z lebek při trepanaci - rondely) či sporné ('číše' z lidské lebky - Habrůvka/Býčí skála) výjimky. Lit.: *AR 32/1980, Kaván 1981, SKLENÁŘ, Karel, 2000. *Archeologický slovník. Část 4, Kostěné artefakty*. Praha: Národní muzeum. Hašek - Nekuda - Unger 2001b.* (ks)",,bones,Knochen (r),https://teater.aiscr.cz/id/2476,9) Materiálové specifikace > materiál objektu/předmětu,,,
0.53,one_sided,prsten,amcr,HES-000669,finger ring,predmet_druh,predmet_druh,Artefact,heslar:predmet_druh,,,,,https://api.aiscr.cz/id/HES-000669,ozdoba,http://vocab.getty.edu/aat/300046012,yes,
0.53,one_sided,prsten,teater,2397,ring,1788,šperk,Artefact,teater:1788,"prsten (řec. *sfrágís*, lat. *anulus* nebo *annulus*), zhotovovaný ze zlata, stříbra, bronzu, jantaru, slonoviny, ale také ze železa různou technikou a zdobený rytým nebo broušeným kamenem (glyptika), se v antice nosil jako šperk již od doby krétské (Kréta) a mykénské kultury. Od počátku měl také funkci pečetidla. V Římě byl pečetní *p.* v dávných dobách železný, teprve řec. vlivem (od 3. stol. př. n. l.) začali senátoři a po nich jezdci nosit zlatý *p.* (*anulus* nebo *annulus aureus*) jako odznak příslušnosti ke stavu. Vedle těchto *p-ů* se ještě rozeznával *p.* kněží a vojenských hodnostářů. Zásnubní *p-y* byly bez kamene a ze železa. Pův. se *p.* nosil na prsteníku, okolo rozhraní letopočtu na libovolném prstě i *p-y* na několika prstech, popř. několik prstenů na jednom.",,finger ring; rings,Figerring (r),https://teater.aiscr.cz/id/2397,8) Předmět > šperk,,,
0.54,agreeing,konstrukční prvek,amcr,HES-000491,architectural element,objekt_druh,objekt_druh,Feature,heslar:objekt_druh,,,,,https://api.aiscr.cz/id/HES-000491,konstrukční prvek,http://vocab.getty.edu/aat/300000885,yes,
0.54,agreeing,konstrukční prvek,amcr,HES-000573,architectural element,objekt_druh_kat,objekt_druh_kat,Feature,heslar:objekt_druh_kat,,,,,https://api.aiscr.cz/id/HES-000573,,http://vocab.getty.edu/aat/300000885,,
0.54,agreeing,konstrukční prvek,teater,1579,construction element,1481,konstrukční prvek,Feature,teater:1481,,,,Bauelement (s),https://teater.aiscr.cz/id/1579,7) Objekt,,,
0.55,none,gombík,amcr,HES-000693,spherical button,predmet_druh,predmet_druh,Artefact,heslar:predmet_druh,,,,,https://api.aiscr.cz/id/HES-000693,ozdoba,,yes,
0.55,none,gombík,teater,2382,button,1788,šperk,Artefact,teater:1788,"kulovitý měděný, bronzový, stříbrný nebo zlatý předmět sestavený ze dvou vytepaných polokoulí s malým kruhovitým ouškem (předchůdce knoflíku). Povrch některých gombíků bývá postříbřen nebo pozlacen. Gombíky jsou bohatě zdobeny rytím, filigránem, granulací či tepanými ornamenty (rostlinné, geometrické, zvířecí motivy). Gombíky byly nošeny v páru, popřípadě v párech, sloužily jako šperk i účelová součást oděvu ve velkomoravském období.",,,Knopf (r),https://teater.aiscr.cz/id/2382,8) Předmět > šperk,,,
0.55,agreeing,malta,amcr,HES-000910,mortar,objekt_specifikace,objekt_specifikace,Material,heslar:objekt_specifikace,,,,,https://api.aiscr.cz/id/HES-000910,těžený/zpracovávaný materiál,http://vocab.getty.edu/aat/300014741,yes,
0.55,agreeing,malta,amcr,HES-000992,mortar,predmet_specifikace,predmet_specifikace,Material,heslar:predmet_specifikace,,,,,https://api.aiscr.cz/id/HES-000992,,http://vocab.getty.edu/aat/300014741,,
0.55,agreeing,Malta,amcr,HES-001366,Malta,zeme,zeme,Cultural & Geographic Context,heslar:zeme,,,,,https://api.aiscr.cz/id/HES-001366,,,,
0.55,agreeing,malta,teater,2499,mortar,2430,materiál objektu/předmětu,Material,teater:2430,stavební materiál tvořený hašeným vápnem a pískem nebo štěrkem. Od neolitu byla používána ke stavebním účelům. Lze ji studovat řadou instrumentálních metod.,,,Mörtel (r),https://teater.aiscr.cz/id/2499,9) Materiálové specifikace > materiál objektu/předmětu,,,
0.55,conflicting,vejce,amcr,HES-000646,eggshell,predmet_druh,predmet_druh,Artefact,heslar:predmet_druh,,,,,https://api.aiscr.cz/id/HES-000646,ekofakt,http://vocab.getty.edu/aat/300191893,yes,
0.55,conflicting,vejce,amcr,HES-000956,egg,objekt_specifikace,objekt_specifikace,Material,heslar:objekt_specifikace,,,,,https://api.aiscr.cz/id/HES-000956,těžený/zpracovávaný materiál,http://vocab.getty.edu/aat/300011801,,
0.55,conflicting,vejce,amcr,HES-001020,egg,predmet_specifikace,predmet_specifikace,Material,heslar:predmet_specifikace,,,,,https://api.aiscr.cz/id/HES-001020,vejce,http://vocab.getty.edu/aat/300011801,,
0.55,conflicting,vejce,teater,1951,egg,1788,ekofakt,Artefact,teater:1788,,,eggs,Ei (s),https://teater.aiscr.cz/id/1951,8) Předmět > ekofakt,,,
0.55,none,pastvina/louka,amcr,HES-000038,pasture/meadow,areal,areal,Activity Area,heslar:areal,,,,,https://api.aiscr.cz/id/HES-000038,areál zemědělské výroby,,yes,
0.55,none,pastvina/louka,amcr,HES-000244,pasture topsoil,nalezove_okolnosti,nalezove_okolnosti,Finds Context,heslar:nalezove_okolnosti,,,,,https://api.aiscr.cz/id/HES-000244,,,,
0.56,none,Libye,amcr,HES-001308,Libya,zeme,zeme,Cultural & Geographic Context,heslar:zeme,,,,,https://api.aiscr.cz/id/HES-001308,,,yes,
0.56,none,Libye,teater,4056,Ancient Libya,2557,historické oblasti a státní útvary,Cultural & Geographic Context,teater:2900,"Libyá, řecké jméno pro část Afriky známou ve starověku. Název pochází od hamitského kmene Libyů, kteří žili záp. od Nilu a již. od Kyrény. V archaické době pokládali Řekové *L-yi* za asijský poloostrov, k němuž nepočítali Egypt a Aithiopii; teprve od 5. stol. př. n. l. se pokládala *L.* za samostatný světadíl (hranicí byla dn. Suezská šíje). Podrobnější zprávy o této oblasti pocházejí až zřím. doby, kdy se pro ni začalo užívat názvu Afrika.",Libyá,,Libya (Geographie) (s),https://teater.aiscr.cz/id/4056,10) Pomocně-historická hesla > historické oblasti a státní útvary,,,
0.56,one_sided,val,amcr,HES-000534,rampart,objekt_druh,objekt_druh,Feature,heslar:objekt_druh,,,,,https://api.aiscr.cz/id/HES-000534,ohrazení/fortifikace,http://vocab.getty.edu/aat/300002505,yes,
0.56,one_sided,val,teater,1638,rampart (val/Wall),1481,opevnění,Feature,teater:1481,"1.) pozůstaky lineárních násypů, zaniklých nadzemních částí opevnění, přičemž jednoduché násypy (včetně příkopu) jsou známé od neolitu; od doby bronzové byly stavěny v kombinaci dřeva, hlíny a kamene (první vyšší zdi, obvykle na čele hlinitodřevěného tělesa valu); 2.) archeologické objekty, které vznikly destrukcí někdejších hradeb.",,rampart,Wall (r),https://teater.aiscr.cz/id/1638,7) Objekt > opevnění,,,
0.57,none,kamenné jádro,amcr,HES-000776,stone core,predmet_druh,predmet_druh,Artefact,heslar:predmet_druh,,,,,https://api.aiscr.cz/id/HES-000776,ekofakt,,yes,
0.57,none,kamenné jádro,teater,1919,core,1788,ekofakt,Artefact,teater:1788,,,,Kernstein (r),https://teater.aiscr.cz/id/1919,8) Předmět > ekofakt,,,
0.57,none,loch,amcr,HES-000487,larder (cellar),objekt_druh,objekt_druh,Feature,heslar:objekt_druh,,,,,https://api.aiscr.cz/id/HES-000487,zahloubený objekt,,yes,
0.57,none,loch,teater,1777,larder,1481,zahloubený objekt,Feature,teater:1481,,,larders,Vorratskammer (e),https://teater.aiscr.cz/id/1777,7) Objekt > zahloubený objekt,,,
0.57,one_sided,rybník,amcr,HES-000055,pond,areal,areal,Activity Area,heslar:areal,,,,,https://api.aiscr.cz/id/HES-000055,vodní dílo,http://vocab.getty.edu/aat/300008688,yes,
0.57,one_sided,rybník,teater,1480,fish ponds,1267,vodní stavba,Activity Area,teater:1267,,,ponds,Fischteich (r),https://teater.aiscr.cz/id/1480,6) Areál aktivity > vodní stavba,,,
0.57,one_sided,studna,amcr,HES-000514,water well,objekt_druh,objekt_druh,Feature,heslar:objekt_druh,,,,,https://api.aiscr.cz/id/HES-000514,zahloubený objekt,http://vocab.getty.edu/aat/300152327,yes,
0.57,one_sided,studna,teater,1783,well,1481,zahloubený objekt,Feature,teater:1481,"záměrně hloubená, dosud nejstarší ve střední Evropě, se objevila při neolitickém sídlišti u Mohelnice, z téhož období pochází nález z Mostu, v době bronzové vznikla studna objevená u Moravičan. Studna musí dosahovat pod úroveň hladiny spodní vody, proto bývá i několik metrů hluboká; její stěny vyztužuje čtyřhranné dřevěné roubení nebo třeba dutý kmen listnatého stromu, svisle usazený na její dno. Studna je v nálezech z dob před vznikem měst vzácná, protože nemusela být přímo na sídlišti. Obsahuje však zpravidla řadu nálezů z doby svého zániku (předtím bývala čištěna) a postupného zaplňování, navíc její vlhké prostředí výjimečně konzervuje předměty z organických látek (textil, kůže, stromová kůra). - Blízká ke studně je cisterna (nádrž vytesaná do skalního podloží k zadržení srážkové vody), vyskytující se na hradištích (Černovice, Zářecká Lhota), její datování a interpretace však nebývají snadné. Lit.: *AR 53/2001.* (ks)",,wells,Brunnen (r),https://teater.aiscr.cz/id/1783,7) Objekt > zahloubený objekt,,,
0.59,none,erozní rýha,amcr,HES-000471,gully/ravine,objekt_druh,objekt_druh,Feature,heslar:objekt_druh,,,,,https://api.aiscr.cz/id/HES-000471,přírodní útvar,,yes,
0.59,none,erozní rýha,teater,1681,gully,1481,přírodní útvar,Feature,teater:1481,,,,Wasserrinne (e),https://teater.aiscr.cz/id/1681,7) Objekt > přírodní útvar,,,
0.59,one_sided,přechovávaná přírodnina,amcr,HES-000643,natural object,predmet_druh,predmet_druh,Artefact,heslar:predmet_druh,,,,,https://api.aiscr.cz/id/HES-000643,ekofakt,http://vocab.getty.edu/aat/300404125,yes,
0.59,one_sided,přechovávaná přírodnina,teater,1944,handled natural product,1788,ekofakt,Artefact,teater:1788,,,,Gehandhabtes Naturprodukt (s),https://teater.aiscr.cz/id/1944,8) Předmět > ekofakt,,,
0.6,one_sided,kultura Retz-Bajč-Křepice,amcr,HES-000367,Retz-Bajč-Křepice (Furchenstich) Culture,obdobi,obdobi,Chronology,heslar:obdobi,,,,,https://api.aiscr.cz/id/HES-000367,starší eneolit,http://n2t.net/ark:/99152/p0wctqtgnpb,yes,
0.6,one_sided,kultura Retz-Bajč-Křepice,teater,1123,Retz-Bajč-Křepice,1050,periodizace dějin,Chronology,teater:1050,,,Retz-Bajč-Křepice (Furchenstich) culture,Retzer Kulturgruppe (e),https://teater.aiscr.cz/id/1123,5) Chronologie > periodizace dějin > archeologická periodizace > eneolit > časný eneolit,,,
0.6,none,komunita (sociologie),teater,562,community,288,příbuzné obory,Related Disciplines & Society,teater:288,,,communities; communities (sociology),Gemeinschaft (e),https://teater.aiscr.cz/id/562,4) Hraniční obory a přidružené obory > příbuzné obory > etnologie,,yes,
0.6,none,komunita (sociologie),teater,3552,community (sociology),3549,obecná hesla (společnost),Related Disciplines & Society,teater:3549,,,communities; communities (sociology),Gemeinden (e) (Soziologie),https://teater.aiscr.cz/id/3552,12) Společnost > obecná hesla (společnost),,,
0.61,agreeing,otopné zařízení,amcr,HES-000421,heating equipment,objekt_druh,objekt_druh,Feature,heslar:objekt_druh,,,,,https://api.aiscr.cz/id/HES-000421,otopné zařízení,http://vocab.getty.edu/aat/300163292,yes,
0.61,agreeing,otopné zařízení,amcr,HES-000580,heating equipment,objekt_druh_kat,objekt_druh_kat,Feature,heslar:objekt_druh_kat,,,,,https://api.aiscr.cz/id/HES-000580,,http://vocab.getty.edu/aat/300163292,,
0.61,agreeing,otopné zařízení,teater,1643,heating facility,1481,otopné zařízení,Feature,teater:1481,"topení. Nejrozšířenějším topeništěm po celý stv. byl krb. Vyvinul se z ohniště a sloužil hlavně k přípravě pokrmů. U Řeků stával v megaru, v řím. domě byl v atriu (dům [1; 3]). Kouř z krbu odcházel otvorem ve stropě. Na ohřívání rukou a pro vytápění menších místností se používalo kovových nebo hliněných pánví, popř. přenosných kamínek; topilo se v nich dřevěným uhlím, které vydává méně kouře než dřevo. Tato kamínka - často bohatě umělecky zdobená - mívala rozličné tvary. V jejich horní části býval někdy zasazen kotlík na ohřívání vody. Na zač. 1. stol. př. n. l. vynalezl v Římě C. Sergius Orata topení horkým vzduchem - *hypocaustum* (z řec. *hypo* = pod, *kaustos* = spálený), ‘spodní topení‘. V místnosti vytápěné tímto nejst. ústředním topením spočívala podlaha na cihlových sloupcích 80-100 cm nad zemí. Horký vzduch a kouřové plyny z topeniště, které bylo pod úrovní podlahy vně místnosti, procházely pod podlahou a vyhřívaly mísrnost zespodu. Potom stoupaly prostorem mezi dvěma zdmi nebo kanálky z dutých cihel jako komínem nad střechu. Takto se zprvu vytápěly hlavně lázně, později se hypocaustum zavádělo i do obytných domů, zvl. v sev. provinciích. U nás se z něho zachovaly zbytky na Mušově a na Stupavě. Jako topiva se používalo ve stv. dřeva a dřevěného uhlí, které se pálilo v milířích podobným zpúsobem jako někde ještě dnes. Význam hnědého uhlí, rašeliny a antracitu byl zcela nepatrný. O kamenném uhlí nelze s jistotou říci, zda bylo ve stv. známo.",,,Heizvorrichtung (e),https://teater.aiscr.cz/id/1643,7) Objekt,,,
0.62,agreeing,vápno,amcr,HES-000955,quicklime,objekt_specifikace,objekt_specifikace,Material,heslar:objekt_specifikace,,,,,https://api.aiscr.cz/id/HES-000955,těžený/zpracovávaný materiál,http://vocab.getty.edu/aat/300011740,yes,
0.62,agreeing,vápno,amcr,HES-001019,quicklime,predmet_specifikace,predmet_specifikace,Material,heslar:predmet_specifikace,,,,,https://api.aiscr.cz/id/HES-001019,,http://vocab.getty.edu/aat/300011740,,
0.62,agreeing,vápno,teater,2548,lime,2430,materiál objektu/předmětu,Material,teater:2430,"oxid vápenatý, pálené vápno, žíravé vápno (CaO). Vyrábí se tepelným rozkladem přírodního vápence při teplotách nad 800 °C, kdy se uhličitan vápenatý rozkládá na oxid vápenatý a oxid uhličitý. Zachovává tvar původních vápencových kusů, je však porézní a lehčí. Reakcí s vodou vzniká hašené vápno (hašení vápna), tj. hydroxid vápenatý Ca(OH)2 (vápenný hydrát). Již ve starověku byly rozeznány jeho dezinfekční účinky a například v době morových ran bylo vápno používáno k zasypávání pohřbených těl.",,,Kalk (r),https://teater.aiscr.cz/id/2548,9) Materiálové specifikace > materiál objektu/předmětu,,,
0.62,none,areál jiné aktivity,amcr,HES-000056,other site,areal,areal,Activity Area,heslar:areal,,,,,https://api.aiscr.cz/id/HES-000056,areál jiné aktivity,,yes,
0.62,none,areál jiné aktivity,amcr,HES-000095,other site,areal_kat,areal_kat,Activity Area,heslar:areal_kat,,,,,https://api.aiscr.cz/id/HES-000095,,,,
0.62,none,areál jiné aktivity,teater,1268,other activity area,1267,areál jiné aktivity,Activity Area,teater:1267,,,,sonstige Tätigkeitsbereiche,https://teater.aiscr.cz/id/1268,6) Areál aktivity,,,
0.62,none,navážka,amcr,HES-000457,backfill,objekt_druh,objekt_druh,Feature,heslar:objekt_druh,,,,,https://api.aiscr.cz/id/HES-000457,vrstva/souvrství,,yes,
0.62,none,navážka,teater,1754,landfill,1481,vrstva (objekt),Feature,teater:1481,,,landfills; backfill,Verfüllung (e),https://teater.aiscr.cz/id/1754,7) Objekt > vrstva (objekt),,,
0.62,none,plech,amcr,HES-000680,metal sheet,predmet_druh,predmet_druh,Artefact,heslar:predmet_druh,,,,,https://api.aiscr.cz/id/HES-000680,funkčně neurčený předmět,,yes,
0.62,none,plech,teater,1962,sheet,1788,funkčně nespecifikovaný předmět,Artefact,teater:1788,"polotvar vzniklý vytepáním z kusu kovu; v terminologii se objevuje pouze, pokud nelze určit, z jakého typu předmětu plech pochází",,sheets,Blech (s),https://teater.aiscr.cz/id/1962,8) Předmět > funkčně nespecifikovaný předmět,,,
0.64,none,neurčený areál,amcr,HES-000060,unspecified site,areal,areal,Activity Area,heslar:areal,"areál, jehož původní funkci nelze určit",,,,https://api.aiscr.cz/id/HES-000060,neurčený areál,,yes,
0.64,none,neurčený areál,amcr,HES-000096,unspecified site,areal_kat,areal_kat,Activity Area,heslar:areal_kat,,,,,https://api.aiscr.cz/id/HES-000096,,,,
0.64,none,neurčený areál,teater,1406,area of unspecified activity,1267,neurčený areál,Activity Area,teater:1267,,,,nicht spezifizierte Areal (s),https://teater.aiscr.cz/id/1406,6) Areál aktivity,,,
0.64,none,Palestina,amcr,HES-001368,"Palestine, State of",zeme,zeme,Cultural & Geographic Context,heslar:zeme,,,,,https://api.aiscr.cz/id/HES-001368,,,yes,
0.64,none,Palestina,teater,4078,Palestine,2557,historické oblasti a státní útvary,Cultural & Geographic Context,teater:2900,"Palestina (hebrejsky *Pelešeth*), původně označení pobřežního území na západ od  Judeje, obydleného Filištíny (Pelišty); již Assyřaně tak označovali i Judeu, Řekově přenesli název na celé území mezi jižními výběžky Libanonu a Antilibanonu, Středozemním mořem, Sinajským poloostrovem, Mrtvým mořem a Jordánem. Později bylo pod pojem *P.* zahrnuto i vých. Jordánsko. V řím. době císařské se pro celé toto území užívalo i jména Judea.","Palestina, Palaestina","Palestine, Historic Palestine, Balesitan, Land of Palestine, Filasṭīn, Felesteen, Palestina, Palæstina, Filistin, Palastine, Palestine region, Western Palestine, Region of Palestine, Falasteen, Land of Israel, Holy Land, Promised Land",Palästina (s),https://teater.aiscr.cz/id/4078,10) Pomocně-historická hesla > historické oblasti a státní útvary,,,
0.65,agreeing,přírodní útvar,amcr,HES-000470,natural landform,objekt_druh,objekt_druh,Finds Context,override:amcr:HES-000470,,,,,https://api.aiscr.cz/id/HES-000470,přírodní útvar,http://vocab.getty.edu/aat/300266060,yes,
0.65,agreeing,přírodní útvar,amcr,HES-000582,natural landform,objekt_druh_kat,objekt_druh_kat,Feature,heslar:objekt_druh_kat,,,,,https://api.aiscr.cz/id/HES-000582,,http://vocab.getty.edu/aat/300266060,,
0.65,agreeing,přírodní útvar,teater,1680,natural feature,1481,přírodní útvar,Feature,teater:1481,,,,natürliche Formation (e),https://teater.aiscr.cz/id/1680,7) Objekt,,,
0.65,one_sided,vodovod,amcr,HES-000518,water supply pipe,objekt_druh,objekt_druh,Feature,heslar:objekt_druh,,,,,https://api.aiscr.cz/id/HES-000518,inženýrské sítě,http://vocab.getty.edu/aat/300432673,yes,
0.65,one_sided,vodovod,teater,1578,water pipeline,1481,inženýrská síť,Feature,teater:1481,"vodovod (lat. aquaeductus). U Řeků pocházejí vyvinutější formy vodovodu z 6. stol. př. n. 1. Proslulý vodovod vybudoval na ostrově Samu tyran Polykratés; voda byla vedena hliněnými rourami, jež procházely v jedné části tunelem, dlouhým 1 km a vysokým 1,75 m. Stejně starý byl Peisistratův podzemní klenutý vodovod v Athénách. Jiný athénský vodovod dal vybudovat v 2. stol. n. 1. císař Hadrianus. Z hellénistické doby jsou vodovody v Mílétu a zvláště dobrý v Priéně, kde byla voda rozváděna až do domů. — Vynikajícími staviteli vodovodů byli Římané. V 3. stol. n. 1. bylo v Římě 11 velkých vodovodů, z toho 5 už z doby republikánské (nejstarší pocházel z r. 312 př. n. 1.). Nejlepší vodu dodávaly vodovod Marciův (délka asi 90 km) a Claudiův (asi 70 km), oba od údolí Anienu. Také na venkově a v provinciích bylo dobře postaráno o pitnou vodu. Vedení bylo často velmi dlouhé, např. v Karthágině 132 km. Dálkové vedení šlo buď pod zemí nebo po povrchu; voda tekla samospádem, a proto musely být zřizovány buď tunely a průkopy, nebo vodovod veden po obloukových mostech (přes údolí a řeky). Existovaly také filtrační stanice a na konci vodovodu bývala zásobní nádrž (castellum). Nejlépe zachované vodovodní mosty jsou u města Nîmes (Pont du Gard, dlouhý 269 m, vysoký 77 m, 3 řady arkád nad sebou), ve Španělsku v Segovii a u Tarragony. Vodovody města Říma Frontinus.",,water supply systems,Wasserleitung (e),https://teater.aiscr.cz/id/1578,7) Objekt > inženýrská síť,,,
0.67,one_sided,hřivna,amcr,HES-000829,ingot,predmet_druh,predmet_druh,Artefact,heslar:predmet_druh,,,,,https://api.aiscr.cz/id/HES-000829,nehotový výrobek/polotovar,http://vocab.getty.edu/aat/300137865,yes,
0.67,one_sided,hřivna,teater,2303,ring ingot,1788,polotovar,Artefact,teater:1788,"původně kovový polotovar (obvykle měď, bronz, olovo, stříbro, železo) shodné velikosti a tvaru, distribuovaný k dalšímu zpracování. Hřivny mohly sloužit i jako předmincovní platidla (například štíhlé sekerky s otvorem a stabilní váhou na Velké Moravě). Odtud i hřivna (též marka) jako jednotka váhy, resp. měnová jednotka (poprvé doložena ve Skandinávii k roku 865, kdy měla hmotnost 210 g). Od 50. let 20. století byly hřivny z barevných kovů podrobovány spektrálním analýzám za účelem zjištění jejich provenience.",,,Barren (r),https://teater.aiscr.cz/id/2303,8) Předmět > polotovar,,,
0.67,one_sided,kovárna,amcr,HES-000546,blacksmith,objekt_druh,objekt_druh,Feature,heslar:objekt_druh,,,,,https://api.aiscr.cz/id/HES-000546,objekt/stopa výroby,http://vocab.getty.edu/aat/300025313,yes,
0.67,one_sided,kovárna,teater,1765,blacksmiths workshop,1481,výrobní objekt,Feature,teater:1481,,,smithery,Schmiede (e),https://teater.aiscr.cz/id/1765,7) Objekt > výrobní objekt,,,
0.67,one_sided,malakofauna,amcr,HES-000777,mollusca,predmet_druh,predmet_druh,Artefact,heslar:predmet_druh,,,,,https://api.aiscr.cz/id/HES-000777,ekofakt,http://vocab.getty.edu/aat/300266510,yes,
0.67,one_sided,malakofauna,teater,1924,mollusca remains,1788,ekofakt,Artefact,teater:1788,,,,Molluskenfauna (e),https://teater.aiscr.cz/id/1924,8) Předmět > ekofakt,,,
0.67,one_sided,pevnost,amcr,HES-000043,fortress,areal,areal,Activity Area,heslar:areal,,,,,https://api.aiscr.cz/id/HES-000043,areál vojenských aktivit,http://vocab.getty.edu/aat/300006894,yes,
0.67,one_sided,pevnost,teater,1287,fort,1267,areál vojenských aktivit,Activity Area,teater:1267,"pevnost u Řeků se podobala středověkým hradům. Pevnosti stavěny na vrších a skalách hornatého terénu. Pradávná pevná města Mykény a Tíryns mají silné kamenné hradby s jedinou branou (osídleny v polovině 3. tisíciletí př. n. l.). Obrovské balvany kladeny bez malty tvoří tzv. kyklópské hradby. Hradby chránily nejen tzv. ‘palác’, ale i město rozkládající se pod hradem. Byly až 7 m silné a až 20 m vysoké. Vyšehrad (‘akropolis’ = město na výšině) byl budován v mnohých obcích doby historické, aby se sem uchýlili obyvatelé podhradí i obce při nepřátelském přepadu. Také athénská akropolis s chrámem Parthenónem je pevnost válečná. Od 6. stol. př. n. l. bývala opevňována i sama města kamenným nebo cihlovým pásmem hradeb se strážnými věžemi a obrannými cimbuřími. Themistoklés opevnil Athény (v 5. stol. př.n.l.) a za Periklea (v polovině 5. stol.) byly Athény spojeny s přístavem Peiraieem tzv. ‘dlouhými hradbami’. Od 4. stol. př. n. l. se městská citadela stala obranným bodem města. Jsou i jiné důmyslné systémy pevností a ochranných zdí, např. v Syrákúsách. palác.",vojenská pevnost,forts; fortresses,Festung (e),https://teater.aiscr.cz/id/1287,6) Areál aktivity > areál vojenských aktivit,,,
0.67,agreeing,písemnost,amcr,HES-000839,written document,predmet_druh,predmet_druh,Artefact,heslar:predmet_druh,,,,,https://api.aiscr.cz/id/HES-000839,písemnost,http://vocab.getty.edu/aat/300189226,yes,
0.67,agreeing,písemnost,amcr,HES-000854,written document,predmet_druh_kat,predmet_druh_kat,Artefact,heslar:predmet_druh_kat,,,,,https://api.aiscr.cz/id/HES-000854,,http://vocab.getty.edu/aat/300189226,,
0.67,agreeing,písemnost,teater,2181,document,1788,písemnost,Artefact,teater:1788,,,letters,Unterlagen (e),https://teater.aiscr.cz/id/2181,8) Předmět,,,
0.67,one_sided,rolnička,amcr,HES-000701,jingle bell,predmet_druh,predmet_druh,Artefact,heslar:predmet_druh,,,,,https://api.aiscr.cz/id/HES-000701,ozdoba,http://vocab.getty.edu/aat/300379261,yes,
0.67,one_sided,rolnička,teater,2399,jingle jangle,1788,šperk,Artefact,teater:1788,"především ozdoba oděvu či koňského postroje, užitá jako nášivka, návlečka, snad i závěsek. Litá či plechová, dutá, obvykle kulovitá (vzácněji hruškovitá), tělo opatřeno ouškem k připevnění a 1-2 šterbinami podélně proříznutými (jsou-li dvě, obvykle se kříží); rytá či žebrovaná výzdoba",,jingle bell,Schelle (e),https://teater.aiscr.cz/id/2399,8) Předmět > šperk,,,
0.67,one_sided,valoun,amcr,HES-000833,pebble,predmet_druh,predmet_druh,Artefact,heslar:predmet_druh,,,,,https://api.aiscr.cz/id/HES-000833,nehotový výrobek/polotovar,http://vocab.getty.edu/aat/300011691,yes,
0.67,one_sided,valoun,teater,2309,cobble,1788,polotovar,Artefact,teater:1788,"úlomek horniny, zaoblený a ohlazený během dlouhodobého transportu tekoucí vodou (menší, dokonale zaoblené kusy se označují jako oblázky). Valouny jsou významnou součástí terasových štěrků, z nichž byly v paleolitu i později získávány sběrem jako surovina pro kamennou štípanou industrii - viz valounové industrie, od neolitu případně i pro kamennou broušenou industrii nebo pro nástroje víceméně neopracované (mlaty). Vlivem přirozeného dlouhodobého opracování původního úlomku horniny v tekoucí vodě je však valoun jako surovina poněkud méně kvalitní než úlomek získaný přímo na výchozu téže horniny. Valouny mohly být užívány i jinak, např. k ohřívání tekutin ( tzv. vařicí kameny, rozpalované v ohni); zlomky kamenů rozpadlých působením ohně se označují jako termofrakty. (ks)",,pebble,Kiesel (r),https://teater.aiscr.cz/id/2309,8) Předmět > polotovar,,,
0.67,one_sided,železnice,amcr,HES-000050,railway,areal,areal,Activity Area,heslar:areal,,,,,https://api.aiscr.cz/id/HES-000050,komunikace,http://vocab.getty.edu/aat/300008591,yes,
0.67,one_sided,železnice,teater,1421,railroad,1267,pozemní komunikace (areály),Activity Area,teater:1267,,,railroads,Bahn (e),https://teater.aiscr.cz/id/1421,6) Areál aktivity > pozemní komunikace (areály),,,
0.68,none,národní kulturní památka,amcr,HES-000178,listed national monument,pamatkova_ochrana,pamatkova_ochrana,Location & Admin,heslar:pamatkova_ochrana,,,,,https://api.aiscr.cz/id/HES-000178,,,yes,
0.68,none,národní kulturní památka,teater,263,national cultural monument,140,památková péče,Location & Admin,teater:253,,,,nationale Kulturdenkmal (s),https://teater.aiscr.cz/id/263,3) Metody zpracování > památková péče > objekty (památková péče),,,
0.69,none,kulturní památka,amcr,HES-000177,listed monument,pamatkova_ochrana,pamatkova_ochrana,Location & Admin,heslar:pamatkova_ochrana,,,,,https://api.aiscr.cz/id/HES-000177,,,yes,
0.69,none,kulturní památka,teater,260,cultural monument,140,památková péče,Location & Admin,teater:253,"Jednotlivá archeologická naleziště mohou být prohlášena za kulturní památky různých stupňů (kulturní památka, národní kulturní památka, památková rezervace a zóna) a požívat zvýšenou míru ochrany. Archeologických kulturních památek však zatím bylo v ČR prohlášeno relativně málo (zhruba několik set z celkového množství desítek tisíc archeologických nalezišť).",,,Kulturdenkmal (s),https://teater.aiscr.cz/id/260,3) Metody zpracování > památková péče > objekty (památková péče),,,
0.69,agreeing,součást oděvu,amcr,HES-000674,costume component,predmet_druh,predmet_druh,Artefact,heslar:predmet_druh,,,,,https://api.aiscr.cz/id/HES-000674,součást oděvu,http://vocab.getty.edu/aat/300178802,yes,
0.69,agreeing,součást oděvu,amcr,HES-000857,costume component,predmet_druh_kat,predmet_druh_kat,Artefact,heslar:predmet_druh_kat,,,,,https://api.aiscr.cz/id/HES-000857,,http://vocab.getty.edu/aat/300178802,,
0.69,agreeing,součást oděvu,teater,2318,dress component,1788,součást oděvu,Artefact,teater:1788,,,,Trachtzubehör (s),https://teater.aiscr.cz/id/2318,8) Předmět,,,
0.7,none,dehtárna,amcr,HES-000079,tar kiln,areal,areal,Activity Area,heslar:areal,,,,,https://api.aiscr.cz/id/HES-000079,areál nezemědělské výroby,,yes,
0.7,none,dehtárna,teater,1276,tar kiln (area),1267,areál nezemědělské výroby,Activity Area,teater:1267,,,tar kiln,Teerbrennerei (e),https://teater.aiscr.cz/id/1276,6) Areál aktivity > areál nezemědělské výroby,,,
0.72,none,plošný odkryv,amcr,HES-001059,total excavation,akce_typ,akce_typ,Methods,heslar:akce_typ,,,,,https://api.aiscr.cz/id/HES-001059,terénní odkryv,,yes,
0.72,none,plošný odkryv,teater,105,open area excavation,102,archeologické výzkumy,Methods,teater:102,"terénní analýza archeologického pramene, jež zahrnuje odkrývání archeologických nálezových situací v terénu a fyzické vyzvedávání artefaktů ze země. Spolu s prospekcí je základem terénního archeologického výzkumu.",exkavace,area excavation,Flächenabdeckung (e),https://teater.aiscr.cz/id/105,2) Terénní metody > archeologické výzkumy > destruktivní metoda výzkumu,,,
0.72,conflicting,komunikace,amcr,HES-000006,transportation activity,aktivita,aktivita,Activity Area,heslar:aktivita,,,,,https://api.aiscr.cz/id/HES-000006,komunikace > cesta > most/brod > železnice,http://vocab.getty.edu/aat/300055244,,
0.72,conflicting,komunikace,amcr,HES-000047,transportation structure,areal,areal,Activity Area,heslar:areal,samostatný areál komunikace,,,,https://api.aiscr.cz/id/HES-000047,komunikace,http://vocab.getty.edu/aat/300120693,yes,
0.72,conflicting,komunikace,amcr,HES-000092,transportation structure,areal_kat,areal_kat,Activity Area,heslar:areal_kat,,,,,https://api.aiscr.cz/id/HES-000092,,http://vocab.getty.edu/aat/300120693,,
0.72,conflicting,komunikace,amcr,HES-000576,transportation structure,objekt_druh_kat,objekt_druh_kat,Feature,heslar:objekt_druh_kat,,,,,https://api.aiscr.cz/id/HES-000576,,http://vocab.getty.edu/aat/300120693,,
0.73,one_sided,brána,amcr,HES-000529,gate,objekt_druh,objekt_druh,Feature,heslar:objekt_druh,,,,,https://api.aiscr.cz/id/HES-000529,ohrazení/fortifikace,http://vocab.getty.edu/aat/300002916,yes,
0.73,one_sided,brána,teater,1623,gateway,1481,opevnění,Feature,teater:1481,"brána tvořila vstup do hradeb, někdy však sloužila spíše jen k ozdobě. K nejstarším patří „Lví brána“ v Mykénách (název podle reliéfu nad branou); pevnostní ráz měly dvě brány v Athénách, Dipylská a Svatá; poměrně dobře zachovaná je „Arkadská brána“ v Messéně na Peloponnésu. Z hellénistické doby jsou monumentální brány v Efesu a Mílétu, jimiž se vcházelo na agoru (mílétská je v muzeu v Berlíně). — Také Římané vynikli ve stavbě bran. Římské hradební brány mívaly 1—3 průchody, po stranách byly často zesíleny čtverhrannými, oblými nebo polygonálními věžemi. Nejozdobnější z těchto bran měly nahoře arkádové loggie nebo 1—2 řady arkádových oken nad sebou; nosné pilíře byly zdobeny sloupy, reliéfy a plastikami. Ze zachovaných bran vyniká Augustova brána v Nîmes, brána Saint André v Autun, Porta Palatina v Turíně, Porta Maggiore v Římě, Porta dei Borsari ve Veroně, Porta Gemina v Pulji a zejména Porta Nigra v Trevíru (vesměs s 2 průchody); tři průchody, zdobené korintskými sloupy, má „Porte de Mars“ v Remeši; nádherná byla též Hadrianova brána v Athénách (vstup do nové čtvrti) a brána na fórum v africké Sufetule.",,gate; gateways,Tor (s),https://teater.aiscr.cz/id/1623,7) Objekt > opevnění,,,
0.73,none,Itálie,amcr,HES-001319,Italy,zeme,zeme,Cultural & Geographic Context,heslar:zeme,,,,,https://api.aiscr.cz/id/HES-001319,,,yes,
0.73,none,Itálie,teater,4029,Italia,2557,historické oblasti a státní útvary,Cultural & Geographic Context,teater:2900,"Italia, zčešť. Itálie, jméno země označující původně jen jižní část dnešní Kalábrie, teprve od poloviny 3. stol. př. n. I. značilo celý poloostrov Apeninský. Pověsti odvozují název od krále Itala, snad souvisí s řec. *italos*, lat. *vitulus* mladý býk, tele, tedy označení podle zaměstnání obyvatel, Italiků. Jiné jméno je Hesperia (tj. západní země vzhledem k Řecku), nebo podle domnělých praobyvatel Ausonů - Ausonia. Sjednocování početných kmenů pod panstvím římským stálo mnoho bojů, jež vykrášlili kronikáři historiemi o statečných Římanech. V 5. a 4. století př. n. l. spojena zhruba Itálie střední, přičemž nejdéle vzdorovali obyvatelé hor samnitských a vysoce kulturní Etruskové. Teprve potom připojovány kmeny jižní Itálie, ale jejich vlastenecký vzdor, živený ostatně i řeckými osadami, neustával dlouho. Ještě v letech 91 -89 zažili Římané nebezpečnou vzpouru ve *válce spojenecké*. Itálie pak měla v klasické době rozsah od severní říčky Rubikonu až k úžině Messinské na jihu. Severní kraje, obývané Kelty, patřily k Itálii až od Caesara a Augusta. Od 1. st. př. n. l. se dělila na Ligurii, Gallii předpádskou a zapádskou, Venetii, Etrurii, Umbrii, Picenum, Campanii, Calabrii, Latium, Samnium, Apulii, Lucanii a Bruttium. Geograficky k ní náležejí Sicilia, Sardinia a Corsica. Císař Dioklecián (284- 305) organizoval Itálii jako *diecézi* (dioecesis); císař Konstantin (305- 337) učinil Itálii, spojenou se zeměmi alpskými a s Afrikou, jednou ze čtyř *praefektur* (praefectura). Tak pozbyla Itálie svého ústředního postavení v říši, jež by jí bylo za dalších válečných událostí jen ke škodě ještě větší. Také Rím dostal po ztrátě svého významu nástupce ve městech Miláně a Ravenně. I tak považovali zejména germánští nájezdníci zpustošení Itálie za dovršení svého vítězství nad říší římskou.","Itálie, Italia",,Italia (s),https://teater.aiscr.cz/id/4029,10) Pomocně-historická hesla > historické oblasti a státní útvary,,,
0.73,none,městský palác,amcr,HES-000016,town palace,areal,areal,Activity Area,heslar:areal,,,,,https://api.aiscr.cz/id/HES-000016,sídlo elity,,yes,
0.73,none,městský palác,teater,1435,city palace,1267,sídlo elity,Activity Area,teater:1267,,,,Stadtpalast (r),https://teater.aiscr.cz/id/1435,6) Areál aktivity > sídlo elity,,,
0.74,none,makrozbytková analýza,amcr,HES-000620,macroremains analysis,posudek_typ,posudek_typ,Methods,heslar:posudek_typ,"Metoda zabývající se rostlinnými makrozbytky (semena, plody, plévy, sláma, listy atd.) v archeologických kontextech.",,,,https://api.aiscr.cz/id/HES-000620,bioarcheologie,,yes,
0.74,none,makrozbytková analýza,teater,159,macro - residual analysis,140,"analýzy, posudky (metody spracování)",Methods,teater:140,"typ archeobotanické analýzy, která se zabývá vyhledáváním, separací, determinací makrozbytků rostlinných (semena, plody, plevy, zbytky vegetativních orgánů: sláma, listy, jehlice) z rozličných archeologických kontextů. Informace, získané touto analýzou, poskytuji zejména podklad pro paleoekonomické a paleoekologické interpretace. Sleduje sortiment užitkových rostlin (sbíraných, pěstovaných), potraviny (obilniny, luštěniny, ovoce, zelenina, koření), léčivky, technické plodiny (textil, rohože, košíky), krmivo pro zvířata (seno, letnina, lesní pastva), stavební materiály (krytina, organická součást mazanice, izolační materiály), rituální použití rostlin atd. Umožňuje studium predindustriálních archaických zemědělských systémů (např. žárové, přílohové zemědělství) a agrotechnických postupů (např. jaře, ozimy, hnojení pozemků, způsoby sklizně a čištění hospodářských plodin). Pomocí prostorové analýzy rostlinných makrozbytků rozlišujeme jednotlivé funkční zóny (odpadní, komunikační, zásobní, výrobní) v rámci studované sídelní jednotky, sezónnost zdrojů, kvantitu a kvalitu rostlinných zdrojů (např. poměr mezi pěstovanými a sbíranými rostlinami), stupeň závislosti člověka na zdrojích rostlinného původu, rostlinné importy (informace o kulturních stycích apod.).",,,Analyse von Makroresten (e),https://teater.aiscr.cz/id/159,"3) Metody zpracování > analýzy, posudky (metody spracování)",,,
0.76,none,izolovaný pohřeb,amcr,HES-000026,isolated grave,areal,areal,Activity Area,heslar:areal,,,,,https://api.aiscr.cz/id/HES-000026,pohřební areál,,yes,
0.76,none,izolovaný pohřeb,teater,1409,isolated burial,1267,pohřební areál,Activity Area,teater:1267,,,,isolierte Bestattung (e),https://teater.aiscr.cz/id/1409,6) Areál aktivity > pohřební areál,,,
0.76,agreeing,pohřební objekt,amcr,HES-000426,funerary structure,objekt_druh,objekt_druh,Feature,heslar:objekt_druh,,,,,https://api.aiscr.cz/id/HES-000426,pohřební objekt,http://vocab.getty.edu/aat/300122208,yes,
0.76,agreeing,pohřební objekt,amcr,HES-000581,funerary structure,objekt_druh_kat,objekt_druh_kat,Feature,heslar:objekt_druh_kat,,,,,https://api.aiscr.cz/id/HES-000581,,http://vocab.getty.edu/aat/300122208,,
0.76,agreeing,pohřební objekt,teater,1649,funerary feature,1481,pohřební objekt,Feature,teater:1481,,,,Grabbeigaben (s),https://teater.aiscr.cz/id/1649,7) Objekt,,,
0.77,none,areál vojenských aktivit,amcr,HES-000041,military site,areal,areal,Activity Area,heslar:areal,,,,,https://api.aiscr.cz/id/HES-000041,areál vojenských aktivit,,yes,
0.77,none,areál vojenských aktivit,amcr,HES-000091,military site,areal_kat,areal_kat,Activity Area,heslar:areal_kat,,,,,https://api.aiscr.cz/id/HES-000091,,,,
0.77,none,areál vojenských aktivit,teater,1284,military area,1267,areál vojenských aktivit,Activity Area,teater:1267,,,,Militärgelände (s),https://teater.aiscr.cz/id/1284,6) Areál aktivity,,,
0.77,one_sided,kanalizace,amcr,HES-000464,sewer,objekt_druh,objekt_druh,Feature,heslar:objekt_druh,,,,,https://api.aiscr.cz/id/HES-000464,inženýrské sítě,http://vocab.getty.edu/aat/300006122,yes,
0.77,one_sided,kanalizace,teater,1574,sewerage,1481,inženýrská síť,Feature,teater:1481,"cloaca maxima (lat.) „největší stoka“ je div etruské techniky. Funguje dosud, ač je podle tradice původem z doby královské. V Římě tvořila odvodňovací systém bažinatého údolí ústící do Tiberu, postupně byla rozšiřována. Její zásluhou vznikla suchá plocha pro Forum Romanum.",,,Kanalisation (e),https://teater.aiscr.cz/id/1574,7) Objekt > inženýrská síť,,,
0.77,one_sided,místo výroby,amcr,HES-000544,production place,objekt_druh,objekt_druh,Feature,heslar:objekt_druh,,,,,https://api.aiscr.cz/id/HES-000544,objekt/stopa výroby,http://vocab.getty.edu/aat/300004531,yes,
0.77,one_sided,místo výroby,teater,1767,production site,1481,výrobní objekt,Feature,teater:1481,,,,Produktionsort (r),https://teater.aiscr.cz/id/1767,7) Objekt > výrobní objekt,,,
0.77,none,místo zpracování,amcr,HES-000543,processing place,objekt_druh,objekt_druh,Feature,heslar:objekt_druh,,,,,https://api.aiscr.cz/id/HES-000543,objekt/stopa výroby,,yes,
0.77,none,místo zpracování,teater,1768,processing site,1481,výrobní objekt,Feature,teater:1481,,,,Bearbeitungsort (s),https://teater.aiscr.cz/id/1768,7) Objekt > výrobní objekt,,,
0.79,none,milířiště,amcr,HES-000029,charcoal kiln,areal,areal,Activity Area,heslar:areal,,,,,https://api.aiscr.cz/id/HES-000029,areál nezemědělské výroby,,yes,
0.79,none,milířiště,teater,1277,charcoal kiln (area),1267,areál nezemědělské výroby,Activity Area,teater:1267,,,charcoal kiln,Kohlplatz (r),https://teater.aiscr.cz/id/1277,6) Areál aktivity > areál nezemědělské výroby,,,
0.8,one_sided,nůž,amcr,HES-000806,knife,predmet_druh,predmet_druh,Artefact,heslar:predmet_druh,,,,,https://api.aiscr.cz/id/HES-000806,nástroj jemný,http://vocab.getty.edu/aat/300024668,yes,
0.8,one_sided,nůž,teater,2123,knive,1788,nástroj,Artefact,teater:1788,"typ nástroje, charakterizovaný v zásadě delší rovnou řeznou hranou na čepeli. Objevuje se už v kamenné štípané industrii - od staršího paleolitu především jako nástroj úštěpový, ještě dosti hrubý, později jako čepelový s neupravovanou řeznou hranou a s přirozeným nebo retuší otupeným hřbetem; jeden typ nože dává v pozdním paleolitu název celé kulturní skupině obloukovitých nožíků. Ještě ve středním eneolitu se setkáme s kamenným nožem, ale v broušené podobě. Zvláštní formou v neolitu a eneolitu je pak žací nůž. Také bronzový nůž je vždy jednobřitý, buď s řapem pro nasazení dřevěné rukojeti, nebo litý i s rukojetí vcelku. Vyskytuje se od střední doby bronzové, od halštatu je i železný (první železné nožíky se objevily už v pozdní době bronzové - Hradec Králové, Nynice). Halštatská doba připojila k této skupině velký a těžký, obloukovitě prohnutý železný nůž - sekáč. Lit.: kámen: *AR 19/1967;* kov: *Říhovský 1972, Blažek - Smejtek 1993, AR 47/1995.* (ks)",nožík,knives,Messer (s),https://teater.aiscr.cz/id/2123,8) Předmět > nástroj,,,
0.82,none,fytolitová analýza,amcr,HES-000612,phytological analysis,posudek_typ,posudek_typ,Methods,heslar:posudek_typ,Metoda zabývající fytolity (vápenatými rostlinnými zbytky) v archeologických kontextech.,,,,https://api.aiscr.cz/id/HES-000612,bioarcheologie,,yes,
0.82,none,fytolitová analýza,teater,152,phytolith analysis,140,"analýzy, posudky (metody spracování)",Methods,teater:140,"metoda detekující praktiky zacházení s rostlinným materiálem, jež rekonstruuje typ vegetačního pokryvu v okolí sledovaných sídel. Fytolity se (podobně jako pyl) využívají jako vůdčí fosilie odrážející změny podmínek v čase, indikují staré dietetické a kulturní praktiky, slouží jako forenzní nástroje kriminalistiky a mohou indikovat rozdílné typy depozičních prostředí (např. sedimenty mořské versus terestrické). Na rozdíl od pylu se nezachovávají jen v anaerobním kyselém prostředí (typicky v rašeliništích), ale i ve většině méně extrémních podmínek, čehož se hojně využívá. Obecně má fylitová analýza s palynologií mnoho společného. Častým typem zkoumaných objektů jsou např. obilnice, tj. destruovaný pozůstatek sila, jehož výplň obsahuje uloženiny z doby současné nebo těsně následující po době existence sídliště. V takovém objektu se nachází statisticky významné množství fytolitu, které mohou rámcově ukázat skladbu rostlinného materiálu, s nímž bylo na sídlišti manipulováno. Vedle studia zahloubených objektů lze využít kulturních vrstev (tzv. životních horizontů), což jsou plošně rozsáhlé uloženiny, vznikající v obytných areálech zemědělských sídlišť pravěku a raného středověku. Síťovou metodou odebrané vzorky v okolí staveb napomáhají při řešení otázek mikrodistribuce různých manipulací s rostlinným materiálem. Další variantou jsou odběry vzorku přímo z kamenných zrnotěrek na obilí, v nichž se zachovávají fytolity pěstovaných cereálií ve vysokých koncentracích a v určitelném stavu. Po dekompozici nebo spálení rostlinného materiálu zůstávají fytolity (hlavně silikátové) v prakticky nezměněné podobě a dlouhodobě přetrvávají v půdě, sedimentech a dalších médiích jako záznam o existenci jejich matečných rostlin.",,,Phytolithenanalyse (e),https://teater.aiscr.cz/id/152,"3) Metody zpracování > analýzy, posudky (metody spracování)",,,
0.83,none,hráz,amcr,HES-000493,embankment/dam,objekt_druh,objekt_druh,Feature,heslar:objekt_druh,,,,,https://api.aiscr.cz/id/HES-000493,konstrukční prvek,,yes,
0.83,none,hráz,teater,1582,embankment,1481,konstrukční prvek,Feature,teater:1481,,,dikes (engineering),Damm (r),https://teater.aiscr.cz/id/1582,7) Objekt > konstrukční prvek,,,
0.84,agreeing,areál zemědělské výroby,amcr,HES-000036,agricultural production site,areal,areal,Activity Area,heslar:areal,areál pěstování plodin a chovu zvěře,,,,https://api.aiscr.cz/id/HES-000036,areál zemědělské výroby,http://vocab.getty.edu/aat/300004895,yes,
0.84,agreeing,areál zemědělské výroby,amcr,HES-000090,agricultural production site,areal_kat,areal_kat,Activity Area,heslar:areal_kat,,,,,https://api.aiscr.cz/id/HES-000090,,http://vocab.getty.edu/aat/300004895,,
0.84,agreeing,areál zemědělské výroby,teater,1293,agriculture production area,1267,areál zemědělské výroby,Activity Area,teater:1267,,,,Baukomplexe der Landwirtschaft (e),https://teater.aiscr.cz/id/1293,6) Areál aktivity,,,
0.84,none,nadkomunitní areál,amcr,HES-000011,supracommunity site,areal,areal,Activity Area,heslar:areal,(sídlištní) areál sloužící více komunitám či jejich interakci,,,,https://api.aiscr.cz/id/HES-000011,nadkomunitní areál,,yes,
0.84,none,nadkomunitní areál,amcr,HES-000084,supracommunity site,areal_kat,areal_kat,Activity Area,heslar:areal_kat,,,,,https://api.aiscr.cz/id/HES-000084,,,,
0.84,none,nadkomunitní areál,teater,1352,supracommunity area,1267,nadkomunitní areál,Activity Area,teater:1267,,,,Supra Gemeindegebiet (s),https://teater.aiscr.cz/id/1352,6) Areál aktivity,,,
0.85,none,milíř,amcr,HES-000554,charcoal kiln,objekt_druh,objekt_druh,Feature,heslar:objekt_druh,,,,,https://api.aiscr.cz/id/HES-000554,pyrotechnologické zařízení,,yes,
0.85,none,milíř,teater,1695,charcoal pile,1481,pyrotechnické zařízení,Feature,teater:1481,,,charcoal kiln,Meiler (r),https://teater.aiscr.cz/id/1695,7) Objekt > pyrotechnické zařízení,,,
0.85,none,součást vozu,amcr,HES-000703,cargo vehicle component,predmet_druh,predmet_druh,Artefact,heslar:predmet_druh,,,,,https://api.aiscr.cz/id/HES-000703,postroj/doprava,,yes,
0.85,none,součást vozu,teater,1914,vehicle component,1788,doprava,Artefact,teater:1788,,,,Fahrzeug-Komponente (e),https://teater.aiscr.cz/id/1914,8) Předmět > doprava > vůz,,,
0.86,none,olej,teater,605,oil,288,příbuzné obory,Artefact,override:teater:605,,,oils,Öl (s),https://teater.aiscr.cz/id/605,4) Hraniční obory a přidružené obory > příbuzné obory > chemie > látky (chemie),,yes,
0.86,none,olej,teater,2424,oils,1788,zboží,Artefact,teater:1788,"olej byl znám ve starověku hlavně olivový, kromě toho í sézamový, ricinový, mandlový, ořechový aj. Olejnaté plody se nejprve vymačkaly buď v mlýnku nebo na lisu pod menším tlakem, oddělila se jádra a zbytek se vytlačil na lisu pod větším tlakem. *O-e* se používalo k přípravě pokrmů místo másla a jiných tuků, dále ke svícení, v lékařství, k masážím, k přípravě kosmetických prostředků, ke konzervaci dřeva, kovů a slonoviny, ke kalení. oceli, k ochraně proti hmyzu apod. K výrobě parfémů sloužil o. myrtový, růžový, fialkový, liliový aj. *O.* byl častým předmětem vývozu. Tak Athény vyvážely původně olivový o. do Itálie, Malé Asie, na Sicílii a do Pontu. V 1. stol. př. n. l. předčila všechny ostatní země kolem Středozemního moře vývozem *o-e* Itálie, brzy s ní však začaly konkurovat Hispánie, Galie a sev. Afrika.",,"oils, oil",Öl (s),https://teater.aiscr.cz/id/2424,8) Předmět > zboží,,,
0.86,one_sided,střešní krytina,amcr,HES-000815,roofing tile,predmet_druh,predmet_druh,Artefact,heslar:predmet_druh,,,,,https://api.aiscr.cz/id/HES-000815,stavební/spojovací prvek,http://vocab.getty.edu/aat/300010699,yes,
0.86,one_sided,střešní krytina,teater,2354,roof tile,1788,stavební prvek,Artefact,teater:1788,,,roofing materials,Dachziegel (r),https://teater.aiscr.cz/id/2354,8) Předmět > stavební prvek,,,
0.9,one_sided,letecký průzkum,amcr,HES-001045,aerial survey,akce_typ,akce_typ,Methods,heslar:akce_typ,,,,,https://api.aiscr.cz/id/HES-001045,nedestruktivní průzkum,http://vocab.getty.edu/aat/300226220,yes,
0.9,one_sided,letecký průzkum,teater,121,aerial surveying,102,archeologické výzkumy,Methods,teater:102,"nedestruktivní průzkumná technika zaměřená na objevování dosud neznámých, z úrovně zemského povrchu nepozorovatelných objektů i lokalit a dokumentování lokalit známých, na povrchu patrných, na objevování vztahů mezi nimi a komplexního obrazu osídlené krajiny v minulosti. Provádí se ve větší míře posledních asi 50 let (u nás až po uvolnění v 90. letech) z letadel, dříve často i z balonů, pak z leteckých modelů a nověji také ze satelitů. Archeologicky nejúspěšnější je letecká fotografie ze šikmého pohledu při vhodném osvětlení krajiny, která zachycuje příznaky světelné (vyvýšený objekt vrhá stín), půdní či porostové (odlišná barevnost půdy či barva a vzrůst vegetace prozrazují objekty pod zemí) apod. Zjištěné příznaky je ovšem následně třeba ověřit geofyzikálním průzkumem a nakonec archeologickým terénním výzkumem. Lit.: *Deuel 1979, Pleslová-Stiková (red.) 1983, Gojda 1997, Podborský (red.) 2001, AR 38/1986, 48/1996, Fridrich (red.) 1994, Hašek - Nekuda - Unger 2001.* (ks)",,,Luftbildmessung (e),https://teater.aiscr.cz/id/121,2) Terénní metody > archeologické výzkumy > nedestruktivní metoda výzkumu > dálkový průzkum Země,,,
0.91,one_sided,klenba,amcr,HES-000495,vaults,objekt_druh,objekt_druh,Feature,heslar:objekt_druh,,,,,https://api.aiscr.cz/id/HES-000495,konstrukční prvek,http://vocab.getty.edu/aat/300001324,yes,
0.91,one_sided,klenba,teater,1585,vault,1481,konstrukční prvek,Feature,teater:1481,"klenba. Rekové znali jen klenbu nepravou, která vzniká tím způsobem, že každá výše položená vrstva poněkud přečnívá vrstvu spodní. Taková klenba je už např. nad vnitřním prostorem *Atreovy* hrobky v Mykénách. - Římané stavěli napřed také jen nepravé klenby (hlavně nad menšími prostory, jako byly hrobní komory, stoky, cisterny), později však začali budovat klenby pravé, vytvořené z kamenů nebo cihel, tvarovaných do klínu. Užívali tří druhů klenby: valené (poznali ji snad od Etrusků), křížové a kopulové, jež mistrně uplatnili zejména při velkých stavbách veřejných, jako byly chrámy, paláce, basiliky, amfiteátry, thermy, městské brány, mosty, vodovody aj. Přitom z masívního materiálu (kamene nebo cihel) byly pouze čelné a opěrné oblouky, kdežto vlastní klenbová plocha byla z betonu.",stropní klenba,arch; vaults (architecture),Gewölbe (s),https://teater.aiscr.cz/id/1585,7) Objekt > konstrukční prvek,,,
0.91,one_sided,pyl,amcr,HES-001007,polen,predmet_specifikace,predmet_specifikace,Material,heslar:predmet_specifikace,,,,,https://api.aiscr.cz/id/HES-001007,vzorek palynologický,http://vocab.getty.edu/aat/300213002,yes,
0.91,one_sided,pyl,teater,2533,pollen,2430,materiál objektu/předmětu,Material,teater:2430,"výtrusy samčích pohlavních orgánů rostlin vyvíjející se v prašníku tyčinek, na začátku vývoje jednobuněčné útvary (mikrospory) semenných rostlin. Nejčastěji jsou pylová zrna kulovitá, ale mají i jiné tvary. Pyly z minulých dob se dochovávají zejména ve vodnatých sedimentech a rašeliništích, ale někdy jsou i součástí arechologických nálezů (ekofakt). Jejich studiem se zabývá palynologie.",,,Pollen (r),https://teater.aiscr.cz/id/2533,9) Materiálové specifikace > materiál objektu/předmětu,,,
0.92,conflicting,rostlinné makrozbytky,amcr,HES-000644,plant macro-remain,predmet_druh,predmet_druh,Artefact,heslar:predmet_druh,,,,,https://api.aiscr.cz/id/HES-000644,ekofakt,http://vocab.getty.edu/aat/300375171,yes,
0.92,conflicting,rostlinné makrozbytky,amcr,HES-001009,plant macro-remains,predmet_specifikace,predmet_specifikace,Material,heslar:predmet_specifikace,,,,,https://api.aiscr.cz/id/HES-001009,rostlinné makrozbytky > vzorek paleobotanický,http://vocab.getty.edu/aat/300124117,,
0.92,conflicting,rostlinné makrozbytky,teater,1945,plant macro remains,1788,ekofakt,Artefact,teater:1788,,,,Pflanzen Makroreste (e),https://teater.aiscr.cz/id/1945,8) Předmět > ekofakt,,,
0.93,one_sided,amfora,amcr,HES-000652,amphorae,predmet_druh,predmet_druh,Artefact,heslar:predmet_druh,,,,,https://api.aiscr.cz/id/HES-000652,nádoba,http://vocab.getty.edu/aat/300148696,yes,
0.93,one_sided,amfora,teater,2030,amphora,1788,nádoba,Artefact,teater:1788,"(řec., z hlediska keramických termínů klasického starověku vlastně pseudoamfora) - v pravěké keramice v zásadě nádoba se dvěma (příp. čtyřmi) protilehlými uchy většími či malými na hrdle, na těle či na jejich přechodu, s baňatějším tělem a užším hrdlem. Různé formy amfor se vyskytují od neolitu, časté jsou v eneolitu (s velkým baňatým tělem a úzkým hrdlem), ve střední až pozdní době bronzové ('osudí' s vyšším hrdlem zhruba válcovitým, postupně konickým, ale i zaškrceným až do podoby dvou nádob na sobě - etážovitá amfora). Zvyk archeologů mluvit o 'bezuché amfoře' není správný, protože ucha jsou pro amforu typická; podobný tvar bez uch lze označit jako amforovitou nádobu. - Výjimečně se amfora vyskytne i v provedení z bronzového plechu v pozdní době bronzové. (ks)",,amphorae; amphoras,Amphora (e),https://teater.aiscr.cz/id/2030,8) Předmět > nádoba,,,
0.93,one_sided,náušnice,amcr,HES-000667,earring,predmet_druh,predmet_druh,Artefact,heslar:predmet_druh,,,,,https://api.aiscr.cz/id/HES-000667,ozdoba,http://vocab.getty.edu/aat/300045998,yes,
0.93,one_sided,náušnice,teater,2396,ear ring,1788,šperk,Artefact,teater:1788,"ozdoba ucha, upevněná zavěšením, u níž je ozdobná část upevněna na oblouku drátěného těla, příp. je část těla rozšířena v ozdobný článek. (Pokud ozdobná část vybíhá přímo z 1 konce otevřeného kroužku, jde terminologicky o záušnici.)",,earring; earrings,Ohrring (r),https://teater.aiscr.cz/id/2396,8) Předmět > šperk,,,
0.94,none,diatomární analýza,amcr,HES-000610,diatomic analysis,posudek_typ,posudek_typ,Methods,heslar:posudek_typ,Analýza přítomnosti rozsivek (diatoma) v zamokřených archeologických kontextech.,,,,https://api.aiscr.cz/id/HES-000610,bioarcheologie,,yes,
0.94,none,diatomární analýza,teater,146,diatom analysis,140,"analýzy, posudky (metody spracování)",Methods,teater:140,"Diatomy (rozsivky) jsou mikroskopické jednobuněčné řasy, které žijí v jezerech, rybnících, deltách řek a mořích. Jejich rozšíření je limitováno mnoha faktory, jako je např. kyselost, stupeň okysličení vody, minerální koncentrace a zejména teplota vody a slanost. Fosilní diatomy ukazují změny vodních hladin, teplotu vody nebo lokální aktivity v okolí vodní plochy (např. znečištění následkem lidské činnosti). Diatomy se rovněž používají při studiu změn hladiny moře (mořské a brakické transgrese), ve výzkumu kyselosti současných jezer apod. Pokud jsou izolovány z hlubokomořských vrtů, mohou společně s ostatními mořskými mikroorganismy sloužit jako základ paleooceánografických a paleoklimatických rekonstrukcí (Mackay 2003).",,,Analyse von Kieselalgen (e),https://teater.aiscr.cz/id/146,"3) Metody zpracování > analýzy, posudky (metody spracování)",,,
0.95,one_sided,brusle,amcr,HES-000743,ice skate,predmet_druh,predmet_druh,Artefact,heslar:predmet_druh,,,,,https://api.aiscr.cz/id/HES-000743,postroj/doprava,http://vocab.getty.edu/aat/300229602,yes,
0.95,one_sided,brusle,teater,1896,ice skates,1788,doprava,Artefact,teater:1788,"tradiční označení pro artefakt z dlouhé kosti (obvykle hovězí či koňské) se sbroušenou a vyhlazenou spodní plochou, příp. s otvory k přivázání na svrchní straně. Ve skutečnosti sloužil zřejmě jako skluznice malých saní nebo jako hladítko. Vyskytuje se snad už od středního eneolitu (Bánov) až do novověku. (ks)",sanice; skluznice,ice skate,Schlittschuh (r),https://teater.aiscr.cz/id/1896,8) Předmět > doprava,,,
0.95,none,škrabadlo,amcr,HES-000660,endscraper,predmet_druh,predmet_druh,Artefact,heslar:predmet_druh,,,,,https://api.aiscr.cz/id/HES-000660,nástroj hrubý,,yes,
0.95,none,škrabadlo,teater,2141,end scraper,1788,nástroj,Artefact,teater:1788,"typ v rámci kamenné štípané industrie, běžný od mladšího paleolitu po eneolit, ačkoli se vyskytuje už dříve: jemnější obdoba drasadla, vyrobená zpravidla na čepeli, nejčastěji retuší jednoho jejího konce (někdy obou); drobnější formy na úštěpu vznikly zejména v pozdním paleolitu a mezolitu. Pro některé kultury jsou typické určité formy, např. pro aurignacien masivnější a vysoké škrabadlo vyčnělé nebo kýlové, pro pozdní paleolit škrabadlo krátké na úštěpu. Předpokládá se hlavně jeho užití při zpracování kůží. (ks)",,,Kratzer (r),https://teater.aiscr.cz/id/2141,8) Předmět > nástroj,,,
0.96,one_sided,bojiště,amcr,HES-000042,battlefield,areal,areal,Activity Area,heslar:areal,,,,,https://api.aiscr.cz/id/HES-000042,areál vojenských aktivit,http://vocab.getty.edu/aat/300000835,yes,
0.96,one_sided,bojiště,teater,1285,battlefields,1267,areál vojenských aktivit,Activity Area,teater:1267,,,,Schlachtfeld (s),https://teater.aiscr.cz/id/1285,6) Areál aktivity > areál vojenských aktivit,,,
0.96,one_sided,vojenský tábor,amcr,HES-000046,military camp,areal,areal,Activity Area,heslar:areal,,,,,https://api.aiscr.cz/id/HES-000046,areál vojenských aktivit,http://vocab.getty.edu/aat/300000476,yes,
0.96,one_sided,vojenský tábor,teater,1291,military camps,1267,areál vojenských aktivit,Activity Area,teater:1267,"tábor si vojsko v antice budovalo buď jen na přechodnou dobu na pochodu, nebo si stavělo tábory stálé. Řekové stálé opevněné *t-y* neznali a u přechodných stavěli jen stráže, kdežto Římané je opevňovali a budovali podle přesných pravidel. Uzavřený opevněný *t.* (lat. *castra*) je římský výtvor (podle etruského vzoru). Římané stavěli zpravidla *t-y* obdélníkového tvaru, obehnané příkopem a náspem (opevnění), a to pokud možno na mírném svahu poblíž vody. Násep býval v rozích zaoblen a na ohrožených místech zesílen dřevěnými věžemi. Do *t-a* vedly 4 hlavní brány, umístěné zhruba uprostřed jeho stran a spojené v podélné ose *t-a* ulicí, prétorskou (*via praetoria*) a v kratší ose ulicí hlavní (*via principalis*). Na průsečíku těchto ulic bylo forum, na němž se vojáci shromažďovali k vyslechnutí rozkazů. Na foru stál též oltář a na straně odvrácené od nepřítele velitelský stan (*praetorium*) a správní a hosp. budova (*quaestorium*). Mezi forem a náspy byly umístěny jednotlivé oddíly, a to nejváženější nejblíže středu tábora. Mezi náspem a ubikacemi oddílů byl ponechán volný prostor na shromažďování vojáků, kořisti apod. *T.* střežily stráže, stavěné od západu do východu slunce čtyřikrát, tj. zhruba po 3 hodinách (podle stráží se dělila noc). Přechodné *t-y*, v nichž spali vojáci pod stany (většinou koženými), bývaly při odchodu zničeny. Stálé *t-y* zachovávaly zhruba stejný půdorys, ale hradby a budovy byly z cihel a kament; a *t.* byl vybaven vším, čeho bylo potreba k delšímu pobytu, tj. dílnami, nemocnicí, sklady, lázněmi, svatyněmi atd. Poblíž *t-a* byly stavěny amfiteátry a vznikala tam souvislá sídliště obchodníků, markytánů a rodin vojáků, tzv. *canabae*, poněvadž do *t-a* měli přístup jen vojáci. Od kanab, většinou provizorních baráků stojících na území náležejícím legii tak blízko *t-a*, jak jen to bylo možné připustit z vojenského hlediska, a podléhajících vojenské pravomoci, je nutno lišit civilní města, jež vznikala poněkud dále od *t-a*, právně zcela samostatná a vybavená postupně městským statutem (municipium). Stálé opevněné *t-y* byly rozloženy zvl. podél hranic řím. impéria (limes) a sídlily v nich hlavně legie; pomocné sbory (auxilia) a detašované oddíly byly umísťovány často v castellech. K nejvýznamnějším *t-ům* odkrytým v moderní době patří Carnuntum v Pannonii a Lambaesis v Africe. Na místě mnoha římských *t-ů*, popř. civilních měst s nimi sousedících, vznikala pak střv. města, např. Vídeň (Vindobona), Řezno (Castra Regina), Buda(pest) (Aquincum).",,,Militärlager (s),https://teater.aiscr.cz/id/1291,6) Areál aktivity > areál vojenských aktivit,,,
1.0,none,militaria,amcr,HES-000784,weapons and armour,predmet_druh,predmet_druh,Artefact,heslar:predmet_druh,,,,,https://api.aiscr.cz/id/HES-000784,militaria,,yes,
1.0,none,militaria,amcr,HES-000847,weapons and armour,predmet_druh_kat,predmet_druh_kat,Artefact,heslar:predmet_druh_kat,,,,,https://api.aiscr.cz/id/HES-000847,,,,
1.0,none,militaria,teater,1970,armour and weapons,1788,militaria,Artefact,teater:1788,"zbraně I. *Řekové* se chránili v boji nejprve velkým podlouhlým štítem, uprostřed poněkud zúženým, který kryl celou postavu. Proto stačilo, měl-li voják na hlavě přilbu (pův. koženou, později kovovou, chránící někdy i obličej, s hřebenem a chocholem). Teprve když se koncem doby homérské začalo užívat menšího okrouhlého štítu, bylo třeba chránit i ostatní tělo dvoudílným kovovým pancířem, nahrazeným později pro lepší možnost pohybu koženým kabátcem s kovovými šupinami. Slabiny byly kryty koženým pásem nebo zástěrkou, nebo byla dolní část chitónu pošita svislými kovovými pláty. Na nohou mezi kolenem a kotníky se upevňovaly holeně, kožené nebo kovové. Jako útočná zbraň sloužil dvousečný meč, zavěsený po levém boku, dýka a později i zakřivená šavle. Před vlastní bitvou se vrhaly oštěpy. Kopí měla v klas. době především jízda. Makedonskě vojsko užívalo zvl. dlouhého kopí, zv. sarissa. V bojích popisovaných Homérem se objevuje běžně i luk, prak, a dokonce i velké kameny házené ručně. Po vytvoření falangy těžkooděnců (taktika) zůstaly luky, praky apod. zbraní lehkooděnců. Prakem se metaly kameny nebo kusy olova ve tvaru kuliček a žaludů. Podobně jako pěší vojsko byly vyzbrojeny i lodní posádky, protože i na lodích (A) docházelo k boji zblízka. II. Výzbroj *římského* legionáře (legie) v klas. době se nelišila mnoho od řecké. Na hlavě měl legionář přilbu ze silného plechu, která někdy kryla i tváře; pancíř byl z tvrdé kůže, popř. z kovových šupin nebo řetízků, v bocích přepásán pásem, z něhož visely kožené pláty, chránící slabiny; štít byl většinou čtyřhranný, válcovitě prohnutý, ale i okrouhlý; na nohou měl legionář sandály se silnou podešví. Útočnou zbraní byl především krátký dvousečný meč a kopí dlouhé asi 2 m. Lehká pěchota neměla původně vůbec ochrannou zbroj, až později dostala lehký kulatý štít; v boji vrhala lehké oštěpy s dlouhým hrotem z měkkého železa, který se po zabodnutí ohnul. Zpravidla stejnou výzbroj jako ostatní vojáci, jen v lepším provedení, měli centurioni (centurio) a důstojníci.",,,Bewaffnung (e),https://teater.aiscr.cz/id/1970,8) Předmět,,,
