file_id,page,line,original_text,categ,quality_score,model_category,model_keywords_cs,candidate_terms,gold_category,gold_keywords_cs,annotator_note
CTX000000001,1,1,Výzkumná zpráva č. 1/2024 — Hradiště u Horní Mezí,Clear,0.9215,,,hradiště,,,
CTX000000001,1,2,Terénní výzkum provedl Jan Novotný v červnu 2024.,Clear,0.9302,,,,,,
CTX000000001,2,1,Nalezená keramika pochází z raného středověku.,Clear,0.9268,,,keramika; středověk,,,
CTX000000001,2,2,Výzkum byl financován z projektu DEMO.,Clear,0.9087,,,,,,
CTX000000002,1,1,HRADIŠTĚ U HORNÍ MEZÍ,Clear,0.9012,,,hradiště,,,
CTX000000002,1,2,Lokalita: okr. Horní Mezi,Clear,0.9,,,,,,
CTX000000002,1,3,Sonda II odkryla část valového tělesa.,Clear,0.9156,,,sonda,,,
CTX000000002,2,1,Eva Procházková dokumentovala nálezy.,Clear,0.9101,,,,,,
CTX000000002,2,2,rnn1 ww0rd vv_~~,Trash,0.3214,,,,,,
CTX000000002,2,3,,Empty,0.0,,,,,,
CTX000000002,3,1,Mocnost kulturní vrstvy činila 40 cm.,Clear,0.9,,,,,,
CTX000000002,3,2,qpqb dbqp uunn,Trash,0.2055,,,,,,
CTX000000002,4,1,Soubor nálezů byl uložen v depozitáři.,Clear,0.9143,,,,,,
CTX000000002,4,2,A123/2024,Non-text,0.0,,,,,,
CTX000000003,1,1,Náčrt sondy.,Noisy,0.8472,,,sonda,,,
CTX000000003,1,2,1998,Non-text,0.0,,,,,,
CTX192100040,2,1,STÁTNÍ ARCHAEOLOGICKÝ ÚSTAV ‘o/2/,Clear,0.8089,,,,,,
CTX192100040,2,2,"Došlo dne 6/,1921 Lodenice, dne 7.února 1921.",Clear,0.8108,,,,,,
CTX192100040,2,3,Počet příloh I,Clear,0.9626,,,,,,
CTX192100040,2,4,P. T. Pan,Non-text,0.0,,,,,,
CTX192100040,2,5,"Jos. A. Jíra ,",Noisy,0.7546,,,,,,
CTX192100040,2,6,konservátor pro Čechy v P r a z e 1,Noisy,0.5499,,,,,,
CTX192100040,2,7,,Empty,0.0,,,,,,
CTX192100040,2,8,K ct.dopisu Vašemu ze dne 31.XII.m.r.dovoluji si,Clear,0.8,,,,,,
CTX192100040,2,9,odpověděti trochu obšírněji:,Clear,0.9598,,,,,,
CTX192100040,2,10,"Směrem sev.záp.od městyse Loděnice,1 hod.cesty - vzdušnou",Clear,0.8448,,,loděnice,,,
CTX192100040,2,11,čarou as 4 km - za obcí Nenačovicemi při pravém břehu lodenického potoka,Clear,0.8639,,,as,,,
CTX192100040,2,12,"zv."" Kačák "" prostírají se v údolí luka a pole .Louka čí s. katastr. 222 jest",Noisy,0.7999,,,pole,,,
CTX192100040,2,13,majetkem velkostatku v Chrustenicích - pole s ní sousedící čís.kat.218 jest,Noisy,0.7999,,,velkostatek; pole,,,
CTX192100040,2,14,v majetku rolníka p.Rabocha z Nenačovic. _,Clear,0.8206,,,,,,
CTX192100040,2,15,Laskavostí tohoto pána bylo mi dovoleno již roku 1919 na,Clear,0.9514,,,,,,
CTX192100040,2,16,e •,Non-text,0.0,,,,,,
CTX192100040,2,17,"Poli $om zv. "" Holonohy "" kopati.Název tento upoutal moji pozornost nejen",Noisy,0.7815,,,pole,,,
CTX192100040,2,18,"svým jménem, nýbrž i lidovým podáním,které tvrdí,že v místech těchto stávala",Clear,0.9728,,,,,,
CTX192100040,2,19,"kdysi obec,která byla za válek husitských zničena.",Clear,0.935,,,,,,
CTX192100040,2,20,Pátral Jsem v první řadě po stříbrných penězích .které prý,Clear,0.9789,,,,,,
CTX192100040,2,21,"prý po dlouhé léta jmenovaný majetník vyorával, sám a děti poblíže pasoucí",Clear,0.9731,,,,,,
CTX192100040,2,22,"sbíral.Z těchto peněz viděl jsem pouze jeden kus,nebot ostatní z neznalosti'",Clear,0.9623,,,,,,
CTX192100040,2,23,,Empty,0.0,,,,,,
CTX192100040,2,24,byly pohozeny a jsou tudíž ztraceny.Počet Jich odhaduji více než na 100 kusí,Clear,0.951,,,,,,
CTX192100040,2,25,Dne 27.IX. 1919. šel Jsem odpoledne opět na toto pole a štast,Clear,0.9005,,,pole,,,
CTX192100040,2,26,nou náhodou jsem nalezl 1 peníz.Počal Jsem ihned pátrati na onom mistě a,Clear,0.939,,,,,,
CTX192100040,2,27,"při opatrném odhrabání asi 20 cm ornice nalezl jsem celé "" hnízdy n: na",Clear,0.858,,,ornice,,,
CTX192100040,2,28,hromádce bylo složeno celkem 120 kusů stříbrných těchto peržzů pouze v zemi.,Clear,0.9569,,,,,,
CTX192100040,3,1,. ■■ . . 4/2/ .,Non-text,0.0,,,,,,
CTX192100040,3,2,,Empty,0.0,,,,,,
CTX192100040,3,3,"Při nich ani kolem nebyla žádná nádoba,neb střepina.Byly tudí*",Clear,0.9101,,,nádoba,,,
CTX192100040,3,4,"uložony prostě v zemi.Ten den pršelo stále od rána tak,že peníze ty byly",Clear,0.9634,,,,,,
CTX192100040,3,5,"celé hlínou pomazané.Byly pa sobě složeny, takže jsem je musel jen nehtem",Clear,0.9341,,,hlína,,,
CTX192100040,3,6,"odlupovat*.bych je nepoškodil .Ještě dnes jsou hlinou znečistěný,neb neznám",Clear,0.9102,,,,,,
CTX192100040,3,7,"způsobu,Jak je očistiti,sniž by se setřela krásně zelená patina,která mnohé",Clear,0.9607,,,,,,
CTX192100040,3,8,"z nich pokrývá.Na straně Jedné Jest dvojocasý lev s vyplazeným Jazykem,na",Clear,0.9603,,,,,,
CTX192100040,3,9,"druhé koruna královská s nápisem kolem: WENZEZLAUS TERCLUS,",Clear,0.9525,,,,,,
CTX192100040,3,10,nad ním neznatelný nápis - snad Del gratia dux v .,Noisy,0.7999,,,,,,
CTX192100040,3,11,"Dle studia 11 Památek arch.a místopisných "" soudím, že jsou",Noisy,0.7807,,,,,,
CTX192100040,3,12,peníze tyto raženy za krále Václava IV:,Clear,0.9124,,,,,,
CTX192100040,3,13,"Dle "" Pamětí okresu Unhoštského * od Frt.Melichara,učitele",Noisy,0.7963,,,,,,
CTX192100040,3,14,měšt. školy z roku 1890 - Jiné prameny jsou mi zde nedostupné - byla již,Clear,0.8985,,,pramen,,,
CTX192100040,3,15,,Empty,0.0,,,,,,
CTX192100040,3,16,"vesnice "" Holonohy * v první polovici 14. století' zašlá str.154 ./.la str.253",Clear,0.8,,,vesnice,,,
CTX192100040,3,17,"jest psáno,že * dle urbáře kláštera Strahovského z r.1416. /Erben, Reg. 106/",Clear,0.8433,,,urbář; klášter,,,
CTX192100040,3,18,patřily ke zmíněnému klšteru z nynějšího okresu Unhoštského Úhonice s blíz-,Clear,0.982,,,,,,
CTX192100040,3,19,"skými Holonohy a Chýně. Na str.254 píše: "" v Holonozích byli dva lid",Clear,0.8961,,,,,,
CTX192100040,3,20,"z nichž jeden měl- půl lánu, druhý něco málo země, nepraví se,kolik. *",Clear,0.9143,,,,,,
CTX192100040,3,21,,Empty,0.0,,,,,,
CTX192100040,3,22,"Z toho soudím,že skutečně na počátku válek husitských,kdy",Clear,0.9635,,,,,,
CTX192100040,3,23,"dle lidového podání vesnice ta byla úplně zničena,byly peníze ty zakopány do",Clear,0.9535,,,vesnice,,,
CTX192100040,3,24,"země - snad od jednoho z těchto dvou obyvatelů - a to snad ve spěchu, nebot",Clear,0.9276,,,,,,
CTX192100040,3,25,"byly asi pouze vhozeny do vykopané skrýše a opět zatézeny.Možné též,že byly",Clear,0.9611,,,,,,
CTX192100040,3,26,"přikryty shora nádobou, avšak, Jak Jsem se zmínil, nezůstalo po ní dnes již",Clear,0.9685,,,nádoba,,,
CTX192100040,3,27,,Empty,0.0,,,,,,
CTX192100040,3,28,žádné památky .Místo nálezu jejich Jest u nejvyššího bodu onoho pole.které se,Clear,0.9726,,,pole,,,
CTX192100040,3,29,"svužvje směrem k potoku.Půda ornice byla během času jistě splavena níže,takže",Clear,0.9736,,,ornice,,,
CTX192100040,3,30,,Empty,0.0,,,,,,
CTX192100040,3,31,/,Non-text,0.0,,,,,,
CTX192100040,3,32,• /,Non-text,0.0,,,,,,
CTX192100040,4,1,r. • r'' v,Non-text,0.0,,,,,,
CTX192100040,4,2,"peníze ony octly se blíže povrchu dnešního .Tím se ovšem dostatečně vysvětluje,Že",Clear,0.9793,,,povrch,,,
CTX192100040,4,3,špička pluhu při orání vždy Vynesla na povrch nějaký eníz.,Clear,0.967,,,pluh; povrch,,,
CTX192100040,4,4,loňského roku jsem pokrašorálma poli\temto v nižší poloze,Clear,0.9045,,,pole,,,
CTX192100040,4,5,"opět ve výzkumech a sice podél mezí, dosti vysoké,oddělu Jí cí pole toto od",Clear,0.941,,,pole,,,
CTX192100040,4,6,dolejšího s loukou velkoststku rověž mezujícíbo.Mez ona zdá se bíti,Clear,0.9373,,,,,,
CTX192100040,4,7,TozŮstetkemjakésihradby kamenné.Pří mezi té jsem-nslezl pod ornici i vní,Noisy,0.7999,,,ornice,,,
CTX192100040,4,8,"spoustu střepin z nádob, popel dřevěnný a rozličné kůstky.Nádoby J soux",Clear,0.9087,,,nádoba; popel,,,
CTX192100040,4,9,"rozmanítě zdobeny,buä čarami neb v’novkou, jedno duěpird vícenásobně .Jsou",Clear,0.858,,,,,,
CTX192100040,4,10,"do nádob vesměs ryty. Podobná jsem halezl 'i' na louce vblkostatku letos,",Clear,0.937,,,nádoba,,,
CTX192100040,4,11,kdež však Jsem nemohl pro dosti pokročilý čas ročhí důklsdněji pátrat! i,Clear,0.9446,,,,,,
CTX192100040,4,12,"pro podmínku rchní správy v Jenči,že totiž musím uvésti louku do půvedního",Clear,0.9731,,,,,,
CTX192100040,4,13,"stavu.Podmínku onu bych byl- nemohl- dodržet!, neb ne vykopávky jsem byl",Clear,0.8984,,,,,,
CTX192100040,4,14,"sám s Jedním poúze ochotným děLníkem, který nezištně mi po oba roky pomáhal.",Clear,0.9398,,,,,,
CTX192100040,4,15,Chci letos opětně pekračovati Velvýzkumech na poli jak jmenované,Clear,0.9614,,,pole,,,
CTX192100040,4,16,"‘ p.Rsbocha tak '! na scusedním,kuvrlopatimí""býlo rovněž po sklizni dovolen",Noisy,0.7991,,,,,,
CTX192100040,4,17,"Kožn o-l i, dovodil byctši po pF. Vás navštíví €1 a přinésti typické'",Noisy,0.7999,,,,,,
CTX192100040,4,18,"st řepíný, které sám netroufám sl blíže odhsdnouti.K ‘důkl adnému vzdělaní ve",Noisy,0.7999,,,,,,
CTX192100040,4,19,"vědě tetp,po němž toužím, schází m1‘mžno‘st opatřití si neb vypůjčiti",Clear,0.9018,,,,,,
CTX192100040,4,20,různé prameny.,Clear,0.9384,,,pramen,,,
CTX192100040,4,21,,Empty,0.0,,,,,,
CTX192100040,4,22,""" ■ ■ 3 - b i""",Non-text,0.0,,,,,,
CTX192100040,4,23,"nt ■ "" o Zároveň bych přinesl stéž plének,kopii místa nálen vzatu z ckatastá",Noisy,0.7999,,,kopie,,,
CTX192100040,4,24,mapy obce TTenalovic. ',Noisy,0.5499,,,,,,
CTX192100040,4,25,"Těše se na laskavou odpovši * "" ' • • ■ ! - j odu ■ ■ - "" -",Noisy,0.5571,,,,,,
CTX192100040,4,26,5 -i - -1 **:e r : • t • znamenám ae v úctě :n3nt,Noisy,0.4713,,,,,,
CTX192100040,5,1,č..49...1921.,Trash,0.2779,,,,,,
CTX192100040,5,2,"Datum. 7./. .1921 ,3...",Noisy,0.55,,,,,,
CTX192100040,5,3,Došlo.9..11-21.-,Trash,0.3548,,,,,,
CTX192100040,5,4,zasílá. ..J.. Chpc.. účeiní.. lodenics,Noisy,0.6891,,,,,,
CTX192100040,5,5,. n.,Non-text,0.0,,,,,,
CTX192100040,5,6,,Empty,0.0,,,,,,
CTX192100040,5,7,Dřívější spisy:. 469/20 • -,Noisy,0.6703,,,,,,
CTX192100040,5,8,,Empty,0.0,,,,,,
CTX192100040,5,9,Pozdějěí spisy:......,Clear,0.8,,,,,,
CTX192100040,5,10,Zúroveň sevyiizují ....,Noisy,0.6673,,,,,,
CTX192100040,5,11,,Empty,0.0,,,,,,
CTX192100040,5,12,Předmět; . .. <,Noisy,0.55,,,,,,
CTX192100040,5,13,,Empty,0.0,,,,,,
CTX192100040,5,14,". Josef. Ch99.. úřotní. äplp. ř.. y. .. y. Chlnstenicáoh.,. bytem ...",Noisy,0.565,,,,,,
CTX192100040,5,15,lpděricích- ě- 35B-. Zpráva- D-jeho. -činnosti- arohaeolgie ké-,Noisy,0.728,,,,,,
CTX192100040,5,16,CluwGwur - KCoolue-,Trash,0.3943,,,,,,
CTX192100040,5,17,,Empty,0.0,,,,,,
CTX192100040,5,18,K nahl Sdnutí:,Trash,0.5499,,,,,,
CTX192100040,5,19,,Empty,0.0,,,,,,
CTX192100040,5,20,Došlo do spisovny:,Clear,0.9183,,,,,,
CTX192100040,5,21,popis spisu:,Clear,0.8641,,,,,,
CTX192100040,5,22,Znečka.,Clear,0.8921,,,,,,
CTX192100040,5,23,Budiž skartováno:9...,Clear,0.8182,,,,,,
CTX192100040,5,24,,Empty,0.0,,,,,,
CTX192100040,5,25,P.T. panu,Trash,0.5499,,,,,,
CTX192100040,5,26,"Josefu Chocovi,",Trash,0.5499,,,,,,
CTX192100040,5,27,účetnímu dolu,Clear,0.9583,,,důl,,,
CTX192100040,5,28,v Loděnicích u Berouna.,Clear,0.8822,,,loděnice,,,
CTX192100040,5,29,,Empty,0.0,,,,,,
CTX192100040,5,30,Velectěný pane!,Clear,0.8807,,,,,,
CTX192100040,5,31,"Děkuji vám za milý váě list,",Clear,0.9413,,,,,,
CTX192100040,5,32,kterým jste mně byl nadmíru potěšil.,Clear,0.9683,,,,,,
CTX192100040,5,33,K jeho obsahu dovoluji si následující,Clear,0.982,,,,,,
CTX192100040,5,34,odpovědět!:,Clear,0.9176,,,,,,
CTX192100040,5,35,"Mince , které jsetbyl vykopal",Noisy,0.7999,,,mince,,,
CTX192100040,5,36,"na poli, zvaném""Holonohy"", byly raženy",Clear,0.8475,,,pole,,,
CTX192100040,5,37,za krále českého Václava Iv./syna,Clear,0.9414,,,,,,
CTX192100040,5,38,a nástupce Karla IV.7 Na nich je nápis,Clear,0.8648,,,,,,
CTX192100040,5,39,"pokud se pamatuji, následující: Kolam",Clear,0.9557,,,,,,
CTX192100040,5,40,koruny v kruhu prvém WENCEZLAUS TER -,Clear,0.8375,,,,,,
CTX192100040,5,41,CIUS - v kruhu druhém DEI GRACIA REX,Clear,0.8401,,,,,,
CTX192100040,5,42,výpravna:,Clear,0.9326,,,,,,
CTX192100040,5,43,,Empty,0.0,,,,,,
CTX192100040,5,44,"Doblonc: :3o/, 2;",Trash,0.4537,,,,,,
CTX192100040,5,45,Podepsino.). .,Noisy,0.5742,,,,,,
CTX192100040,5,46,vypraveno/..,Clear,0.8401,,,,,,
CTX192100040,5,47,B. • -přílohami.,Non-text,0.0,,,,,,
CTX192100040,6,1,BOHEMIAB. Na druhé pak straně jest,Clear,0.9458,,,,,,
CTX192100040,6,2,český lev a kolem něho v kruhu: GROSSI,Clear,0.96,,,,,,
CTX192100040,6,3,"PRAGENSES,t. j.""václav III""/václava III.",Noisy,0.577,,,,,,
CTX192100040,6,4,Přemyslovce; který byl zavražděn v 010-,Noisy,0.7999,,,,,,
CTX192100040,6,5,"mouci roku 1306, nebrgli do počtu/,",Noisy,0.7999,,,,,,
CTX192100040,6,6,"""z Boží milusti krúl český"", a na""",Clear,0.8409,,,,,,
CTX192100040,6,7,"druhá straně"" Groša pražské."" ■",Clear,0.8377,,,,,,
CTX192100040,6,8,"Až pojedete do Prehy, vez-",Clear,0.8439,,,,,,
CTX192100040,6,9,"měteyje s sebou, a zatím, než si pohovoříme,",Clear,0.9507,,,,,,
CTX192100040,6,10,budou vám peníze v neší laboratoři,Clear,0.9631,,,,,,
CTX192100040,6,11,"vyčištěny, .Neb o přejete-li si,",Clear,0.86,,,,,,
CTX192100040,6,12,"pošlu vám návod, jak byste súm si je me",Clear,0.9149,,,,,,
CTX192100040,6,13,hl vyčistiti .,Noisy,0.5934,,,,,,
CTX192100040,6,14,váš úsudek O obci samet-,Clear,0.8474,,,,,,
CTX192100040,6,15,né jest správný.,Noisy,0.7999,,,,,,
CTX192100040,6,16,"Bude mne velice těšiti,",Clear,0.9346,,,,,,
CTX192100040,6,17,"navštívíte-li uane, až zavítáte do Prahy.",Clear,0.9205,,,,,,
CTX192100040,6,18,"Pokusím se ovšem, abych vís nepřipravil",Clear,0.9692,,,,,,
CTX192100040,6,19,o mnoho času.,Clear,0.8348,,,,,,
CTX192100040,6,20,"Těším se na ony střepy, '",Noisy,0.7999,,,,,,
CTX192100040,6,21,"z nichž vezměte, prosím, nejen ty or- ■",Noisy,0.7976,,,,,,
CTX192100040,6,22,"namentované, ale i všechnyod okrajů, |",Noisy,0.7999,,,,,,
CTX192100040,6,23,"příyadně též dna,jsou-li nanich nějaké",Clear,0.9323,,,,,,
CTX192100040,6,24,značky.,Clear,0.9198,,,,,,
CTX192100040,6,25,Taxtéž na kopii plániu na-,Noisy,0.7954,,,kopie,,,
CTX192100040,6,26,"ziště, rterou hoaláte s sebou vzíti, |",Clear,0.8683,,,,,,
CTX192100040,6,27,se těším. .,Noisy,0.7999,,,,,,
CTX192100040,6,28,"Budu vám velice povděčen, |",Noisy,0.7999,,,,,,
CTX192100040,6,29,podáte-li mi zprávy laskavě i o dalších,Clear,0.948,,,,,,
CTX192100040,6,30,svých plánech kopacích a núle- 7,Noisy,0.7999,,,,,,
CTX192100040,6,31,"zech, případně o známých vÁn nalezištěc",Clear,0.8734,,,,,,
CTX192100040,6,32,"' v okolí,která,budou-li pro nás zajímavá,dovolil",Clear,0.8567,,,,,,
CTX192100040,6,33,bych si se pak za laakavéno,Clear,0.8949,,,,,,
CTX192100040,6,34,Vašeho průvodu ohledsti.,Clear,0.9532,,,,,,
CTX192100040,7,1,Budete-li sikdykollv“piastadsesess,Trash,0.5499,,,,,,
CTX192100040,7,2,V . . X 40/24,Non-text,0.0,,,,,,
CTX192100040,7,3,"ci nějakých informací,račte ae vŽdy ni",Noisy,0.6915,,,,,,
CTX192100040,7,4,mne obrátiti. Bude mí velikým potěše­,Noisy,0.7509,,,,,,
CTX192100040,7,5,"ním,budu-li moci v té věci vám něčím",Clear,0.8975,,,,,,
CTX192100040,7,6,býti k službám.,Clear,0.9287,,,,,,
CTX192100040,7,7,Děguje vám za laskavou,Clear,0.9511,,,,,,
CTX192100040,7,8,"Vaši zprávu, znamenám se vám",Clear,0.9655,,,,,,
CTX192100040,7,9,v plné úctě oddaný,Clear,0.8878,,,,,,
CTX192100040,7,10,,Empty,0.0,,,,,,
CTX192100040,7,11,"v Praze, dne 30-dubna 1921.",Noisy,0.779,,,,,,
CTX192100040,8,1,"C. j. ApoSlodne2/-74o ' (0)., '",Non-text,0.0,,,,,,
CTX192100040,8,2,Pocet príloh —kresní správa politická na Kladně.,Clear,0.9325,,,,,,
CTX192100040,8,3,ameeyrtny--------------.-,Trash,0.2496,,,,,,
CTX192100040,8,4,,Empty,0.0,,,,,,
CTX192100040,8,5,lis. 52.903./I. Dne 25. října 1920.,Noisy,0.7068,,,,,,
CTX192100040,8,6,. I .,Non-text,0.0,,,,,,
CTX192100040,8,7,0%r,Non-text,0.0,,,,,,
CTX192100040,8,8,‘ - I,Non-text,0.0,,,,,,
CTX192100040,8,9,"""*! trí archeolcrickí vstav""",Noisy,0.7526,,,,,,
CTX192100040,8,10,v,Non-text,0.0,,,,,,
CTX192100040,8,11,Praze. .Strahovský klášter,Clear,0.9355,,,klášter,,,
CTX192100040,8,12,,Empty,0.0,,,,,,
CTX192100040,8,13,"Vzhledem ko přípisu ze dne .""ra 1S20,čí8. 131 -ils20, oznamuji,",Noisy,0.7314,,,,,,
CTX192100040,8,14,že účetní dolu čís. V.v Jhrusten icích Josef Jhoc z Lodenice čp.158 jest,Noisy,0.7999,,,důl,,,
CTX192100040,8,15,členem společnosti lusea Král.českého v Praze a skutečně pátrá po před-,Clear,0.9732,,,,,,
CTX192100040,8,16,histori cký ch parná t ká ch .,Noisy,0.5924,,,,,,
CTX192100040,8,17,Minulého roku vykopal na poli rolníka habocha v ilenačovicích parcela,Clear,0.9162,,,pole,,,
CTX192100040,8,18,"č.218,stodvacet kusů stříbrných českých grošů,na nichž je vyražena",Clear,0.9182,,,,,,
CTX192100040,8,19,"česká koruna a lev na okraji těchto grošů jest ražen nápis "" Venzes-",Clear,0.94,,,,,,
CTX192100040,8,20,"laus"" .",Noisy,0.685,,,,,,
CTX192100040,8,21,"Během, tohoto roku vykopal Jhocwa louce v katastru obce nenačovic-",Clear,0.9172,,,,,,
CTX192100040,8,22,"ká,parcela 222a 222 a/,patřící zdejšímu státnímu velkostatku několik",Clear,0.8759,,,velkostatek,,,
CTX192100040,8,23,"střepů z hliněných nádob, jejichž předhistorickou památnost nechá teprve",Clear,0.9806,,,nádoba,,,
CTX192100040,8,24,zjistiti.,Clear,0.8,,,,,,
CTX192100040,8,25,Podobných namátek doufá lhoc ještě více nalezli a hodlá je hromadně,Clear,0.9836,,,,,,
CTX192100040,8,26,"Museu Král, českého v Praze všnovati.",Clear,0.9435,,,,,,
CTX192100040,8,27,। í । -,Non-text,0.0,,,,,,
CTX192100040,8,28,"Tyto vyKopavKy pounina UnOC Sail většinou QO zeine 1 1/6 I niuDOKO,",Noisy,0.705,,,,,,
CTX192100040,8,29,"šíře 12- m, se svolerímajitelů těchto pozemků.",Clear,0.8187,,,,,,
CTX192100040,8,30,Týž pátrá nyní na výše uvedené louce po předhistorické vesnici,Clear,0.9868,,,vesnice,,,
CTX192100040,8,31,""" Holonohy"" a po bojišti bitvy u Lodenice / dle dějin Fi ant .ľalackého/""",Noisy,0.7999,,,bojiště; ant,,,
CTX192100040,8,32,z čehož si slibuje skvělý výsledek.,Clear,0.9701,,,,,,
CTX192100040,8,33,"Podotýká se,že účetní Jhoc jest horlivým sběr: Úlem starých památek",Clear,0.9613,,,,,,
CTX192100040,8,34,"a velkým milovníkem vykopávek předhis tonických památek,nemá však",Clear,0.9764,,,,,,
CTX192100040,8,35,hmotných prostředků a proto ve své práci pomalu pokračuje.,Clear,0.9799,,,,,,
CTX192100040,9,1,"Jak důverně bylo zjištěno, vyjádřil se Jhoc,že kdyby byl někým",Clear,0.9733,,,,,,
CTX192100040,9,2,"odporován finančně, pokračoval by ve svém díle rychleji a tím,hlavně",Clear,0.969,,,,,,
CTX192100040,9,3,"okolí Lodenice a Nenačovic,nalezlby spoustu předhistorických památek.",Clear,0.9513,,,,,,
CTX192100040,9,4,,Empty,0.0,,,,,,
CTX192100040,9,5,Min isterský,Clear,0.8958,,,,,,
CTX192100040,10,1,nos! KuogQARA q>tqo qo9sA,Trash,0.4984,,,,,,
CTX192100040,10,2,I A W9PQAz 0z[ T41[q OgA,Trash,0.5499,,,,,,
CTX192100040,10,3,ouqíqopau nped A tunox 09 yo,Trash,0.5499,,,,,,
CTX192100040,10,4,i pupzodo oqeu omnuauodo,Trash,0.5499,,,,,,
CTX192100040,10,5,[UP[OA HKq nozy ez ‘oqo 97 n,Trash,0.3768,,,,,,
CTX192100040,10,6,,Empty,0.0,,,,,,
CTX192100040,10,7,mos( Ku>gaaKa q>toqo \p9sA,Trash,0.4381,,,,,,
CTX192100040,10,8,"os v).*"" ‘yasvmAa z vontso.d rorsaur A WPPQAz oz[ WI •%A",Trash,0.4499,,,,,,
CTX192100040,10,9,qup g op ze unuazqn gsouíqopu nprd A 10x09 ge,Trash,0.6991,,,,,,
CTX192100040,10,10,noywqued noqnsoa es yasoq yuasvyo quqpzodo oqou onuauodo,Trash,0.5499,,,,,,
CTX192100040,10,11,npoApo ( 1u9[oA Iíq no.94 uz ‘9>q091 n,Trash,0.447,,,,,,
CTX192100040,10,12,vuqfqood qsougnsud yxsaouop II-oftooqo 97940]) 948 n TuutAod nosl,Trash,0.5458,,,,,,
CTX192100040,10,13,nsvuud ymu2nnzapz os qulzio aW94( yuutaod nozEVIHd,Trash,0.5499,,,,,,
CTX192100040,10,14,oueussd,Trash,0.5499,,,,,,
CTX192100040,10,15,,Empty,0.0,,,,,,
CTX192100040,10,16,Julz[9,Non-text,0.0,,,,,,
CTX192100040,10,17,,Empty,0.0,,,,,,
CTX192100040,10,18,os MpKq •py *0>qo m,Trash,0.2786,,,,,,
CTX192100040,10,19,noxer Avzuya,Trash,0.5499,,,,,,
CTX192100040,10,20,,Empty,0.0,,,,,,
CTX192100040,10,21,.) exsfoA z Oqzus ex qsoUdoqosU,Trash,0.5198,,,,,,
CTX192100040,10,22,uxyueguoxn pejd 7opx,Trash,0.5499,,,,,,
CTX192100040,10,23,"p ! „qezeuKA"" oqou „Kudouosu",Trash,0.3923,,,,,,
CTX192100040,10,24,। ‘Apzuxf’ uepeApO [Rqeu J]S0U,Trash,0.3488,,,,,,
CTX192100040,10,25,u oad Kxyx ‘oouU.q ÄPzuy,Trash,0.5382,,,,,,
CTX192100040,10,26,uuysod noxsuafoA noxuI,Trash,0.4884,,,,,,
CTX192100040,10,27,,Empty,0.0,,,,,,
CTX192100040,10,28,"os ""IIDKq opy *9040 m",Trash,0.406,,,,,,
CTX192100040,10,29,"nupoy yoysqu A n7o. ouPpze"" yuAoxw gsouutod nxyaya",Trash,0.5499,,,,,,
CTX192100040,10,30,op ge uouod qsť Kuuyaod uoxsuofoA noxen Apzuy,Trash,0.5499,,,,,,
CTX192100040,10,31,P(Kqon qqznys •x qsourqosudzu jolnunpod •pUA y/p= uawgndoud [Äq,Trash,0.5362,,,,,,
CTX192100040,10,32,"nouqtuerspoau o.d oxsueľoA Kqzn[s uruequoxn pajď Yop"" SPzEX",Trash,0.5499,,,,,,
CTX192100040,10,33,"e[sp !,yezeOAA"" oqau „udou",Trash,0.3121,,,,,,
CTX192100040,10,34,,Empty,0.0,,,,,,
CTX192100040,10,35,:sof ueuyaod noxsuoľoA noxuI,Trash,0.5354,,,,,,
CTX192100040,10,36,,Empty,0.0,,,,,,
CTX192100040,10,37,0 Iu92n0A,Trash,0.284,,,,,,
CTX192100040,10,38,,Empty,0.0,,,,,,
CTX192100040,10,39,oysuofos oxW • TSOUI[Aod 0 [uognoJ,Trash,0.3964,,,,,,
CTX192100040,10,40,,Empty,0.0,,,,,,
CTX192100040,10,41,taxo vojenské.,Clear,0.9062,,,,,,
CTX192100040,10,42,,Empty,0.0,,,,,,
CTX192100040,10,43,Pončeni o povinnosti ku taxo vojenské.,Clear,0.8941,,,,,,
CTX192100040,10,44,,Empty,0.0,,,,,,
CTX192100040,10,45,obilost k službě s konečnou plat-,Clear,0.9571,,,,,,
CTX192100040,10,46,rém byl vydán nález nku zbrani,Clear,0.906,,,zbraň,,,
CTX192100040,10,47,,Empty,0.0,,,,,,
CTX192100040,10,48,í nezpůsobilost ke službě nebyla,Clear,0.8805,,,,,,
CTX192100040,10,49,,Empty,0.0,,,,,,
CTX192100040,10,50,povinný jest povinen až do,Clear,0.9061,,,,,,
CTX192100040,10,51,,Empty,0.0,,,,,,
CTX192100040,10,52,nebo písemné s použitím přede-,Clear,0.9526,,,,,,
CTX192100040,10,53,,Empty,0.0,,,,,,
CTX192100040,10,54,Taxon vojcuskou povinen jest:,Clear,0.8,,,,,,
CTX192100040,10,55,"Každý branac, ktorýž pro nezpůsobilost k službě s konečnou platnosti",Clear,0.9802,,,,,,
CTX192100040,10,56,"nebyl odveden, t.j. každý, o kterém byl vydán nález nku zbrani",Clear,0.9082,,,zbraň,,,
CTX192100040,10,57,"neschopný11 nebo „vymazati"" ; dále",Noisy,0.7602,,,,,,
CTX192100040,10,58,"každý, kdož před ukončením služby vojenské pro neodstranitelnou",Clear,0.9787,,,,,,
CTX192100040,10,59,neschopnost ke službě 7. vojska (válečného loďstva) ncbo zemské obrany,Clear,0.9308,,,,,,
CTX192100040,10,60,"byl propuštěn, dyž vada podmiňující nezpůsobilost ke službě nebyla",Clear,0.979,,,,,,
CTX192100040,10,61,,Empty,0.0,,,,,,
CTX192100040,10,62,Maždý taxou vojenskou povinný jest povinen až do,Clear,0.9382,,,,,,
CTX192100040,10,63,zániku povinnosti taxovní každého >,Noisy,0.7999,,,,,,
CTX192100040,10,64,"u obce, kde bydli, se hlásiti.-----------------",Noisy,0.7158,,,,,,
CTX192100040,10,65,,Empty,0.0,,,,,,
CTX192100040,10,66,li domovská příslušnost pochybna.,Clear,0.8789,,,,,,
CTX192100040,10,67,,Empty,0.0,,,,,,
CTX192100040,10,68,eni - trestá so pokutou penéžitou,Noisy,0.7834,,,,,,
CTX192100040,10,69,ězenim až do 5 dnů.,Clear,0.8678,,,,,,
CTX192100040,10,70,"prosinci z vyhlášck, kteréž vo",Noisy,0.7999,,,,,,
CTX192100040,10,71,,Empty,0.0,,,,,,
CTX192100040,10,72,Opomenulé nebo opozděné ohlášení trestú se pokutou peněžitou,Clear,0.9798,,,,,,
CTX192100040,10,73,. až 50 korun; v pádu nedobytnosti vězením až do 5 dnů.,Noisy,0.7999,,,,,,
CTX192100040,10,74,,Empty,0.0,,,,,,
CTX192100040,10,75,všech obcích vyvéšeny jsou.,Clear,0.9474,,,,,,
CTX192100040,11,1,STÁTNÍ ARCHAEOLOGICKÝ ÚSTAV,Clear,0.9717,,,,,,
CTX192100040,11,2,", j Došlo ‘1,1920",Non-text,0.0,,,,,,
CTX192100040,11,3,Č.[.|00...,Trash,0.0234,,,,,,
CTX192100040,11,4,Počet príloh.... .,Noisy,0.6969,,,,,,
CTX192100040,11,5,,Empty,0.0,,,,,,
CTX192100040,11,6,"0 N Lovu’ / Mrara ryvo tW u a’ma Kladu,",Trash,0.5499,,,,,,
CTX192100040,11,7,,Empty,0.0,,,,,,
CTX192100040,11,8,": 131,13",Non-text,0.0,,,,,,
CTX192100040,11,9,,Empty,0.0,,,,,,
CTX192100040,11,10,4/2/,Non-text,0.0,,,,,,
CTX192100040,11,11,,Empty,0.0,,,,,,
CTX192100040,11,12,č $2.0 0 3. z oLvxt Ij S r 14 4420,Trash,0.5228,,,,,,
CTX192100040,11,13,,Empty,0.0,,,,,,
CTX192100040,11,14,C A s 8.,Noisy,0.55,,,,,,
CTX192100040,11,15,,Empty,0.0,,,,,,
CTX192100040,11,16,lo,Non-text,0.0,,,,,,
CTX192100040,11,17,,Empty,0.0,,,,,,
CTX192100040,11,18,C krwH wl,Trash,0.1618,,,,,,
CTX192100040,11,19,,Empty,0.0,,,,,,
CTX192100040,11,20,o ki < A U • ham AMK f%. 7,Trash,0.5455,,,,,,
CTX192100040,11,21,Za&Xu .. qi tvxírU',Trash,0.356,,,,,,
CTX192100040,11,22,,Empty,0.0,,,,,,
CTX192100040,11,23,"! e., e-ťtAs o Y",Non-text,0.0,,,,,,
CTX192100040,11,24,ouni UM .,Trash,0.5499,,,,,,
CTX192100040,11,25,,Empty,0.0,,,,,,
CTX192100040,11,26,"/2,",Non-text,0.0,,,,,,
CTX192100040,11,27,,Empty,0.0,,,,,,
CTX192100040,11,28,". I.,",Non-text,0.0,,,,,,
CTX192100040,12,1,V í nu tlasu ) I,Trash,0.5499,,,,,,
CTX192100040,12,2,,Empty,0.0,,,,,,
CTX192100040,12,3,a,Non-text,0.0,,,,,,
CTX192100040,13,1,Ředitelství bývalých císařských,Clear,0.9845,,,,,,
CTX192100040,13,2,statků v Praze.,Clear,0.8972,,,,,,
CTX192100040,13,3,,Empty,0.0,,,,,,
CTX192100040,13,4,č: 6694 /1920.,Non-text,0.0,,,,,,
CTX192100040,13,5,,Empty,0.0,,,,,,
CTX192100040,13,6,P.T. .,Trash,0.117,,,,,,
CTX192100040,13,7,Státní archaeologický ústav,Clear,0.9738,,,,,,
CTX192100040,13,8,republiky československé,Clear,0.9792,,,,,,
CTX192100040,13,9,,Empty,0.0,,,,,,
CTX192100040,13,10,v Praze IV.,Noisy,0.7572,,,,,,
CTX192100040,13,11,v klášteře Strahovském.,Clear,0.9527,,,klášter,,,
CTX192100040,13,12,"Klademe si za čest oznámiti, že jsme počátkem září t.r,",Clear,0.8866,,,,,,
CTX192100040,13,13,"udělili Josefu C h o c o v i , účetnímu dolu v Chrustenicích jako",Noisy,0.7999,,,důl,,,
CTX192100040,13,14,"členu musea, na jeho žádost povolení k vykopávkam za účelem prozkoumání",Clear,0.9833,,,,,,
CTX192100040,13,15,krajiny kolem potoka K a č á k u ■ na lukách č.kat. 222 a 222a?,Trash,0.5499,,,krajina,,,
CTX192100040,13,16,"v obci chrustenické, náležejících velkostatku.",Clear,0.9484,,,velkostatek,,,
CTX192100040,13,17,Chrustenice ( pošta Loděnice u Berouna ) léží při trati,Noisy,0.7999,,,loděnice,,,
CTX192100040,13,18,dráhy Dušniky - Beroun.-,Noisy,0.7459,,,,,,
CTX192100040,13,19,,Empty,0.0,,,,,,
CTX192100040,13,20,"V Praze, dne 8. října 1920.",Noisy,0.7999,,,,,,
CTX192100040,13,21,Řiditel statků :,Noisy,0.7758,,,,,,
CTX192100040,14,1,0420,Non-text,0.0,,,,,,
CTX192100040,14,2,434.,Non-text,0.0,,,,,,
CTX192100040,14,3,,Empty,0.0,,,,,,
CTX192100040,14,4,"JedMM 24’. y. AAtkki-^lo yitKÁVJl^L^ ""Uvw! -",Trash,0.55,,,,,,
CTX192100040,14,5,,Empty,0.0,,,,,,
CTX192100040,14,6,elara t na vo Us M wvonovKam Kolu,Trash,0.5499,,,,,,
CTX192100040,14,7,"A~ooKA Kaeo’Au, MA CuKAd e.u 222 < 123,",Trash,0.429,,,,,,
CTX192100040,14,8,~ cl e Ua rwa 4 n eď MAu tuw ÍAVk AulvCdhihc. •,Trash,0.4605,,,,,,
CTX192100040,14,9,,Empty,0.0,,,,,,
CTX192100040,14,10,V A‘lo vauzuoí kwl AAAAM ola4a,Trash,0.7246,,,,,,
CTX192100040,14,11,,Empty,0.0,,,,,,
CTX192100040,14,12,"V Orau, 40- ,U/na 14 tú-",Noisy,0.6408,,,,,,
CTX192100040,15,1,C. 434 6 20,Non-text,0.0,,,,,,
CTX192100040,15,2,,Empty,0.0,,,,,,
CTX192100040,15,3,imallo . /,Trash,0.3193,,,,,,
CTX192100040,15,4,,Empty,0.0,,,,,,
CTX192100040,15,5,vt P A 51“,Trash,0.2909,,,,,,
CTX192100040,15,6,,Empty,0.0,,,,,,
CTX192100040,15,7,Pozdější SIMa: 431,Clear,0.8,,,sima,,,
CTX192100040,15,8,,Empty,0.0,,,,,,
CTX192100040,15,9,D ů uč v VI o z p a ‘uz •,Trash,0.5348,,,,,,
CTX192100040,15,10,,Empty,0.0,,,,,,
CTX192100040,15,11,v- Kladot.,Noisy,0.6869,,,,,,
CTX192100040,16,1,"N.nadat. ,",Trash,0.6184,,,,,,
CTX192100040,16,2,1 4altn ayA—* Wvra WHrt (MAA lAA w 00,Trash,0.5489,,,,,,
CTX192100040,16,3,,Empty,0.0,,,,,,
CTX192100040,16,4,"1/ Irauje"".Y/nAlh%o-",Trash,0.3284,,,,,,
CTX192601143,1,1,Iv,Non-text,0.0,,,,,,
CTX192601143,1,2,STÁ r,Trash,0.4321,,,,,,
CTX192601143,1,3,,Empty,0.0,,,,,,
CTX192601143,1,4,/ UoMunLow.,Trash,0.1099,,,,,,
CTX192601143,1,5,25,Non-text,0.0,,,,,,
CTX192601143,1,6,C LaN-n 0(/r“ (A 30 Gx A 25 so pgAuc4pi) dato md3óny,Trash,0.5402,,,,,,
CTX192601143,1,7,"PRa< (memuX MW~Nofkc nCn.d, 07.,",Trash,0.2258,,,,,,
CTX192601143,1,8,,Empty,0.0,,,,,,
CTX192601143,1,9,"' "" ' ‘ ' ' ' "" ‘ , Xo Ajhog ) • 0 ""dle /co* / AO4 6« dez",Trash,0.3757,,,,,,
CTX192601143,1,10,e Q m. n e lopoln . — O,Trash,0.4079,,,,,,
CTX192601143,1,11,"A*20.. ,",Non-text,0.0,,,,,,
CTX192601143,1,12,ô |WCO 0 9 ( / 0 0,Non-text,0.0,,,,,,
CTX192601143,1,13,A . 0U A •,Non-text,0.0,,,,,,
CTX192601143,1,14,,Empty,0.0,,,,,,
CTX192601143,1,15,"RAnkmds.ns d LAoan NC.nwwvu ""A~,wAonhal",Trash,0.3068,,,,,,
CTX192601143,1,16,kioum Lly ad luo a/l6 707 (woln.,Trash,0.5499,,,,,,
CTX192601143,1,17,". . , t , , / 9J09., , I",Non-text,0.0,,,,,,
CTX192601143,1,18,gLo wo MUlm.,Trash,0.1512,,,,,,
CTX192601143,1,19,,Empty,0.0,,,,,,
CTX192601143,1,20,"""g fou "" **3044 A. N(Rdi?""",Trash,0.5132,,,,,,
CTX192601143,1,21,wL-U~ kyuto Cona JaaVHUoaAL,Trash,0.5914,,,,,,
CTX192601143,1,22,((onuou WwaN .K,Trash,0.499,,,,,,
CTX192601143,1,23,"2. WA, W'TxfVuUL .",Trash,0.3343,,,,,,
CTX192601143,1,24,""" 0 ANUdn—0 "" /rM?""(42 /gA 4 C olo64.""",Trash,0.3129,,,,,,
CTX192601143,1,25,"Na 0/AAu , doM3",Non-text,0.0,,,,,,
CTX192601143,1,26,,Empty,0.0,,,,,,
CTX192601143,1,27,e.ao u,Trash,0.8176,,,,,,
CTX192601143,1,28,b0—lixk,Trash,0.5266,,,,,,
CTX192601143,1,29,"(8 aqlui (i *),zoyolonnk. /",Trash,0.4811,,,,,,
CTX192601143,1,30,WVL A,Trash,0.5499,,,,,,
CTX192601143,1,31,i,Non-text,0.0,,,,,,
CTX192601143,1,32,,Empty,0.0,,,,,,
CTX192601143,1,33,A he (9 Aon&r ( 3 dvz NoreKy <,Trash,0.4655,,,,,,
CTX192601143,1,34,"A &a e2 Xu Ao AJ o • ""(ouaa ona éoropuo%o cowkn4 VacRlow",Trash,0.5499,,,,,,
CTX192601143,1,35,"mQG4nU. OQok)S<l. A jan(ou, q4 3 e. cllouAd mAlawinl ~ zoolok’ -",Trash,0.4523,,,,,,
CTX192601143,1,36,". U 5, 09 . A. . / _ V -/ ( -",Non-text,0.0,,,,,,
CTX192601143,1,37,A PO%«/U 0A2N(oMIL N Nowec,Trash,0.518,,,,,,
CTX192601143,1,38,"'V ,",Non-text,0.0,,,,,,
CTX192601143,1,39,"""0"" /le""",Non-text,0.0,,,,,,
CTX192601143,1,40,. //,Non-text,0.0,,,,,,
CTX192601143,1,41,"/4AAwo 4 {""",Trash,0.2234,,,,,,
CTX192601143,1,42,,Empty,0.0,,,,,,
CTX192601143,1,43,"Comu N /09 (, /cho A.hle,",Trash,0.5354,,,,,,
CTX192601143,1,44,"M."" 24 £0 Aonda 4 oc",Trash,0.4252,,,,,,
CTX192601143,1,45,-v/as* yXk),Trash,0.0,,,as,,,
CTX192601143,1,46,"424 3 Awduk-o fl*o ""Ca ° 4o9lko"" ""oecN(or. Z"""" V (9—n( ""*",Trash,0.461,,,,,,
CTX192601143,1,47,V XUC2 —,Trash,0.3933,,,,,,
CTX192601143,1,48,,Empty,0.0,,,,,,
CTX192601143,1,49,""" ‘ ' ‘(Ga0a)ANlon Ar ccéonŇgr ro(eri""",Trash,0.4414,,,,,,
CTX192601143,1,50,Lurku . Qol ~ A.,Trash,0.6328,,,,,,
CTX192601143,1,51,AW A X/wU,Trash,0.2649,,,,,,
CTX192601143,1,52,"Cowokuu,4l uoxa.Lelisly AkueMlioóy,Emkoonočoky)(jioe",Trash,0.5499,,,,,,
CTX192601143,1,53,60Di(Ako XGAo dfie.’Uz. Ma0lo/ci oUru* dlé°Aduooc4/y,Trash,0.4132,,,,,,
CTX192601143,1,54,"Ane? \ C ko NCnuAL* Gnkúpu4o coscAo Ncuaxd,2""4L4 dcA.R*.,/oPC.K/Chu.",Trash,0.4414,,,,,,
CTX192601143,1,55,"(oL, —oy Mgnqd ) olgwv Puoe 4cpveCnw fo89u. dy 9 -0 I c kW i",Trash,0.4789,,,,,,
CTX192601143,1,56,- - / LaA -7 ‘),Non-text,0.0,,,,,,
CTX192601143,2,1,"Oadeji MelQcl, oělueó AXowusnu (Xulie?",Trash,0.5499,,,,,,
CTX192601143,2,2,"""C. > - """,Non-text,0.0,,,,,,
CTX192601143,2,3,"""a(NU./ Adlwul /A-AV 4 56 e / NLoM.M""",Trash,0.494,,,,,,
CTX192601143,2,4,"""Aldo ANAunclog.cNUL, dpévdjäi """,Trash,0.5499,,,,,,
CTX192601143,2,5,,Empty,0.0,,,,,,
CTX192601143,2,6,"Foe 6 ‘ g< Awiw "" , 7 89énwv < "" ^0",Trash,0.4398,,,,,,
CTX192601143,2,7,"ovo (4 conovz "" k 2 / A *al ga wdk.",Trash,0.5322,,,,,,
CTX192601143,2,8,Wus Novuu (onL.,Trash,0.5499,,,,,,
CTX192601143,2,9,,Empty,0.0,,,,,,
CTX192601143,2,10,"a M. AKegneo"" o G—n & /3°9 ANKCeCné (eov(,RMNC4 (nsg*",Trash,0.4733,,,,,,
CTX192601143,2,11,"(093%mM ""s 0A",Trash,0.4668,,,,,,
CTX192601143,2,12,,Empty,0.0,,,,,,
CTX192601143,2,13,"o/UJw— zoqLAo_.(Rnckod., 000/0070702 ~ Luvo Alde,",Trash,0.541,,,,,,
CTX192601143,2,14,""" 4 Afooggje",Trash,0.55,,,,,,
CTX192601143,2,15,"Bala «a "" ged d *i—, M fod gi/vuu.^",Trash,0.4635,,,,,,
CTX192601143,2,16,,Empty,0.0,,,,,,
CTX192601143,2,17,M /MLonwi AA 6 em k,Trash,0.4476,,,,,,
CTX192601143,2,18,LonX AAA*4 ;,Trash,0.1546,,,,,,
CTX192601143,2,19,Ms M oRuiAC a AXAMsouCtwM,Trash,0.5485,,,,,,
CTX192601143,2,20,,Empty,0.0,,,,,,
CTX192601143,2,21,": ~eAG,‘ • /qa,‘ /L, I Ronwl W",Trash,0.3416,,,,,,
CTX192601143,2,22,"UoyjoAeAkJACdoby,Ne0U Alaol ZUlMJL /LAz, Alkky",Trash,0.5709,,,,,,
CTX192601143,2,23,,Empty,0.0,,,,,,
CTX192601143,2,24,w. 2 9981/,Non-text,0.0,,,,,,
CTX192601143,2,25,"I C-. eCo M. * . , . a,",Trash,0.3606,,,,,,
CTX192601143,2,26,. ■ _ .I J r o,Non-text,0.0,,,,,,
CTX192601143,2,27,"""CNu C vaw. Nvs""",Trash,0.4671,,,,,,
CTX192601143,2,28,"64/on/""94 00N924""9 0oe"" /Ct/G""TV4047 leto /to",Trash,0.5407,,,,,,
CTX192601143,2,29,"“y4 4 * 1&aN49 Galcn, 00/ e"" - brk"" &"" /"" colsh d 44 ""e • NNoso, 0",Trash,0.4123,,,,,,
CTX192601143,2,30,"go04 344* Auý- Nudky oi oiti 0dCla. AKog,ndgé Pe* 63 /šbo0d",Trash,0.5499,,,,,,
CTX192601143,2,31,"MxAck Alodny."" 7oky,6 N3 Aa 0/2«4 ÍwAqmZ ba0epu2",Trash,0.506,,,,,,
CTX192601143,2,32,/ A,Non-text,0.0,,,,,,
CTX192601143,2,33,olie,Trash,0.5499,,,,,,
CTX192601143,2,34,,Empty,0.0,,,,,,
CTX192601143,2,35,Alh A /adoen : Mld olryylondeo/t,Trash,0.5499,,,,,,
CTX192601143,2,36,,Empty,0.0,,,,,,
CTX192601143,2,37,0 4 A/odolonAy/n. eootmt,Trash,0.4936,,,,,,
CTX192601143,2,38,ea Nonc % (uoookou 7Q*o 3,Trash,0.4533,,,,,,
CTX192601143,2,39,,Empty,0.0,,,,,,
CTX192601143,2,40,UOA,Non-text,0.0,,,,,,
CTX192601143,2,41,NU -,Trash,0.5102,,,,,,
CTX192601143,2,42,/tolLa Lyže m A «MLM O Puiaa (,Trash,0.5723,,,,,,
CTX192601143,2,43,,Empty,0.0,,,,,,
CTX192601143,2,44,", msdic P/Aor.N .Clxovlo olch’dllo",Trash,0.5499,,,,,,
CTX192601143,2,45,L.o /WUA 0 • 9(o,Trash,0.3644,,,,,,
CTX192601143,2,46,,Empty,0.0,,,,,,
CTX192601143,2,47,ANlw Ao Abni . V /P 0o %,Trash,0.4659,,,,,,
CTX192601143,2,48,,Empty,0.0,,,,,,
CTX192601143,2,49,", 039 — JNNW A cowów",Trash,0.5499,,,,,,
CTX192601143,2,50,,Empty,0.0,,,,,,
CTX192601143,2,51,4.,Non-text,0.0,,,,,,
CTX192601143,2,52,,Empty,0.0,,,,,,
CTX192601143,2,53,"(2.7"" 90onU* /VorNgs A (Vjuv^",Trash,0.431,,,,,,
CTX192601143,2,54,"vui 40 "" o 3 — ANKC i / / |",Trash,0.4986,,,,,,
CTX192601143,2,55,M(do0y/30 A ol- (036 el. 200 (on,Trash,0.5157,,,,,,
CTX192601143,2,56,,Empty,0.0,,,,,,
CTX192601143,2,57,VI © AUW,Trash,0.55,,,,,,
CTX192601143,2,58,,Empty,0.0,,,,,,
CTX192601143,2,59,cM< A0N? oly/dóorier /d*r*,Trash,0.4313,,,,,,
CTX192601143,2,60,,Empty,0.0,,,,,,
CTX192601143,2,61,Ad (oA Ao.CCAUA,Trash,0.5277,,,,,,
CTX192601143,2,62,° 47,Trash,0.4925,,,,,,
CTX192601143,2,63,"nngy /NC —4uhe Gu ,648,074%",Trash,0.4745,,,,,,
CTX192601143,2,64,"c."".",Non-text,0.0,,,,,,
CTX192601143,3,1,/7y 3/20,Trash,0.266,,,,,,
CTX192601143,3,2,Zn* 44 2,Non-text,0.0,,,,,,
CTX192601143,3,3,,Empty,0.0,,,,,,
CTX192601143,3,4,"e xe‘w Aasn / do dry A / % MLCeevor.nnd ,",Trash,0.5081,,,,,,
CTX192601143,3,5,LAraAu. koWlomn‘4. NuAe — a 4ws,Trash,0.4282,,,,,,
CTX192601143,3,6,"(""Gko ANf Vj/AO ai osnwo 0dHeto",Trash,0.6247,,,,,,
CTX192601143,3,7,,Empty,0.0,,,,,,
CTX192601143,3,8,. V M < C < 0,Non-text,0.0,,,,,,
CTX192601143,3,9,i Mco kokltlou s Gounn 41,Trash,0.7987,,,,,,
CTX192601143,3,10,. C A l NA,Trash,0.3053,,,,,,
CTX192601143,3,11,P. e oRu .,Non-text,0.0,,,,,,
CTX192601143,3,12,H,Non-text,0.0,,,,,,
CTX192601143,3,13,"m. Alouilea""; AOg/UGnCvet •A a AGuiouA",Trash,0.5031,,,,,,
CTX192601143,3,14,"NMlol,. mlereém A% Mtflluío ewo zuró nosAtylw £dQ.ÍaJ<. fwU3",Trash,0.5499,,,,,,
CTX192601143,3,15,) 4 4Mq,Non-text,0.0,,,,,,
CTX192601143,3,16,"A Q/ 0 ,",Non-text,0.0,,,,,,
CTX192601143,3,17,,Empty,0.0,,,,,,
CTX192601143,3,18,A . i A..,Non-text,0.0,,,,,,
CTX192601143,3,19,"VSlAC,",Trash,0.1572,,,,,,
CTX192601143,3,20,"r C , A",Non-text,0.0,,,,,,
CTX192601143,3,21,5. / d e U,Trash,0.1681,,,,,,
CTX192601143,3,22,(,Non-text,0.0,,,,,,
CTX192601143,3,23,,Empty,0.0,,,,,,
CTX192601143,3,24,"/ / 9 oll 00A h* 4. «Nu (& í u 4Gr, %7v1 éo",Trash,0.4414,,,,,,
CTX192601143,3,25,' n,Non-text,0.0,,,,,,
CTX192601143,3,26,A,Non-text,0.0,,,,,,
CTX192601143,3,27,m O / • í L 4 No NwO w,Non-text,0.0,,,,,,
CTX192601143,3,28,,Empty,0.0,,,,,,
CTX192601143,3,29,(wi Y /. AMCoMmow . Lono v AnAu/,Trash,0.3788,,,,,,
CTX192601143,3,30,,Empty,0.0,,,,,,
CTX192601143,3,31,"_ , n .",Non-text,0.0,,,,,,
CTX192601143,3,32,,Empty,0.0,,,,,,
CTX192601143,3,33,A{ a —o ~ • tlleh 62 M « u o o Ju e Lad o /,Trash,0.4921,,,,,,
CTX192601143,3,34,"0, 20 N l",Non-text,0.0,,,,,,
CTX192601143,3,35,". A ' 9 Ca Eo % e, N d /zi Awo / A M A",Trash,0.43,,,,,,
CTX192601143,3,36,-0 A V,Non-text,0.0,,,,,,
CTX192601143,3,37,d Ď &/ A,Non-text,0.0,,,,,,
CTX192601143,3,38,,Empty,0.0,,,,,,
CTX192601143,3,39,X. —ollon(d 4 AGGhly ~ nos.,Trash,0.5126,,,,,,
CTX192601143,3,40,Z,Non-text,0.0,,,,,,
CTX192601143,3,41,n J,Non-text,0.0,,,,,,
CTX192601143,3,42,",( 0 _ o J 0.",Non-text,0.0,,,,,,
CTX192601143,3,43,""""" 0 /"" i 4. A/) — 70 1""",Non-text,0.0,,,,,,
CTX192601143,3,44,.0 V,Trash,0.5499,,,,,,
CTX192601143,3,45,( so wu o mAdr8 oÚ A (oju Aa,Trash,0.5277,,,,,,
CTX192601143,3,46,p . are C6a 2 2,Trash,0.5499,,,,,,
CTX192601143,3,47,,Empty,0.0,,,,,,
CTX192601143,3,48,(w e . M ad Vo / A/we 0,Non-text,0.0,,,,,,
CTX192601143,3,49,,Empty,0.0,,,,,,
CTX192601143,3,50,A « Au nú %o ADc%o M,Trash,0.437,,,,,,
CTX192601143,3,51,"wAeh I. , &- Ax 3 N 2 < an ko /",Trash,0.369,,,,,,
CTX192601143,3,52,,Empty,0.0,,,,,,
CTX192601143,3,53,* c ? 9 (A No N ‘,Non-text,0.0,,,,,,
CTX192601143,3,54,3 y A .,Non-text,0.0,,,,,,
CTX192601143,3,55,,Empty,0.0,,,,,,
CTX192601143,3,56,N,Non-text,0.0,,,,,,
CTX192601143,3,57,Kou Au md,Trash,0.5499,,,,,,
CTX192601143,3,58,9,Non-text,0.0,,,,,,
CTX192601143,3,59,,Empty,0.0,,,,,,
CTX192601143,3,60,AOA M .,Trash,0.55,,,,,,
CTX192601143,3,61,,Empty,0.0,,,,,,
CTX192601143,3,62,• a; - /7 •,Non-text,0.0,,,,,,
CTX192601143,3,63,r # i' n .,Non-text,0.0,,,,,,
CTX192601143,3,64,AU VU VW ( (N N V L (/,Non-text,0.0,,,,,,
CTX192601143,3,65,,Empty,0.0,,,,,,
CTX192601143,3,66,"$ d.du, %(ol & n ( 064",Non-text,0.0,,,,,,
CTX192601143,3,67,"J 2 •, ,",Non-text,0.0,,,,,,
CTX192601143,3,68,A’ p NCo 4 OU EU PO /V & U.,Trash,0.4671,,,,,,
CTX192601143,3,69,"7) , a d ( 7",Non-text,0.0,,,,,,
CTX192601143,3,70,V *,Non-text,0.0,,,,,,
CTX192601143,3,71,‘ zvCore f( vt C,Non-text,0.0,,,,,,
CTX192601143,3,72,V,Non-text,0.0,,,,,,
CTX192601143,3,73,0 I,Trash,0.55,,,,,,
CTX192601143,3,74,"bua. n(alya, olnce Ms <(Ay Xanlop w , wo amceklí",Trash,0.5499,,,,,,
CTX192601143,3,75,,Empty,0.0,,,,,,
CTX192601143,3,76,M c (Me<,Non-text,0.0,,,,,,
CTX192601143,3,77,". 04 í Aou.3N g "" N.K MPPVov« me • UWVNAAaM",Trash,0.3417,,,,,,
CTX192601143,3,78,"/e008Vt0,0/44AM4 40 « i dw A Valin« < rrt — pori nm nSoohyc",Trash,0.5096,,,,,,
CTX192601143,3,79,,Empty,0.0,,,,,,
CTX192601143,3,80,"""1042 """,Non-text,0.0,,,,,,
CTX192601143,5,1,W3/ÍÍ,Trash,0.1005,,,,,,
CTX192601143,6,1,"oPn4MW9 %60 MFNe0o odici,ak rzAoGskgi « i /% A3e9 AN(s4,83°",Trash,0.4715,,,,,,
CTX192601143,6,2,,Empty,0.0,,,,,,
CTX192601143,6,3,"ClAŕ,",Trash,0.2099,,,,,,
CTX192601143,6,4,"s AocäUoy"". n(ialbnv O""ýon (ACA (o / N* 7-, Ai•",Trash,0.5245,,,,,,
CTX192601143,6,5,wR’du A.CGcAlu ) J. j? wak w. <. AQA.X Allu W- AQa. aq ~,Trash,0.4536,,,,,,
CTX192601143,6,6,,Empty,0.0,,,,,,
CTX192601143,6,7,nocAol ( HvuknC,Trash,0.4508,,,,,,
CTX192601143,6,8,,Empty,0.0,,,,,,
CTX192601143,6,9,m m I,Trash,0.3301,,,,,,
CTX192601143,6,10,ts§ AN.A,Trash,0.3677,,,,,,
CTX192601143,6,11,,Empty,0.0,,,,,,
CTX192601143,6,12,"/NUs -A / P A ""*",Trash,0.3425,,,,,,
CTX192601143,6,13,O 4 ~ . J~ A é N •,Non-text,0.0,,,,,,
CTX192601143,6,14,(olnnrto Mdilanu j n,Trash,0.5773,,,,,,
CTX192601143,6,15,A A w. A. Q ( /A% 0/ 0,Non-text,0.0,,,,,,
CTX192601143,6,16,"/n, 10 7 ..",Non-text,0.0,,,,,,
CTX192601143,6,17,,Empty,0.0,,,,,,
CTX192601143,6,18,C,Non-text,0.0,,,,,,
CTX192601143,6,19,,Empty,0.0,,,,,,
CTX192601143,6,20,/,Non-text,0.0,,,,,,
CTX192601143,6,21,,Empty,0.0,,,,,,
CTX192601143,6,22,/,Non-text,0.0,,,,,,
CTX192601143,6,23,,Empty,0.0,,,,,,
CTX192601143,6,24,N,Non-text,0.0,,,,,,
CTX192601143,6,25,/ ' V U / . .,Non-text,0.0,,,,,,
CTX192601143,6,26,"RQ.w. • /K 4. n AAo, AWH.‘",Trash,0.3465,,,,,,
CTX192601143,6,27,"> ‘ d 0, í , 4,",Non-text,0.0,,,,,,
CTX192601143,6,28,"46 F* n"" f0 F3NW4 4 ■ /( <",Non-text,0.0,,,,,,
CTX192601143,6,29,f* n (« /3 G**,Non-text,0.0,,,,,,
CTX192601143,6,30,,Empty,0.0,,,,,,
CTX192601143,6,31,(CA wO,Trash,0.2189,,,,,,
CTX192601143,6,32,,Empty,0.0,,,,,,
CTX192601143,6,33,All U KX 2. %,Trash,0.5333,,,,,,
CTX192601143,6,34,,Empty,0.0,,,,,,
CTX192601143,6,35,( (.‘ oWy | A /reM L,Trash,0.3623,,,,,,
CTX192601143,6,36,,Empty,0.0,,,,,,
CTX192601143,6,37,/0Uoow / K 0N w 4 AAw /tO 2,Trash,0.4715,,,,,,
CTX192601143,6,38,~wojry(o—w a NMakANCG>o*Ru,Trash,0.4317,,,,,,
CTX192601143,6,39,í . . UA U.j (> J A •/,Non-text,0.0,,,,,,
CTX192601143,6,40,MN’U 7 (030 o* A 0 9*&*00 (°0F1*9,Non-text,0.0,,,,,,
CTX192601143,6,41,"ANK.Cv 449 Nlof"",N*Vd AlNow /*Y""PV% /eNNA. ANun /02.‘",Trash,0.3227,,,,,,
CTX192601143,6,42,"OlcOJ Q( A, a",Trash,0.5499,,,,,,
CTX192601143,6,43,(ul Coo’cC,Trash,0.1722,,,,,,
CTX192601143,6,44,"—AV 0 A""A—, 83 /",Non-text,0.0,,,,,,
CTX192601143,6,45,J. cA. 2 L ML .0o.Au.,Non-text,0.0,,,,,,
CTX192601143,6,46,N t M,Non-text,0.0,,,,,,
CTX192601143,6,47,"oT° f N""CoN • N",Non-text,0.0,,,,,,
CTX192601143,6,48,,Empty,0.0,,,,,,
CTX192601143,6,49,4 M/~O,Trash,0.1049,,,,,,
CTX192601143,6,50,,Empty,0.0,,,,,,
CTX192601143,6,51,(/,Non-text,0.0,,,,,,
CTX192601143,6,52,47 . — i J 7 /,Non-text,0.0,,,,,,
CTX192601143,6,53,u / Nuy elole &,Trash,0.5499,,,,,,
CTX192601143,6,54,,Empty,0.0,,,,,,
CTX192601143,6,55,' mi (e. Aho /,Trash,0.4642,,,,,,
CTX192601143,6,56,Wkiko w0lwv«.) .,Trash,0.4105,,,,,,
CTX192601143,6,57,,Empty,0.0,,,,,,
CTX192601143,6,58,•g,Non-text,0.0,,,,,,
CTX192601143,6,59,• 0o,Non-text,0.0,,,,,,
CTX192601143,6,60,(W.,Non-text,0.0,,,,,,
CTX192601143,6,61,doč,Non-text,0.0,,,,,,
CTX192601143,7,1,) í /,Non-text,0.0,,,,,,
CTX192601143,7,2,O-%y/,Trash,0.1436,,,,,,
CTX192601143,7,3,", /",Non-text,0.0,,,,,,
CTX192601143,7,4,": r(l0 Abý A’Alo wo"" /",Trash,0.4389,,,,,,
CTX192601143,7,5,,Empty,0.0,,,,,,
CTX192601143,7,6,yhN 2,Non-text,0.0,,,,,,
CTX192601143,7,7,"N /0r/c A~r/4AGQo ANCa,%o /&",Trash,0.2885,,,,,,
CTX192601143,7,8,ARoogy Cocl č 648A.) « Srnséy • N rrodlo———,Trash,0.4851,,,,,,
CTX192601143,7,9,WLAlor A+ . A o 0 A Alg 2000. //A,Trash,0.5499,,,,,,
CTX192601143,7,10,,Empty,0.0,,,,,,
CTX192601143,7,11,/C .,Non-text,0.0,,,,,,
CTX192601143,7,12,J,Non-text,0.0,,,,,,
CTX192601143,7,13,,Empty,0.0,,,,,,
CTX192601143,7,14,"AM’eR, o""Oieg",Trash,0.4661,,,,,,
CTX192601143,7,15,(/Le (Me,Trash,0.1413,,,,,,
CTX192601143,7,16,,Empty,0.0,,,,,,
CTX192601143,7,17,t,Non-text,0.0,,,,,,
CTX192601143,7,18,0 .,Non-text,0.0,,,,,,
CTX192601143,7,19,,Empty,0.0,,,,,,
CTX192601143,7,20,MV,Non-text,0.0,,,,,,
CTX192601143,7,21,"""Cgley/N o*""",Trash,0.3351,,,,,,
CTX192601143,7,22,At — OV 0d,Trash,0.2284,,,,,,
CTX192601143,7,23,V,Non-text,0.0,,,,,,
CTX192601143,7,24,,Empty,0.0,,,,,,
CTX192601143,7,25,"A goli—i /ANGC,j0&Ao Awliole /ei",Trash,0.5499,,,,,,
CTX192601143,7,26,— 4 fw 2. 02 02 wion ARop—e olnu N 6m,Trash,0.4468,,,,,,
CTX192601143,7,27,Gln4) senlwu~ /*N8 APorc *re.voAšdxo e4002-. ^AJ,Trash,0.3925,,,,,,
CTX192601143,7,28,&0C/70eQ.AMWM(M4oKUMN.TL{ 7,Trash,0.2791,,,,,,
CTX192601143,7,29,,Empty,0.0,,,,,,
CTX192601143,7,30,/w0 ARo Qe,Trash,0.1466,,,,,,
CTX192601143,7,31,(/v-Q,Trash,0.0,,,,,,
CTX192601143,7,32,,Empty,0.0,,,,,,
CTX192601143,7,33,C.,Non-text,0.0,,,,,,
CTX192601143,7,34,,Empty,0.0,,,,,,
CTX192601143,7,35,*op AQC.A /W*~4 peh (rs AR0&. Mit,Trash,0.4976,,,,,,
CTX192601143,7,36,e A Al (oo-M. RWXXcuq Auo y,Trash,0.5351,,,,,,
CTX192601143,7,37,n.. ~neL..,Trash,0.0541,,,,,,
CTX192601143,7,38,"vhMi~o SA ngir ehai—a~—t M (ULOqwAN- , 9i (E22rupo /á7zi",Trash,0.4814,,,,,,
CTX192601143,8,1,e,Non-text,0.0,,,,,,
CTX192601143,8,2,"""č 94 kt ek «doky(ak, eg 8o/erCa< """,Trash,0.3481,,,,,,
CTX192601143,8,3,"ju, v / CA. U A’",Trash,0.4338,,,,,,
CTX192601143,8,4,Uloak.Cl (j/a~o Nyvorow %A Xod2,Trash,0.5499,,,,,,
CTX192601143,8,5,/QnAl zalu m /GRu6 ANC.Cw Au 6 ow,Trash,0.4754,,,,,,
CTX192601143,8,6,"oluc. (82AU""AXAL (C",Trash,0.4265,,,,,,
CTX192601143,8,7,,Empty,0.0,,,,,,
CTX192601143,8,8,kolokohve ANUANL:H 06 01 m Aw A,Trash,0.5499,,,,,,
CTX192601143,8,9,"ta< (SnCoMim, sakic"" J ANe",Trash,0.4392,,,,,,
CTX192601143,8,10,U«al.L.co AoMCkeh‘MLeMi4- Ku,Trash,0.4659,,,,,,
CTX192601143,8,11,,Empty,0.0,,,,,,
CTX192601143,8,12,"‘ V&.a) , CC Vi / $ wue",Trash,0.3541,,,,,,
CTX192601143,8,13,,Empty,0.0,,,,,,
CTX192601143,8,14,Q.,Non-text,0.0,,,,,,
CTX192601143,8,15,A korvn Oh J4A0n.. d /,Trash,0.5168,,,,,,
CTX192601143,8,16,"• 6 ""i ""loa,cla 3 7*4** %w*o 0fI46Ao",Trash,0.4668,,,,,,
CTX192601143,8,17,"UBe ""soo JCuukarlop. nAonon.",Trash,0.486,,,,,,
CTX192601143,8,18,,Empty,0.0,,,,,,
CTX192601143,8,19,/4% /egr) *3Ao &,Trash,0.3833,,,,,,
CTX192601143,8,20,. ( eou) AXiUk 2 /nQ oeed,Trash,0.4159,,,,,,
CTX192601143,8,21,,Empty,0.0,,,,,,
CTX192601143,8,22,"y /""Pee:7 (). -",Non-text,0.0,,,,,,
CTX192601143,8,23,• co Aio Q .o w oa aku /V olu. • oreo,Trash,0.5499,,,,,,
CTX192601143,8,24,j! .A | 0. 00 ( ľ.,Non-text,0.0,,,,,,
CTX192601143,8,25,,Empty,0.0,,,,,,
CTX192601143,8,26,tWU,Non-text,0.0,,,,,,
CTX192601143,8,27,,Empty,0.0,,,,,,
CTX192601143,8,28,26/603 .4 do Aerk/*e.,Trash,0.4566,,,,,,
CTX192601143,8,29,". : &u, Rca v ( ce5.,",Trash,0.4116,,,,,,
CTX192601143,8,30,"X , C /oa(wt A",Non-text,0.0,,,,,,
CTX192601143,8,31,,Empty,0.0,,,,,,
CTX192601143,8,32,MA <,Trash,0.4836,,,,,,
CTX192601143,8,33,A. Alon A.,Clear,0.884,,,,,,
CTX192601143,8,34,L QeAIuw,Trash,0.2066,,,,,,
CTX192601143,8,35,UV..,Trash,0.1447,,,,,,
CTX192601143,8,36,(ODNu50,Trash,0.1502,,,,,,
CTX192601143,8,37,7,Non-text,0.0,,,,,,
CTX192601143,8,38,&G,Non-text,0.0,,,,,,
CTX192601143,8,39,,Empty,0.0,,,,,,
CTX192601143,8,40,"oreAu Avniny,",Trash,0.5499,,,,,,
CTX192601143,8,41,"1 M* ""( 3 ofwi-",Trash,0.3549,,,,,,
CTX192601143,8,42,,Empty,0.0,,,,,,
CTX192601143,8,43,Q olvŮewt,Trash,0.2032,,,,,,
CTX192601143,8,44,"""/wodké Alt lu&nvy A0g4rd (* fVrn),T""",Trash,0.5108,,,,,,
CTX192601143,8,45,yw «— 3 N(ow. AXNCopCa.. atow nfonwsvd (on,Trash,0.5711,,,,,,
CTX192601143,8,46,"JcGyMN A 502 A QxpANG/m (% t A) 0-14 ,""& A",Trash,0.5127,,,,,,
CTX192601143,8,47,,Empty,0.0,,,,,,
CTX192601143,8,48,Y.,Non-text,0.0,,,,,,
CTX192601143,8,49,o,Non-text,0.0,,,,,,
CTX192601143,8,50,fwo .,Trash,0.3009,,,,,,
CTX192601143,9,1,//4/26,Non-text,0.0,,,,,,
CTX192601143,10,1,/0 r,Non-text,0.0,,,,,,
CTX192601143,10,2,,Empty,0.0,,,,,,
CTX192601143,10,3,090 (- /MwNg,Trash,0.0045,,,,,,
CTX192601143,10,4,ACCorcr ô 0030%,Non-text,0.0,,,,,,
CTX192601143,10,5,3 /A3.(7*A(Kot,Trash,0.2679,,,,,,
CTX192601143,10,6,AQ NP N ovOno/,Trash,0.3215,,,,,,
CTX192601143,10,7,"J, i n t -",Trash,0.172,,,,,,
CTX192601143,10,8,,Empty,0.0,,,,,,
CTX192601143,10,9,[VO,Non-text,0.0,,,,,,
CTX192601143,10,10,,Empty,0.0,,,,,,
CTX192601143,10,11,UJou CMirA’ 7vvol,Trash,0.4915,,,,,,
CTX192601143,10,12,"""(TSNJ 0 I """,Trash,0.304,,,,,,
CTX192601143,10,13,/MonANI Nue (C.AA/u /,Trash,0.4404,,,,,,
CTX192601143,10,14,"o , ň I o íl h . j",Trash,0.4709,,,,,,
CTX192601143,10,15,C.,Non-text,0.0,,,,,,
CTX192601143,10,16,"ANBMA /V NX , ak 1 700 /""A*",Trash,0.4663,,,,,,
CTX192601143,10,17,"xn Jeoy. ko Cocoponanéa,rkv /A %4o /30/~",Trash,0.5384,,,,,,
CTX192601143,10,18,Aúibun AeAH HAn 2 CCocopadn(« — & -,Trash,0.4421,,,,,,
CTX192601143,10,19,UWt,Non-text,0.0,,,,,,
CTX192601143,10,20,"/Os* <k^'U dNnrollA.o /NE, ( Nes",Trash,0.3845,,,,,,
CTX192601143,10,21,t A e *wX c0y,Trash,0.4813,,,,,,
CTX192601143,10,22,& Ma G .Ach,Trash,0.2618,,,,,,
CTX192601143,10,23,"/ 0 0""WT 0“ (*070 rvcíU)9^YC",Trash,0.3311,,,,,,
CTX192601143,10,24,"d k, /Mya j-n Alyu ANCCCy.",Trash,0.5499,,,,,,
CTX192601143,10,25,"jroM A& A. , NvCaang A% oolXAh®",Trash,0.4383,,,,,,
CTX192601143,10,26,eoic M M/o‘ M- (2AN MGAuX Rn,Trash,0.4278,,,,,,
CTX192601143,10,27,,Empty,0.0,,,,,,
CTX192601143,10,28,"' ' "" k4že /olonbka,""3 Ege 94%",Trash,0.5372,,,,,,
CTX192601143,10,29,"nonč, mI 47 žn dn A' 1074 484 ""Nik 1726.",Trash,0.6183,,,,,,
CTX192601143,10,30,/N,Non-text,0.0,,,,,,
CTX192601143,10,31,wi~y Ulcak.l’,Trash,0.3297,,,,,,
CTX192601143,10,32,ť G** 2 /—**8,Non-text,0.0,,,,,,
CTX192601143,10,33,"eiMre Amg); (""AC/",Trash,0.485,,,,,,
CTX192601143,10,34,"vof*d ""I m r*ác2,",Trash,0.3962,,,,,,
CTX192601143,10,35,- AaNolewn Fywa. oLríuít,Trash,0.5244,,,,,,
CTX192601143,10,36,"""J“""",Non-text,0.0,,,,,,
CTX192601143,10,37,"3*7 0432/0""”° —N MOFAVA °®N",Non-text,0.0,,,,,,
CTX192601143,10,38,"v(vrrll.3 *o,M&ki Akg2N • ""-2-3",Trash,0.3539,,,,,,
CTX192601143,10,39,,Empty,0.0,,,,,,
CTX192601143,10,40,"( ""ul nmci NC gi AlN",Trash,0.4692,,,,,,
CTX192601143,10,41,", an‘d0/.ocAWuon) z ,",Trash,0.3218,,,,,,
CTX192601143,10,42,t f* /VC (YMW AV0 /WAOR ALOt,Trash,0.4992,,,,,,
CTX192601143,10,43,"AAmd Cvu, /WA. (u . ozuol,.",Trash,0.4637,,,,,,
CTX192601143,10,44,,Empty,0.0,,,,,,
CTX192601143,10,45,A/,Non-text,0.0,,,,,,
CTX192601143,11,1,2742/2%,Non-text,0.0,,,,,,
CTX192601143,11,2,« Rudl Anlore Alúda (~ dkon.,Trash,0.5499,,,,,,
CTX192601143,11,3,,Empty,0.0,,,,,,
CTX192601143,11,4,n.) % Xukao veRo /ekonileu,Trash,0.4778,,,,,,
CTX192601143,11,5,d,Non-text,0.0,,,,,,
CTX192601143,11,6,š AM Nalon (dovk)/ GhowmncAlr A /n,Trash,0.5499,,,,,,
CTX192601143,11,7,"% /i Neku 0e, A‘o{*i Av‘ /ehlu‘",Trash,0.4285,,,,,,
CTX192601143,11,8,"U, ou A. oN 1..,0 a , . '",Non-text,0.0,,,,,,
CTX192601143,11,9,MAOk.,Trash,0.1541,,,,,,
CTX192601143,11,10,1.Alns. (Ahdr T,Trash,0.4782,,,,,,
CTX192601143,11,11,Vutsp - 0i 3,Non-text,0.0,,,,,,
CTX192601143,11,12,"ADew., AendcQ AA(Q",Trash,0.4456,,,,,,
CTX192601143,11,13,/,Non-text,0.0,,,,,,
CTX192601143,11,14,"T, * • 3 ( d4Ny NV 07 "" 07° /s58/ ""3 (",Non-text,0.0,,,,,,
CTX192601143,11,15,Neu,Non-text,0.0,,,,,,
CTX192601143,11,16,,Empty,0.0,,,,,,
CTX192601143,11,17,"‘ ""A*o % ANog n swine( de c7hnori~- dN*4f okvi n* /18322;",Trash,0.4303,,,,,,
CTX192601143,11,18,ó,Non-text,0.0,,,,,,
CTX192601143,11,19,"X,eQ ACQ,7LeQ Qo",Trash,0.3109,,,,,,
CTX192601143,11,20,"Ap4.,M3Gz8."" m folké",Trash,0.4921,,,,,,
CTX192601143,11,21,( oN~ /Adah‘ ~~C A Ga.pon deAorv A,Trash,0.499,,,,,,
CTX192601143,11,22,"NMAc /‘30AA cOWMWieL Purul a 0. qAGUU., M",Trash,0.4742,,,,,,
CTX192601143,11,23,"mi (i A XGAn Q,",Trash,0.5499,,,,,,
CTX192601143,11,24,,Empty,0.0,,,,,,
CTX192601143,11,25,c,Non-text,0.0,,,,,,
CTX192601143,11,26,% (OAI,Trash,0.5979,,,,,,
CTX192601143,11,27,,Empty,0.0,,,,,,
CTX192601143,11,28,ť,Non-text,0.0,,,,,,
CTX192601143,11,29,,Empty,0.0,,,,,,
CTX192601143,11,30,Mal/- NCoUrC o pnfd «,Trash,0.5236,,,,,,
CTX192601143,11,31,,Empty,0.0,,,,,,
CTX192601143,11,32,4,Non-text,0.0,,,,,,
CTX192601143,11,33,,Empty,0.0,,,,,,
CTX192601143,11,34,Nalw . *ol Akkuy AidudAw. Mole Admo,Trash,0.5499,,,,,,
CTX192601143,11,35,70AM ANAo,Trash,0.2634,,,,,,
CTX192601143,11,36,,Empty,0.0,,,,,,
CTX192601143,11,37,/,Non-text,0.0,,,,,,
CTX192601143,11,38,ACMert464. Jigya /eac.,Trash,0.5499,,,,,,
CTX192601143,11,39,v (,Non-text,0.0,,,,,,
CTX192601143,11,40,"DocQ0., wiq‘ n",Trash,0.223,,,,,,
CTX192601143,11,41,wI / 2,Trash,0.2727,,,,,,
CTX192601143,11,42,C/oAt .,Trash,0.1604,,,,,,
CTX192601143,11,43,&oik * Mlu,Trash,0.3145,,,,,,
CTX192601143,11,44,,Empty,0.0,,,,,,
CTX192601143,11,45,"N UX.Ac 4 M0rnš,"" I osA & MtA",Trash,0.4673,,,,,,
CTX192601143,11,46,,Empty,0.0,,,,,,
CTX192601143,11,47,‘ V L C,Non-text,0.0,,,,,,
CTX192601143,11,48,"Aógy ( Aaj- /A), 70r/J? crgA AA rr. /Ano—— P0l4* (~*e",Trash,0.4459,,,,,,
CTX192601143,11,49,,Empty,0.0,,,,,,
CTX192601143,11,50,A. ~ £,Non-text,0.0,,,,,,
CTX192601143,12,1,■ Lue Ne,Trash,0.6088,,,,,,
CTX192601143,12,2,,Empty,0.0,,,,,,
CTX192601143,12,3,NiRac2 NLg A °Add 9,Trash,0.4766,,,,,,
CTX192601143,12,4,"oions "" pMAAAaM 33 /MT",Trash,0.519,,,,,,
CTX192601143,12,5,Alyrý cvod nede % Agrgr oAOrt,Trash,0.5499,,,,,,
CTX192601143,12,6,A./ Jo AOwA,Trash,0.2931,,,,,,
CTX192601143,12,7,,Empty,0.0,,,,,,
CTX192601143,12,8,"( 2C0AuN , 7 Aorz e ,(",Trash,0.4051,,,,,,
CTX192601143,12,9,I Alaolu ko Me~ H M ~ . — 1,Trash,0.4209,,,,,,
CTX192601143,12,10,,Empty,0.0,,,,,,
CTX192601143,12,11,) -U\U,Trash,0.1446,,,,,,
CTX192601143,12,12,,Empty,0.0,,,,,,
CTX192601143,12,13,1,Non-text,0.0,,,,,,
CTX192601143,12,14,,Empty,0.0,,,,,,
CTX192601143,12,15,"eZ-""orA) A*RM 0*4",Trash,0.2869,,,,,,
CTX192601143,12,16,,Empty,0.0,,,,,,
CTX192601143,12,17,"CCuusmi *ocA. ALnGMk,A",Trash,0.3267,,,,,,
CTX192601143,12,18,,Empty,0.0,,,,,,
CTX192601143,12,19,MLJ,Non-text,0.0,,,,,,
CTX192601143,12,20,,Empty,0.0,,,,,,
CTX192601143,12,21,At . O/wvi,Trash,0.3531,,,,,,
CTX192601143,12,22,,Empty,0.0,,,,,,
CTX192601143,12,23,AN(? /core/ entrMvró,Trash,0.5101,,,,,,
CTX192601143,12,24,II,Non-text,0.0,,,,,,
CTX192601143,12,25,)oekl AAOCv2t A,Trash,0.5499,,,,,,
CTX192601143,12,26,", • l 0Deo) I , .",Trash,0.55,,,,,,
CTX192601143,12,27,o eyntce,Trash,0.8,,,,,,
CTX192601143,12,28,Rom,Non-text,0.0,,,,,,
CTX192601143,12,29,dlo n Noema • «,Trash,0.5667,,,,,,
CTX192601143,12,30,,Empty,0.0,,,,,,
CTX192601143,12,31,Me/ S/wl 7o0oe,Trash,0.4161,,,,,,
CTX192601143,12,32,"/né0q 7 04 ( ore.‘ & ""00—U,",Non-text,0.0,,,,,,
CTX192601143,12,33,WAoz. AOGe / Ac /eAacz zryr,Trash,0.4789,,,,,,
CTX192601143,12,34,k A Aoni- 0H 4746 6,Trash,0.5499,,,,,,
CTX192601143,12,35,/AGol.@ Jan 7 /‘e /de (*MN C.,Trash,0.3514,,,,,,
CTX192601143,12,36,,Empty,0.0,,,,,,
CTX192601143,12,37,f V,Non-text,0.0,,,,,,
CTX192601143,12,38,‘/V (920 ( /dA,Non-text,0.0,,,,,,
CTX192601143,12,39,"CLe, - 260. , we j’ AnCs A",Trash,0.4103,,,,,,
CTX193001369,1,1,NĚ KATOVICE,Noisy,0.7392,,,,,,
CTX193001369,1,2,okr. Brandýs n/L.,Trash,0.5499,,,,,,
CTX193001369,1,3,GEC,Non-text,0.0,,,,,,
CTX193001369,1,4,,Empty,0.0,,,,,,
CTX193001369,1,5,"ČSL sTAT""I ARCaACONCCN t., .",Trash,0.4643,,,,,,
CTX193001369,1,6,ŕ : UW Dos & 837mm. i b.,Trash,0.442,,,,,,
CTX193001369,1,7,UJ - Počet pilo’a,Trash,0.5435,,,,,,
CTX193001369,1,8,,Empty,0.0,,,,,,
CTX193001369,1,9,Hroby se zvôncovymi poháry.,Clear,0.8848,,,hrob; pohár,,,
CTX193001369,1,10,,Empty,0.0,,,,,,
CTX193001369,1,11,F,Non-text,0.0,,,,,,
CTX193001369,2,1,A.,Non-text,0.0,,,,,,
CTX193001369,2,2,,Empty,0.0,,,,,,
CTX193001369,2,3,NERATOVICE.,Clear,0.8541,,,,,,
CTX193001369,2,4,okr. Brandýs n/L. GEC,Noisy,0.7265,,,,,,
CTX193001369,2,5,,Empty,0.0,,,,,,
CTX193001369,2,6,Hrobyse zvoncovými poháry,Clear,0.9609,,,pohár,,,
CTX193001369,2,7,,Empty,0.0,,,,,,
CTX193001369,2,8,"Na levém břehu Labe v Neratovicích, v pískovně továrny GEC roz-",Clear,0.9478,,,pískovna,,,
CTX193001369,2,9,"kládalose větší pohřebiště se zvoncovými poháry, jež bylo v r.1928",Clear,0.9396,,,pohřebiště; pohár,,,
CTX193001369,2,10,prozkoumáno St.A.0. *ot> 8y A*- * “7 -,Noisy,0.55,,,,,,
CTX193001369,2,11,' w.,Non-text,0.0,,,,,,
CTX193001369,2,12,"Hrob 1. / 20•A. 1928. / Poloha milodarů nemohla býti zjištěna,",Clear,0.8,,,hrob,,,
CTX193001369,2,13,"nebot obsah hrobu / 4 nádoby, nátepní destička a bronzová dýč-",Noisy,0.7999,,,hrob; nádoba,,,
CTX193001369,2,14,"ka / byl vybrán teprve způdy, zřícené následkem trvalých dešťů.",Clear,0.894,,,,,,
CTX193001369,2,15,"Nádoba 1. Zvoncový pohár s plochým dnem, tmavě Červený, na nezdobených",Clear,0.9314,,,nádoba; pohár,,,
CTX193001369,2,16,"částechvně jší strany jemně leštěný. VtlaČovaná výzdoba, nesoucí dosud",Clear,0.9249,,,,,,
CTX193001369,2,17,"stopy bé inkrustace, pokrývá v sedmi vodorovných pruzích celý povrch",Clear,0.9355,,,povrch,,,
CTX193001369,2,18,", poháru. Rozměry : v - 185""mm, pr. okraje - 20 mm, pr. dna - 80 mm.",Noisy,0.602,,,pohár,,,
CTX193001369,2,19,"Tb.I.,1. ; V., 4. č.neg420.",Noisy,0.55,,,,,,
CTX193001369,2,20,"Nádoba 2* Zvoncový pohár se zakulaceným, uprostřed promáčknutým dnem,",Clear,0.9156,,,nádoba; pohár,,,
CTX193001369,2,21,"tmavě červený, na nezdobených částech vnější strany hlazený. Výzdoba",Clear,0.9738,,,,,,
CTX193001369,2,22,"v některých místech silně bíle inkrustovaná, tvoří 5 vodorovných pruhů,",Clear,0.937,,,,,,
CTX193001369,2,23,pokrývajících ce_lý povrch nádoby až k proláklině ve dnu. Rozměry: v -,Clear,0.886,,,povrch; nádoba,,,
CTX193001369,2,24,"145 mm, pr. okraje - 167 mm, pr. dna - 57 mm. - •",Trash,0.4927,,,,,,
CTX193001369,2,25,"Tb.I. ,2. ; V.,2. č. neg. 421.",Noisy,0.55,,,,,,
CTX193001369,2,26,"Nádoba 3. Vysoký, mékce profilovaný pohár, hrubě hnětený ze žlutoše-",Clear,0.9207,,,nádoba; pohár,,,
CTX193001369,2,27,"dé hlíny. Rozměry ; v- 144 mm, pr. okraje - 125 mm, pr. dna 65mm:",Noisy,0.6153,,,hlína,,,
CTX193001369,2,28,"■Tb.I., 3. -C.neg.-421. '",Trash,0.3171,,,,,,
CTX193001369,2,29,"Nádoba 4. Široká mísa s, rovně seříznutým okrajem, přiněmž těsn"" umístS-",Clear,0.882,,,nádoba; mísa,,,
CTX193001369,2,30,no tunelovité ouško. Mísa spočívá na čtyřech nízkých nožkách. Roz/,Clear,0.9264,,,mísa,,,
CTX193001369,2,31,"měry : V - 78mm, pr. okraje - 282mm, v. nožek - 12mm. *",Noisy,0.6549,,,,,,
CTX193001369,2,32,"Tb. I., č. 4. ; 3, neg: 422,",Trash,0.4222,,,,,,
CTX193001369,2,33,"5 / Bronzová, dýčka trojúhelníkovitá, s řapem, jehož okraje jsou",Noisy,0.7999,,,,,,
CTX193001369,2,34,"mírně zvýšeny zvláště na jedné straně, jež je hladká, kdežto na druhé,",Clear,0.9709,,,,,,
CTX193001369,2,35,drsnější straně zvýšení není tak patrno. Hrot čepele chybí. Zachovaná,Clear,0.9647,,,hrot,,,
CTX193001369,3,1,"délka - 64mm, nejv. šířka - 35 mm’. • .",Noisy,0.6121,,,,,,
CTX193001369,3,2,"Tb. I. ,5. č,neg.423. . . ' •",Trash,0.3407,,,,,,
CTX193001369,3,3,"6/ Nátepní desička vybroušená ze šedočernéno vrstevnatého kamene,",Clear,0.9133,,,kámen,,,
CTX193001369,3,4,"mírně prohnutá podél delší osy, se čtyřmi otvory v rozích. Na vnější",Clear,0.9727,,,roh,,,
CTX193001369,3,5,straně destičkyi j sou zřetelně patrny * 2 9. .,Noisy,0.7367,,,,,,
CTX193001369,3,6,", , pričné ryhy, způsobené zpětným",Clear,0.8186,,,,,,
CTX193001369,3,7,"odrazem tětivy luku. Rozměry : d - 114mm/ při okrajích 111 mm/ , š -",Clear,0.8,,,luk,,,
CTX193001369,3,8,33 mm. - . ' .,Non-text,0.0,,,,,,
CTX193001369,3,9,"Tb.1.,6. č.neg423. j 1 "" ■ •",Trash,0.2522,,,,,,
CTX193001369,3,10,Hrob 1. získal p. Ševčík - viz č.j. 559/29. Aacu. .,Noisy,0.6938,,,hrob,,,
CTX193001369,3,11,Aie 27 “73 -C,Non-text,0.0,,,,,,
CTX193001369,3,12,"Hrob 2. / 26.1X.1928 ./ Kostra, jejíž lebka byla promáčknuta,",Clear,0.8,,,hrob; kostra,,,
CTX193001369,3,13,"spočívala na pravém boku, ve skrčený poloze.. Spodní čelist ležela pod",Clear,0.9652,,,,,,
CTX193001369,3,14,"lebkou. Milodary nenaleženy žádné.’ č.neg. 451,452. Tb. XIV.",Noisy,0.7321,,,,,,
CTX193001369,3,15,Kopal p. Ševčík - viz č.j. 560 /29. . - - -,Noisy,0.5514,,,,,,
CTX193001369,3,16,. 2 . .,Non-text,0.0,,,,,,
CTX193001369,3,17,■ ■ • .. ' . ..,Non-text,0.0,,,,,,
CTX193001369,3,18,|H r o b 3. / 1.x.1928. / . Poloha kostry a milodarů nemohla býti,Noisy,0.6897,,,kostra,,,
CTX193001369,3,19,"zjištěna, poněvadž, hrob byl nalezen ve zřícené půdě. . ‘",Clear,0.871,,,hrob,,,
CTX193001369,3,20,"Nádoba 1. Nízký, široký džbánek se slabě sevřeným, nezřetelně odsazeným",Clear,0.9294,,,nádoba,,,
CTX193001369,3,21,"hrdlem, jež jest překlenuto páskovým uchem. V největším objemu",Clear,0.9707,,,,,,
CTX193001369,3,22,břicha jest zaoblený lom. Vyroben jest z jemné tmavěšedé hlíny.,Clear,0.9623,,,lom; hlína,,,
CTX193001369,3,23,"Rozměry ; v - 88mm, pr. okraje - 76mm, v.hrdla - 33mm,pr .dna45mm.",Noisy,0.6471,,,,,,
CTX193001369,3,24,"Tb.II.,1. Č.neg. 424.",Noisy,0.55,,,,,,
CTX193001369,3,25,"Kepel P.r šedstzei, b 565/29 . _",Noisy,0.5645,,,,,,
CTX193001369,3,26,"Nádoba 2. polokulovitá mísa s rovně.šeřížnutým , nepatrně rozšířeným",Clear,0.8877,,,nádoba; mísa,,,
CTX193001369,3,27,"okrajem. Povrch žlutošedý, místy slabě lesklý. Rozměry : pr. - 230mm,",Clear,0.8007,,,povrch,,,
CTX193001369,3,28,"v.- 98mm, š.okraje - 13 mm.",Noisy,0.55,,,,,,
CTX193001369,3,29,"Tb.II. ,8. č.neg.424.",Noisy,0.55,,,,,,
CTX193001369,3,30,Hrob 2. získal p. Ševčík - viz č.j,Noisy,0.7353,,,hrob,,,
CTX193001369,3,31,560/29.,Non-text,0.0,,,,,,
CTX193001369,3,32,,Empty,0.0,,,,,,
CTX193001369,3,33,"Hrob 4. Kostra, spočívající ve skrčené poloze na levém boku, obličejem",Clear,0.9356,,,hrob; kostra,,,
CTX193001369,3,34,"k východu, byla velmi setlelá, pouze lebka byla poněkud lépe uchována.",Clear,0.9679,,,,,,
CTX193001369,3,35,"U nohou kostry ležely dva zdobené zvoncové poháry, z nichž",Clear,0.9668,,,kostra; pohár,,,
CTX193001369,3,36,větší spolu s malým džbánkem byly přikryty mísou. Po levé straně pánve,Clear,0.9824,,,mísa; pánev,,,
CTX193001369,3,37,"směrem k míse, byly dva pazourky. 8.neg.453-156. Tb.XV. .",Noisy,0.7941,,,mísa; pazourek,,,
CTX193001369,4,1,"Nádoba 1. Zvoncový'pohár s plochým dnem, tmavěčervený, místy světlejší .",Clear,0.8832,,,nádoba; pohár,,,
CTX193001369,4,2,"t , •",Non-text,0.0,,,,,,
CTX193001369,4,3,"na vnější straně jemně leštěný-,- pokrytý čtyřmi pruhy v tlač ovane výzdoby",Clear,0.9663,,,,,,
CTX193001369,4,4,"se zcela nepatrnými stopami bílé inkrustace. Rozměry : v- 112mm, pr. okr",Clear,0.8237,,,,,,
CTX193001369,4,5,"je - 125mm, pr.dna - 53mm.. - ■ .",Trash,0.4398,,,,,,
CTX193001369,4,6,"Tb.III.,1.; V,3. . :_neg.425,426. . ■' /",Trash,0.3605,,,,,,
CTX193001369,4,7,"Nádoba 2. Menší zvoncový pohár se zakulaceným, uprostřed promáčknutým .",Clear,0.8975,,,nádoba; pohár,,,
CTX193001369,4,8,"dnem, zdobený pěti pruhy jednoduchévtlačované výzdoby. Barva' šedožlutá, mj",Clear,0.9043,,,,,,
CTX193001369,4,9,"místy načervonalá, povrch lesklý,avšak z,větší části odřený. Rozměry;",Clear,0.9467,,,povrch,,,
CTX193001369,4,10,"v - 95mm, pr.okraje - 111mm, . *. - 5 . ■",Trash,0.4316,,,,,,
CTX193001369,4,11,"Tb. 1II.;2./ v.,4. ' ..425,126, 1.. •",Trash,0.352,,,,,,
CTX193001369,4,12,"Nádoba 4.ovitá mísa š vyznačeným dnem a značně rozšířeným, se-",Clear,0.8762,,,nádoba; mísa,,,
CTX193001369,4,13,"šikmeným okrajem, při němž sedí tunelovité ucho.-Rozměry : pr.okraje - 33",Clear,0.8485,,,,,,
CTX193001369,4,14,"337mm, pr. dna - 105mm,y -167mm: ■ Mísa jest na vnitřní ""straně červená,",Clear,0.8,,,mísa,,,
CTX193001369,4,15,na vnější straně .oranžová se šedožlutými skvrnami. ‘,Clear,0.9014,,,,,,
CTX193001369,4,16,"Tb.III.,4. č. neg, 427. . . "" /",Trash,0.3702,,,,,,
CTX193001369,4,17,"Pazourkový úlomek ""se stopami sekundární .retuše při zakulaceném konci.",Clear,0.9347,,,,,,
CTX193001369,4,18,"D - 40mm; Tb . IV.,5. 3. neg. 423.",Trash,0.386,,,,,,
CTX193001369,4,19,"Pazourkový úlomek plochý,",Clear,0.9443,,,,,,
CTX193001369,4,20,dl.,Non-text,0.0,,,,,,
CTX193001369,4,21,"34mm.. Tb.III.,6; Č. neg.423.",Trash,0.3486,,,,,,
CTX193001369,4,22,Vykopal p. Ševčík.- viz č,Noisy,0.725,,,,,,
CTX193001369,4,23,j •,Non-text,0.0,,,,,,
CTX193001369,4,24,""" < •""",Non-text,0.0,,,,,,
CTX193001369,4,25,"Hrob 5. Hrob nalezen ve spadlé hlíně, takže poloha kostry a milodaru",Clear,0.919,,,hrob; hlína; kostra,,,
CTX193001369,4,26,jest neznáma. Zachována byla paze třetina,Clear,0.9573,,,,,,
CTX193001369,4,27,"zvoncového poháru s trojúhelníčkovou vtlacovanou výzdobou, uspořádanou",Clear,0.9778,,,pohár,,,
CTX193001369,4,28,"ve vodorovných pruzích. Povrch jest šedočerný, mírně lesklý. Rozměry;",Clear,0.957,,,povrch,,,
CTX193001369,4,29,"v- 115mm,pr. ' okraje - ?4 pr. dna - ?",Trash,0.4674,,,,,,
CTX193001369,4,30,"Tb. V ; VI.,5. .neg,428. •",Trash,0.3548,,,,,,
CTX193001369,4,31,"Získal p. Ševčík, viz 3,3, 560/ 29. OAlda w.Juout 27- 7*",Trash,0.6475,,,,,,
CTX193001369,4,32,": . 1 ©,2.437/30",Trash,0.2672,,,,,,
CTX193001369,4,33,J . lAct as PzoleXle) -,Trash,0.3789,,,as,,,
CTX193001369,4,34,"H r o b TI. Kostra spočívala vo skrčené ploze na levém bozu, hlavou k",Clear,0.8193,,,kostra,,,
CTX193001369,4,35,"východu, nohami k západu. U nohou kostry ležel hrnek se- čtyřmi- oušky a",Clear,0.9225,,,kostra,,,
CTX193001369,4,36,tři pazourkové šipky. Hrob byl i s milodary v původní poloze vyzvednut a,Clear,0.9783,,,šipka; hrob,,,
CTX193001369,4,37,odvezen do Národního musea. 3.neg. 457-460. Tb.XVI .,Noisy,0.7697,,,,,,
CTX193001369,5,1,"/Nádobka se čtyřmi uchy,z nichž dvě jsou umístěna na nejužším místě",Clear,0.9713,,,,,,
CTX193001369,5,2,"nezřetelně vyznačeného hrdla,",Clear,0.945,,,,,,
CTX193001369,5,3,"Srubá 2 ouška,položená na",Noisy,0.7999,,,,,,
CTX193001369,5,4,ose kolmé,Clear,0.8868,,,,,,
CTX193001369,5,5,w) ■,Non-text,0.0,,,,,,
CTX193001369,5,6,"k ose, procházej ící předešlými",Clear,0.9523,,,,,,
CTX193001369,5,7,jsou na největším objemu,Clear,0.9774,,,,,,
CTX193001369,5,8,hrubo dvoj-,Clear,0.8854,,,,,,
CTX193001369,5,9,"konického spodku nádoby. Povrch drsný, šedavé žlutý. Rozměry: v -",Clear,0.9066,,,nádoba; povrch,,,
CTX193001369,5,10,pr.brala - mmä pr.dna - mm.,Trash,0.5499,,,,,,
CTX193001369,5,11,"Tb.V1.,1. č.neg.57. ‘ '",Trash,0.2516,,,,,,
CTX193001369,5,12,A,Non-text,0.0,,,,,,
CTX193001369,5,13,"2,4 Pazourková šipka, jemně vyretušovama y , . % .",Noisy,0.6598,,,šipka,,,
CTX193001369,5,14,"— = "" , s bočními stranami kogexně",Trash,0.5499,,,,,,
CTX193001369,5,15,prohnutými a s výrazně naznačenými křidálky. D. - mm.,Clear,0.8277,,,,,,
CTX193001369,5,16,"Tb.VI.,2. č.neg.580.",Trash,0.3461,,,,,,
CTX193001369,5,17,3/ Pazourkovášipka s jemně vypracovaným hrotem a rovně se sbíhají-,Clear,0.9225,,,hrot,,,
CTX193001369,5,18,"čími bočními stranami. D. - mm, š.- mm.",Noisy,0.6634,,,,,,
CTX193001369,5,19,"Tb.Vl. ,3. č.neg.586.",Noisy,0.55,,,,,,
CTX193001369,5,20,"4/ Pazourková široká šipka. D- mm,š.- mm. ' -",Noisy,0.5821,,,šipka,,,
CTX193001369,5,21,"Tb .VI. ,4. č.neg.480.",Noisy,0.55,,,,,,
CTX193001369,5,22,Zprávu o výkopu viz v č.j . 560/39. .,Clear,0.8,,,výkop,,,
CTX193001369,5,23,,Empty,0.0,,,,,,
CTX193001369,5,24,"Hrob VII./ 15.10.1928./ Tento hrob obsahoval žárový pohřeb,vlo-",Clear,0.874,,,hrob,,,
CTX193001369,5,25,• ženy volně vGemi . K pohřbu - podle -velikosti a -množství kostiček -,Clear,0.8114,,,,,,
CTX193001369,5,26,"patrně'dětskému, byly přiloženy 3 nádoby a 6 pazourkových' úlomků.",Clear,0.8646,,,nádoba,,,
CTX193001369,5,27,TÚ. XVII. č.neg.461-464. Hrob vyříznut a přenesen do N.M.,Clear,0.8,,,hrob,,,
CTX193001369,5,28,Nádoba 1. Měkce profilovaný zvoncový pohárek s pěti pruhy pečlivě,Clear,0.946,,,nádoba,,,
CTX193001369,5,29,"provedené vtlačované výzdoby. Okraj široce rozevřen, dno zaobleno.",Clear,0.9573,,,,,,
CTX193001369,5,30,"Rozměry: v - mm, pr.okraje - mm.",Noisy,0.631,,,,,,
CTX193001369,5,31,"Tb.VII.,1,2. č.neg.78. ■ .",Trash,0.3323,,,,,,
CTX193001369,5,32,Nádoba II. Vysoký pohár se slabě rozevřeným hrdlem a s nezřetelným,Clear,0.9517,,,nádoba; pohár,,,
CTX193001369,5,33,"lomem v nojetším objemu, hrubě pracovaný ze šedožluté hlíny. Rozměry",Clear,0.9577,,,lom; hlína,,,
CTX193001369,5,34,": v - mm,pr.hrdla - mm,pr.dna- mm.",Noisy,0.55,,,,,,
CTX193001369,5,35,"Tb.VII.,3. č.neg.579. '",Noisy,0.55,,,,,,
CTX193001369,5,36,Nádoba 3. Štíhlá amforka měkkého profilu/ se dvěma hrubými oušky na,Clear,0.9343,,,nádoba,,,
CTX193001369,5,37,"největším objemu břicha. Rozměry : v - mm, pr.Hrdla - mm, pr.dna",Clear,0.8,,,,,,
CTX193001369,5,38,- mm. .,Non-text,0.0,,,,,,
CTX193001369,5,39,"Tb.VlI.,4. č.neg.578. .",Noisy,0.55,,,,,,
CTX193001369,5,40,"4 - 9. / 6 pazourkových plochých odštěpků bez veškerých stop retuše,",Clear,0.8,,,,,,
CTX193001369,5,41,nepravidelných tvarů. • •,Clear,0.8,,,,,,
CTX193001369,5,42,"\ Tp .VII. ,5-10. č.neg.580.",Noisy,0.55,,,,,,
CTX193001369,5,43,i | z 7,Noisy,0.55,,,,,,
CTX193001369,5,44,'' I Správu o výkopu viz v č.j. 560/29. • *,Noisy,0.6909,,,výkop,,,
CTX193001369,6,1,"Hrob VIII. / 17.X. 1688. / Tento hrob byl značně rozrušen, takže vzbuzoval",Noisy,0.7999,,,hrob,,,
CTX193001369,6,2,"dojem, že již ve starých dobách byl odkryt a znovu zaházen, Z kostry se zachovalo",Clear,0.9547,,,kostra,,,
CTX193001369,6,3,"pouze několik kostí, z milodarů 2 nádoby. Jeden hrnek byl přes noc ukraden,",Clear,0.9366,,,kost; nádoba,,,
CTX193001369,6,4,Č* neg. 465-468. Tb. XVIII • . ■,Trash,0.4782,,,,,,
CTX193001369,6,5,"Mísa polokulovitá s vyznačeným dnem a vodorovně seříznutým, dovnitř silně rozšířeným",Clear,0.9882,,,mísa,,,
CTX193001369,6,6,"krika okrajem. Přímo, u okraje jest na jedné straně lištový výčnělek es",Clear,0.9424,,,,,,
CTX193001369,6,7,šesti mělkými příčnými zářezy. Na protilehlé straně jest podobný širší výčnělek,Clear,0.9851,,,,,,
CTX193001369,6,8,se dvěma vertikálními otvory o průměru 5mm.. Barva mísy je žlutošedá s Černými a,Clear,0.9418,,,mísa,,,
CTX193001369,6,9,"oranžovými skvrnami. Rozměry: pr. oRaje - 350mm, pr. dna - 127mm, v - lOOmm.",Noisy,0.6757,,,,,,
CTX193001369,6,10,Tb.. VIII. č.neg.429.,Noisy,0.55,,,,,,
CTX193001369,6,11,"Hrob VIII. kopal p, Bevsfk - via 6. j.. 560/29, Osuuxowo w.. du",Trash,0.5499,,,hrob,,,
CTX193001369,6,12,. 26-434/30.,Non-text,0.0,,,,,,
CTX193001369,6,13,"H r p b IX. Ärob nalezen ve spadlé zemi, takže poloha milodarů, a kostry nemohla",Noisy,0.7795,,,kostra,,,
CTX193001369,6,14,být i zjištěna.,Clear,0.9438,,,,,,
CTX193001369,6,15,Nádoba ±.. Nezdobený zvoncový pohár se zaobleným lomem na spoaní části. Dno,Clear,0.9226,,,nádoba; pohár; lom,,,
CTX193001369,6,16,"vyznačeno a mírně dovnitř promáčknuto, povrch na nepoškozených místech oranžově",Clear,0.9852,,,povrch,,,
CTX193001369,6,17,"červený, hlazený. Většina povrchu jest však korrodována, barvy šedožluté.",Clear,0.9554,,,povrch,,,
CTX193001369,6,18,"Rozměry : v - 112mm,pr.okraje - 145) pr. dna - 70mm. . .",Noisy,0.5584,,,,,,
CTX193001369,6,19,"T.IX. ,1. č.neg.430.. ' ..",Trash,0.3697,,,,,,
CTX193001369,6,20,Nádoba 2. Měkce profilovaný vysoký džbánek s hrdlem nahoře rozevřeným. Spod- .,Noisy,0.7999,,,nádoba,,,
CTX193001369,6,21,ní 2/3 hrdla jsou překlenuty širokým páskovým uchem. Žlutošedý povrch s tmavšími,Clear,0.9499,,,povrch,,,
CTX193001369,6,22,"skvrnami jest místy slabě vyhlazen. Rozměry : v- 146mm,pr. okraje - 127mm,",Clear,0.8,,,,,,
CTX193001369,6,23,"pr, dda - .57mm. • .",Trash,0.3801,,,,,,
CTX193001369,6,24,"Tb. IX. ,2. č.neg.430. -",Noisy,0.55,,,,,,
CTX193001369,6,25,,Empty,0.0,,,,,,
CTX193001369,6,26,"Nádoba 3. Hrubě pracovaný džbánek s páskovým uchem, měkce profilivaný. Dno",Clear,0.9347,,,nádoba,,,
CTX193001369,6,27,jest uprostřed dovnitř promáčknuto.Povrch šedožlutý s černými skvrnami.Rozměry,Clear,0.9685,,,povrch,,,
CTX193001369,6,28,": v- 87mm, pr. okraje - 57 mm,",Trash,0.4842,,,,,,
CTX193001369,6,29,"Tb, IX. ,3, č.neg. 431. -",Noisy,0.55,,,,,,
CTX193001369,6,30,Nádoba 4. Džbánek hbě pracovaný s páskovým uchem přes hrdlo nezřetelně vy-,Clear,0.9092,,,nádoba,,,
CTX193001369,6,31,•ps — — esemtribe -,Trash,0.4461,,,,,,
CTX193001369,6,32,značené. Dno jest dovnitř promáčknuto. Barva šedožlutá. Rozměry : pr. okraje,Clear,0.8875,,,,,,
CTX193001369,6,33,"-70 a 80 mm, v - 70 mm,",Non-text,0.0,,,,,,
CTX193001369,6,34,"Tb. IX. , 4. Č.neg.431. •",Noisy,0.55,,,,,,
CTX193001369,6,35,"Nádoba 5. Žlutošedá mistička s rovnými stěnami, drsného povrchu.Rozměry :",Noisy,0.7999,,,nádoba; povrch,,,
CTX193001369,6,36,"pr. okraje - 113mm, pr. dna 52mmr v - 43mm. • •",Trash,0.5499,,,,,,
CTX193001369,6,37,"Tb. IX. ,5. č.neg. 431. • ■",Trash,0.3551,,,,,,
CTX193001369,7,1,"Hrob X. . / 30, X. 1928. / V tomto hrobě nalezeno bylo pouze spáleniště",Clear,0.8,,,hrob,,,
CTX193001369,7,2,a na něm v malé jamce spálené lidské kosti. Hrob byl uložen mělko - pouze v,Clear,0.9545,,,kost; hrob,,,
CTX193001369,7,3,hloubce 38 cm. Xoe p. ftvÍL- A 5É0/&S.,Noisy,0.609,,,,,,
CTX193001369,7,4,,Empty,0.0,,,,,,
CTX193001369,7,5,"Hrob XI. POloha kostry a milodarů nemohla být i zjištěna, poněvadž dělníci",Clear,0.9033,,,hrob; kostra,,,
CTX193001369,7,6,sami hrob ze země vybrali.,Clear,0.9171,,,hrob,,,
CTX193001369,7,7,"Nádoba I , Zvoncový pohár s páskovým uchem, vybíhajícím z okraje, se dnem zak",Clear,0.9444,,,nádoba; pohár,,,
CTX193001369,7,8,"kulacemým a uprostřed dovnitř promáčknutým. Povrch jest leštěný, oranžově až",Clear,0.9779,,,povrch,,,
CTX193001369,7,9,"tmavě červený, v někerých místech odřený, špinavě žlutý. Rozměry : v - 115mm, p",Noisy,0.7999,,,,,,
CTX193001369,7,10,"pr. hrdla - 128mm, . . •",Trash,0.4156,,,,,,
CTX193001369,7,11,"Tb. X. ,1. Č. neg. 432. .",Noisy,0.55,,,,,,
CTX193001369,7,12,"Mdoba 2. Džbánek se široce rozevřeným odsazeným hrdlem a páskovým uchem,Dno",Clear,0.9429,,,,,,
CTX193001369,7,13,"jest vyznačeno a dovnitř promáčknuto. Povrch drsný ,šedožlutý s tmavšími skvr •",Clear,0.9164,,,povrch,,,
CTX193001369,7,14,"nami. Rozměry : . v - 87mm, pr. hrdla - ? ,",Trash,0.5499,,,,,,
CTX193001369,7,15,"Tb. X. ,2 • Č, neg. 432,",Trash,0.3483,,,,,,
CTX193001369,7,16,,Empty,0.0,,,,,,
CTX193001369,7,17,* ■ C •,Non-text,0.0,,,,,,
CTX193001369,7,18,", — a &.n *",Non-text,0.0,,,,,,
CTX193001369,7,19,,Empty,0.0,,,,,,
CTX193001369,7,20,"Hrob XII, Poloha kostry a milodarů jest neznáma.",Clear,0.9165,,,hrob; kostra,,,
CTX193001369,7,21,"Nádoba 1. Zvoncový pohár s páskovým uchema a vyznačeným dnem. Povrch drsný ,",Clear,0.9022,,,nádoba; pohár; povrch,,,
CTX193001369,7,22,"žlutavý až šedočerný. Rozměry ; v - 120mm, pr. hrdla 130mm, pr. dna - 60- 64nm.",Noisy,0.7177,,,,,,
CTX193001369,7,23,"Tb. XII. ,1. Č. neg. 433. •",Trash,0.4773,,,,,,
CTX193001369,7,24,Nádoba 2. Nýzký hrneček se Širokým dnem a s páskovým uchem. Barva žlutavá až še,Clear,0.9316,,,nádoba,,,
CTX193001369,7,25,"dočerná, povrch místy hlazený. Rozměry ; v - 80mm, pr. hrdla 92mm, Pr. dna 60mm",Clear,0.8,,,povrch,,,
CTX193001369,7,26,"Tb. XI. ,2. . Č.neg,433.",Noisy,0.55,,,,,,
CTX193001369,7,27,"Nádoba 3, Široký hrnek se zaobleným lomem ve spodní části, s malým dnem a s",Clear,0.951,,,nádoba; lom,,,
CTX193001369,7,28,"pásovým uchem těsně pod okrajem. Povrch disný, barva žlutošedá s Černými skvr-",Clear,0.9572,,,povrch,,,
CTX193001369,7,29,"nemi. Rozbry -» v - 113mm,pr. okraje - 130mm pr. dna. 50mm. ,",Noisy,0.6386,,,,,,
CTX193001369,7,30,"Tb. XI. ,3. č. neg. 434.",Noisy,0.55,,,,,,
CTX193001369,7,31,"Nádoba 4. Baňatý hrneček s páskovým uchem, vedeným přímo od rozevřeného okra-",Clear,0.9423,,,nádoba,,,
CTX193001369,7,32,"tpdsgistim IR . s | ,",Trash,0.5086,,,,,,
CTX193001369,7,33,"je. Dno, které jest velmi slabě vyznačeno, nese kříž z hlubokých prost ych linií",Clear,0.9722,,,,,,
CTX193001369,7,34,"Barva při okraji otanžově šedá, při spodku nádoby temnější* Rozměry : v - 80mm,",Clear,0.8459,,,nádoba,,,
CTX193001369,7,35,"pr. okraje 70mm, rozpětí-kříže 50mm. .",Clear,0.8,,,,,,
CTX193001369,7,36,"Tb. XI. ,4. Č. neg. 434,",Trash,0.4116,,,,,,
CTX193001369,7,37,Nádoba 5 • Štíhlá amforka se dvěm protilehlými uchy při okraji a se zřetelně,Clear,0.9265,,,nádoba,,,
CTX193001369,7,38,"vyznačeným dnem, přes něž se táhne mělká rýha, povrch místy hlazený, černošedý.",Clear,0.9664,,,povrch,,,
CTX193001369,7,39,"Rozměry ; v - 7 5mm , pr. hrdla 62mm, pr.-dna 36 mm.",Noisy,0.5912,,,,,,
CTX193001369,7,40,"Tb. XI. ,5. č.neg. 434. loluwxdaaq- W.—.-vi í, . A3/o",Trash,0.4032,,,,,,
CTX193001369,8,1,"Hrob XIII. Hrob nalezen dělníky ve hloubce 20 - 30 cm , kosti prý nebyly",Clear,0.8407,,,hrob; kost,,,
CTX193001369,8,2,žádné. .,Noisy,0.7364,,,,,,
CTX193001369,8,3,"Nádoba 1. Zvoncový pohár se široce rozevřeným okrajem, s mělkou proláklinou mís",Clear,0.949,,,nádoba; pohár; mísa,,,
CTX193001369,8,4,"místo dna. Povrch drsný, světlečervený s šedočernými skvrnami, Rozměry :v -",Clear,0.9185,,,povrch,,,
CTX193001369,8,5,"103mm, pr. okraje 125 mm. pr. prolákliny 33 mm. Doplněný. Rozměry : v - 103 mm,",Trash,0.5499,,,,,,
CTX193001369,8,6,"pr. okraje - 325mm, pr. prolákliny - 33mm. Ě",Clear,0.8,,,,,,
CTX193001369,8,7,"T.XII, ,1. č.neg.435.",Noisy,0.55,,,,,,
CTX193001369,8,8,"Nádoba 2. Džbánek s vysokým odsazeným hrdlem, jež jest překlenuto páskovým uchem.",Clear,0.9446,,,nádoba,,,
CTX193001369,8,9,"Povrch drsný, žlutošedý. Rozměry ; v - 76 mm, pr. okraje - 60 mm, pr.dna",Clear,0.8,,,povrch,,,
CTX193001369,8,10,36mm. .,Non-text,0.0,,,,,,
CTX193001369,8,11,"Tb. XII. ,2. č.neg.435. Odup-dolr N..** 27/63/3.",Noisy,0.55,,,,,,
CTX193001369,8,12,,Empty,0.0,,,,,,
CTX193001369,8,13,Hrob XIV. Poloha kostry a milodarů neznáma. Hrob obsahoval pouze,Clear,0.9558,,,hrob; kostra,,,
CTX193001369,8,14,"džbánek s prohnutým hrdlem, na němž sedí široké páskové ucho. Na zakulaceném",Clear,0.9769,,,,,,
CTX193001369,8,15,"spodku nádoby jest místo dna okrouhlá proláklina o pr. 38,,. Rozměry : v -",Noisy,0.7967,,,nádoba,,,
CTX193001369,8,16,"103M,pr. okraje - 102mm. Povrch hnědošedý , mírně lesklý. '",Noisy,0.7221,,,povrch,,,
CTX193001369,8,17,"Tb. XIII. ,1. č. neg. 426. J. J. - «~ č• / • /83/10 '",Trash,0.3819,,,,,,
CTX193001369,8,18,,Empty,0.0,,,,,,
CTX193001369,8,19,"Hrob XV, Poloha kostry a milodarů neznáma ., Osahoval pouze střep nezdobeného,",Noisy,0.7999,,,hrob; kostra,,,
CTX193001369,8,20,"zvoncového poháru,",Clear,0.9127,,,pohár,,,
CTX193001369,8,21,"""OAWvola.,- w. J. - 0,n. 40/%0. """,Non-text,0.0,,,,,,
CTX193001369,8,22,,Empty,0.0,,,,,,
CTX193001369,8,23,Lodarv v původní poloze vyzvednut a,Clear,0.9633,,,,,,
CTX193001369,10,1,i,Non-text,0.0,,,,,,
CTX193001369,10,2,,Empty,0.0,,,,,,
CTX193001369,10,3,1,Non-text,0.0,,,,,,
CTX193001369,11,1,NtrcitowííX.,Trash,0.1346,,,,,,
CTX193001369,11,2,PB . MehiA,Trash,0.2571,,,,,,
CTX193001369,11,3,6B.,Non-text,0.0,,,,,,
CTX193001369,11,4,,Empty,0.0,,,,,,
CTX193001369,11,5,z.62.1369/o,Non-text,0.0,,,,,,
CTX193001369,11,6,,Empty,0.0,,,,,,
CTX193001369,11,7,"Grál L, ^kclettarai.",Trash,0.4566,,,,,,
CTX193001369,11,8,,Empty,0.0,,,,,,
CTX193001369,11,9,"Neraovice. ( Brandvs ""/L.) . Mrob W., kostrovv . —",Trash,0.5499,,,,,,
CTX193001369,12,1,z.6Z. 1369/0,Non-text,0.0,,,,,,
CTX193001369,12,2,z.6Z. 1369/0,Non-text,0.0,,,,,,
CTX193001369,12,3,,Empty,0.0,,,,,,
CTX193001369,12,4,"Grad t, 5e2e497ad- •",Trash,0.5225,,,,,,
CTX193001369,12,5,,Empty,0.0,,,,,,
CTX193001369,12,6,Neratovice . C Bran d.Aj$ n/.). Hrob E.z Rostrovu,Trash,0.5976,,,hrob,,,
CTX193001369,13,1,PB,Non-text,0.0,,,,,,
CTX193001369,13,2,6B,Trash,0.2483,,,,,,
CTX193001369,13,3,,Empty,0.0,,,,,,
CTX193001369,13,4,Neratovice.(Brandys */*.). Hrob .kos*-.,Trash,0.5062,,,hrob,,,
CTX193001369,14,1,P8.MeZnzk,Trash,0.2083,,,,,,
CTX193001369,14,2,,Empty,0.0,,,,,,
CTX193001369,14,3,Nerotovice . (Bramos,Trash,0.5499,,,,,,
CTX193001369,14,4,"/z.), Ayob V., kostrovy",Trash,0.5499,,,,,,
CTX193001369,15,1,b/eralowýřt_,Trash,0.1423,,,,,,
CTX193001369,15,2,Pg. M/ník,Noisy,0.6549,,,,,,
CTX193001369,15,3,e B - -,Non-text,0.0,,,,,,
CTX193001369,15,4,,Empty,0.0,,,,,,
CTX193001369,15,5,Z. 62. 15Í9ÄP,Non-text,0.0,,,,,,
CTX193001369,15,6,,Empty,0.0,,,,,,
CTX193001369,15,7,Z. 62. 15Í9ÄP,Non-text,0.0,,,,,,
CTX193001369,15,8,,Empty,0.0,,,,,,
CTX193001369,15,9,"2. ^raíP, 2.",Trash,0.1353,,,,,,
CTX193001369,15,10,,Empty,0.0,,,,,,
CTX193001369,15,11,"1. 6ra22,1.",Trash,0.2291,,,,,,
CTX193001369,15,12,,Empty,0.0,,,,,,
CTX193001369,15,13,"4. Grall,2",Trash,0.55,,,,,,
CTX193001369,15,14,,Empty,0.0,,,,,,
CTX193001369,15,15,GxMMM.MM.a,Trash,0.0,,,,,,
CTX193001369,15,16,VX5P3SosAX,Non-text,0.0,,,,,,
CTX193001369,15,17,AAMMNAbSSOAO,Trash,0.1465,,,,,,
CTX193001369,15,18,FAXAPOOXAXXXX,Non-text,0.0,,,,,,
CTX193001369,15,19,0YM2aAS2AMOSA2CXs,Non-text,0.0,,,,,,
CTX193001369,15,20,,Empty,0.0,,,,,,
CTX193001369,15,21,5. 6ral K.,Trash,0.55,,,,,,
CTX193001369,15,22,"3. Gra], E>Z.",Trash,0.4211,,,,,,
CTX193001369,15,23,,Empty,0.0,,,,,,
CTX193001369,15,24,NeratovicelokrBrandůs n/L.).,Trash,0.4498,,,,,,
CTX193001369,15,25,Otnamentyzvoncovvekpohdr*:obrdArobrpdrd.Nrobl.zi,Trash,0.2778,,,,,,
CTX193001369,15,26,"obr.3.Hrob .4, obr. 4. Hrob .2, obr, 5- Hrob Z. —",Trash,0.6735,,,hrob,,,
CTX193001369,16,1,NeToiboysti.,Trash,0.2408,,,,,,
CTX193001369,16,2,PB.ýfe7ni/c,Trash,0.134,,,,,,
CTX193001369,16,3,6R.,Non-text,0.0,,,,,,
CTX193001369,16,4,,Empty,0.0,,,,,,
CTX193001369,16,5,zCí-iBCO/se,Trash,0.2212,,,,,,
CTX193001369,16,6,,Empty,0.0,,,,,,
CTX193001369,16,7,VI .,Trash,0.461,,,,,,
CTX193001369,16,8,VI .,Trash,0.461,,,,,,
CTX193001369,16,9,,Empty,0.0,,,,,,
CTX193001369,16,10,Gro # Skelekyrol .,Trash,0.6436,,,,,,
CTX193001369,16,11,,Empty,0.0,,,,,,
CTX193001369,16,12,2. 3. 4,Non-text,0.0,,,,,,
CTX193001369,16,13,,Empty,0.0,,,,,,
CTX193001369,16,14,I.,Non-text,0.0,,,,,,
CTX193001369,16,15,,Empty,0.0,,,,,,
CTX193001369,16,16,Neraovice ( Brandýs,Trash,0.7394,,,,,,
CTX193001369,16,17,,Empty,0.0,,,,,,
CTX193001369,16,18,"~/*). Hrob VI., kosrov.",Trash,0.5109,,,hrob,,,
CTX193001369,17,1,Nercth ndlz,Trash,0.5499,,,,,,
CTX193001369,17,2,78.,Non-text,0.0,,,,,,
CTX193001369,17,3,6 • / * -,Non-text,0.0,,,,,,
CTX193001369,17,4,,Empty,0.0,,,,,,
CTX193001369,17,5,2.62. 1369/30,Non-text,0.0,,,,,,
CTX193001369,17,6,2.62. 1369/30,Non-text,0.0,,,,,,
CTX193001369,17,7,2.62. 1369/30,Non-text,0.0,,,,,,
CTX193001369,17,8,,Empty,0.0,,,,,,
CTX193001369,17,9,Nerarovice,Clear,0.8785,,,,,,
CTX193001369,17,10,,Empty,0.0,,,,,,
CTX193001369,17,11,"(okr. Brandys’/L.) HrobVIl., žárový. -",Trash,0.55,,,,,,
CTX193001369,18,1,Neralowklz,Clear,0.8,,,,,,
CTX193001369,18,2,?B.M/Uík,Trash,0.5165,,,,,,
CTX193001369,18,3,"6B , * -",Non-text,0.0,,,,,,
CTX193001369,18,4,,Empty,0.0,,,,,,
CTX193001369,18,5,z -62-369/3,Non-text,0.0,,,,,,
CTX193001369,18,6,vili.,Non-text,0.0,,,,,,
CTX193001369,18,7,,Empty,0.0,,,,,,
CTX193001369,18,8,"Neratovice(Brandys""/e)Z0robVl/kosrovr",Trash,0.364,,,,,,
CTX193001369,19,1,IVercJoiym. zíí. 1369/50,Non-text,0.0,,,,,,
CTX193001369,19,2,Pg Útulni í -,Trash,0.55,,,,,,
CTX193001369,19,3,tí/,Non-text,0.0,,,,,,
CTX193001369,19,4,,Empty,0.0,,,,,,
CTX193001369,19,5,6Pad #7 -,Trash,0.2924,,,,,,
CTX193001369,19,6,,Empty,0.0,,,,,,
CTX193001369,19,7,"Neratovice.(Brandys""/).. }robIX.,kosrovy,",Trash,0.4971,,,,,,
CTX193001369,20,1,z-62. 1369/30,Non-text,0.0,,,,,,
CTX193001369,20,2,P yMehnk,Trash,0.2596,,,,,,
CTX193001369,20,3,,Empty,0.0,,,,,,
CTX193001369,20,4,Ara,Non-text,0.0,,,,,,
CTX193001369,20,5,,Empty,0.0,,,,,,
CTX193001369,20,6,"Neraovice.(Branols ""/e]. Huob XI,kostrovy.",Trash,0.5499,,,,,,
CTX193001369,21,1,Neŕa^wt4,Non-text,0.0,,,,,,
CTX193001369,21,2,PB.jitlník,Trash,0.2315,,,,,,
CTX193001369,21,3,"6B,/ ~. —",Non-text,0.0,,,,,,
CTX193001369,21,4,,Empty,0.0,,,,,,
CTX193001369,21,5,Z. 62. 1369/30,Non-text,0.0,,,,,,
CTX193001369,21,6,,Empty,0.0,,,,,,
CTX193001369,21,7,Gpe3H—Sketeltored.,Trash,0.5499,,,,,,
CTX193001369,21,8,— V,Non-text,0.0,,,,,,
CTX193001369,21,9,,Empty,0.0,,,,,,
CTX193001369,21,10,"Neratovice.CBrandys""e.)..Frob XII., kostrov",Trash,0.5499,,,,,,
CTX193001369,22,1,7.62-1369/3 A íl,Noisy,0.6079,,,,,,
CTX193001369,22,2,,Empty,0.0,,,,,,
CTX193001369,22,3,"N eolovice -í Brand (s""/e). Hrob XIII. _",Trash,0.5499,,,hrob,,,
CTX193001369,23,1,Neríxto^ťtt.,Trash,0.0628,,,,,,
CTX193001369,23,2,PB.Půlník,Trash,0.2669,,,,,,
CTX193001369,23,3,,Empty,0.0,,,,,,
CTX193001369,23,4,z -62- 1369/10,Non-text,0.0,,,,,,
CTX193001369,23,5,z -62- 1369/10,Non-text,0.0,,,,,,
CTX193001369,23,6,z -62- 1369/10,Non-text,0.0,,,,,,
CTX193001369,23,7,,Empty,0.0,,,,,,
CTX193001369,23,8,X1)),Non-text,0.0,,,,,,
CTX193001369,23,9,X1)),Non-text,0.0,,,,,,
CTX193001369,23,10,,Empty,0.0,,,,,,
CTX193001369,23,11,"&ret=*u,SkeZc qzab ■",Trash,0.4558,,,,,,
CTX193001369,23,12,,Empty,0.0,,,,,,
CTX193001369,23,13,"Nerotovice.lBrandysŽel.%robX.,kos2r",Trash,0.3587,,,,,,
CTX193001369,24,1,Net^tíwztx,Trash,0.1142,,,,,,
CTX193001369,24,2,P& /Mezník,Trash,0.4001,,,mezník,,,
CTX193001369,24,3,6/ ~,Non-text,0.0,,,,,,
CTX193001369,24,4,,Empty,0.0,,,,,,
CTX193001369,24,5,z .62 l^Ao,Non-text,0.0,,,,,,
CTX193001369,24,6,,Empty,0.0,,,,,,
CTX193001369,24,7,z .62 l^Ao,Non-text,0.0,,,,,,
CTX193001369,24,8,,Empty,0.0,,,,,,
CTX193001369,24,9,z .62 l^Ao,Non-text,0.0,,,,,,
CTX193001369,24,10,XIV,Non-text,0.0,,,,,,
CTX193001369,24,11,,Empty,0.0,,,,,,
CTX193001369,24,12,"Neraovice.(Brandys n/&).-Hrobl., kostrovy.",Trash,0.5499,,,,,,
CTX193001369,24,13,v,Non-text,0.0,,,,,,
CTX193001369,24,14,0. ‘W,Non-text,0.0,,,,,,
CTX193001369,24,15,. 452.,Non-text,0.0,,,,,,
CTX193001369,25,1,Ne,Non-text,0.0,,,,,,
CTX193001369,25,2,PB,Non-text,0.0,,,,,,
CTX193001369,25,3,lni A.,Clear,0.885,,,,,,
CTX193001369,25,4,,Empty,0.0,,,,,,
CTX193001369,25,5,PliVr,Trash,0.31,,,,,,
CTX193001369,25,6,"L.Ao 454,",Noisy,0.7013,,,,,,
CTX193001369,25,7,,Empty,0.0,,,,,,
CTX193001369,25,8,P2./.,Non-text,0.0,,,,,,
CTX193001369,25,9,.453.,Non-text,0.0,,,,,,
CTX193001369,25,10,,Empty,0.0,,,,,,
CTX193001369,25,11,Neratovice.(Brandysw/*).Hrobľ.kostrovy.,Trash,0.329,,,,,,
CTX193001369,26,1,X. 62. 1364/ XVI,Non-text,0.0,,,,,,
CTX193001369,26,2,X. 62. 1364/ XVI,Non-text,0.0,,,,,,
CTX193001369,26,3,,Empty,0.0,,,,,,
CTX193001369,26,4,"zal L.,",Trash,0.6146,,,,,,
CTX193001369,26,5,Meleeyrad.,Trash,0.5431,,,,,,
CTX193001369,26,6,Pbhr.,Trash,0.4251,,,,,,
CTX193001369,26,7,.29.457-,Non-text,0.0,,,,,,
CTX193001369,26,8,,Empty,0.0,,,,,,
CTX193001369,26,9,Pl/Vr.,Trash,0.3555,,,,,,
CTX193001369,26,10,,Empty,0.0,,,,,,
CTX193001369,26,11,"Neratovice.(Brandys n/). Jrob VI.,kostrovy. —",Trash,0.5499,,,,,,
CTX193001369,26,12,CL) pohleo od jihu,Noisy,0.7875,,,,,,
CTX193001369,26,13,SeverW,Trash,0.1978,,,,,,
CTX193001369,27,1,Neratb*ítž.,Trash,0.1909,,,,,,
CTX193001369,27,2,PĚ> ■ ^eiink,Trash,0.1448,,,,,,
CTX193001369,27,3,6B • / - • - -,Non-text,0.0,,,,,,
CTX193001369,27,4,,Empty,0.0,,,,,,
CTX193001369,27,5,.62. 1369/36,Non-text,0.0,,,,,,
CTX193001369,27,6,.62. 1369/36,Non-text,0.0,,,,,,
CTX193001369,27,7,,Empty,0.0,,,,,,
CTX193001369,27,8,XVII,Non-text,0.0,,,,,,
CTX193001369,27,9,XVII,Non-text,0.0,,,,,,
CTX193001369,27,10,XVII,Non-text,0.0,,,,,,
CTX193001369,27,11,,Empty,0.0,,,,,,
CTX193001369,27,12,"Grab +, Bzazagraé",Trash,0.5499,,,,,,
CTX193001369,27,13,,Empty,0.0,,,,,,
CTX193001369,27,14,P2N7-,Trash,0.1787,,,,,,
CTX193001369,27,15,.0.462,Non-text,0.0,,,,,,
CTX193001369,27,16,,Empty,0.0,,,,,,
CTX193001369,27,17,22.4-.,Non-text,0.0,,,,,,
CTX193001369,27,18,.neq. 464 .,Non-text,0.0,,,,,,
CTX193001369,27,19,,Empty,0.0,,,,,,
CTX193001369,27,20,"Nerarovice( Brandys’/L) ŕ/robse zvone.poháry VII.,Zarovy.",Trash,0.5499,,,pohár,,,
CTX193001369,28,1,"G2e3 +, iedetzra,.",Trash,0.526,,,,,,
CTX193001369,28,2,,Empty,0.0,,,,,,
CTX193001369,28,3,z. 62. 1369/0 XVIII.,Non-text,0.0,,,,,,
CTX193001369,28,4,z. 62. 1369/0 XVIII.,Non-text,0.0,,,,,,
CTX193001369,28,5,z. 62. 1369/0 XVIII.,Non-text,0.0,,,,,,
CTX193001369,28,6,,Empty,0.0,,,,,,
CTX193001369,28,7,/7Ar,Trash,0.1828,,,,,,
CTX193001369,28,8,.neq . 465 .,Non-text,0.0,,,,,,
CTX193001369,28,9,,Empty,0.0,,,,,,
CTX193001369,28,10,Tlh..,Trash,0.3474,,,,,,
CTX193001369,28,11,č.nea. 466.,Noisy,0.6947,,,,,,
CTX193001369,28,12,,Empty,0.0,,,,,,
CTX193001369,28,13,"poháry VII., koshovy.",Clear,0.8185,,,pohár,,,
CTX195603828,1,1,Věc : Stará Kouřim / Kolín/,Noisy,0.7839,,,,,,
CTX195603828,1,2,v Praze dne 6.října 1956.,Noisy,0.7999,,,,,,
CTX195603828,1,3,Výzkum slovanského hradiště,Clear,0.9784,,,hradiště,,,
CTX195603828,1,4,Zpráva za září 1956.,Noisy,0.7999,,,,,,
CTX195603828,1,5,,Empty,0.0,,,,,,
CTX195603828,1,6,"Vedoucím výzkumu • Dr ""iloš Solle ,",Noisy,0.7038,,,,,,
CTX195603828,1,7,"Spolupracovali • r V. Vojáček, J.Hub.",Noisy,0.7372,,,,,,
CTX195603828,1,8,"Počet dělníků : 4 stálí , 4 výpomocní.",Noisy,0.7582,,,,,,
CTX195603828,1,9,,Empty,0.0,,,,,,
CTX195603828,1,10,Práce :,Noisy,0.6963,,,,,,
CTX195603828,1,11,Pracoviště 1/56 : Práce na tomto úseku uzavřena.Rozšířenou,Noisy,0.7999,,,,,,
CTX195603828,1,12,"křížovou sondou bylo ověřeno ukončení hradby středního vslu,",Clear,0.9809,,,sonda; hradba,,,
CTX195603828,1,13,připnutého k jižnímu srázu hradiska a horizontální a vertikální,Clear,0.9884,,,,,,
CTX195603828,1,14,výzkumnou metodou zjištěn charakter opevnění přemyslovského,Clear,0.9888,,,opevnění,,,
CTX195603828,1,15,typu s kamennou a roštovou dřevěnou konsttukcí valového,Clear,0.9648,,,,,,
CTX195603828,1,16,tělesa.Pozůstatky dřevěné konstrukce místy i positivně nachovány.,Clear,0.9708,,,,,,
CTX195603828,1,17,,Empty,0.0,,,,,,
CTX195603828,1,18,Pracoviště 2/56: Na tomto úseku pare 826 zachyceny stopy,Clear,0.8856,,,,,,
CTX195603828,1,19,jižní hradby na okr- ji hradiska s kamennou,Clear,0.9598,,,hradba; okr,,,
CTX195603828,1,20,patou ve formě zřetelné kamenné podezdívky.Za touto kamennnou,Clear,0.9513,,,,,,
CTX195603828,1,21,podezdívkou zjištěn sídlištní prostor s popelovitými vrstvami,Clear,0.9826,,,,,,
CTX195603828,1,22,"a nálezy , příčně členěný zídkou a řadou kůlů.e nutno zde rozlišit",Clear,0.9421,,,kůl,,,
CTX195603828,1,23,2 základní slovanské sídlištní fáse a třetí ve formě stavební,Clear,0.9484,,,,,,
CTX195603828,1,24,úpravy. Z nejstarší fáse pocházejí 3 hluboké zásobní LÁzE,Clear,0.8832,,,,,,
CTX195603828,1,25,j ámy .,Non-text,0.0,,,,,,
CTX195603828,1,26,Pracoviště 5/56: Sondou bylo zachyceno prostorově omezené řadové,Clear,0.9297,,,sonda,,,
CTX195603828,1,27,pohřebiště s 20 hrobovými jamami a 57,Noisy,0.7999,,,pohřebiště,,,
CTX195603828,1,28,"pohřby.Hroby byly obloženy kameny,kostry v natažené poloze",Clear,0.9581,,,hrob; kámen; kostra,,,
CTX195603828,1,29,"V-Z orientace,často etažovitě nad sebou uložené.Většina pohřbů",Clear,0.9031,,,,,,
CTX195603828,1,30,byla bez milodarů a bez ozdob. ' jedné čtvrtiny byly přiloženy,Clear,0.929,,,ozdoba,,,
CTX195603828,1,31,"věci osobní potřeby.""atím byl nejpříznačněxjší pohřeb muže",Clear,0.9581,,,,,,
CTX195603828,1,32,"s 2 železnými nožíky a brouskem, a pohřeb dítěte s esovitou",Clear,0.9416,,,brousek,,,
CTX195603828,1,33,"bronzovou záušničkou ,perlovým náhrdelníkem a částí textilie.",Clear,0.9598,,,náhrdelník,,,
CTX195603828,1,34,"Pohřebiště lze předběžně datovat do mladší hradištní periody,",Clear,0.9797,,,pohřebiště,,,
CTX195603828,1,35,lze je určit jako křeštanské. Významná je sama existence pohřebiště,Clear,0.9705,,,pohřebiště,,,
CTX195603828,1,36,"na hradišti, jeho umístění v těsné souvislosti s jezírkem",Clear,0.9804,,,hradiště,,,
CTX195603828,2,1,"u Libuše.Pohřebiště není celé prokopáno,v příštím roce bude nutno",Clear,0.9685,,,pohřebiště,,,
CTX195603828,2,2,celé prozkoumat plošným odkryvem při čemž byde naděje objeviti i,Clear,0.9806,,,,,,
CTX195603828,2,3,kostel nebo jiné centrum hrobové akumulace.,Clear,0.9701,,,kostel,,,
CTX195603828,2,4,Vystopování tohoto pohřebiště je hlavním úspěchem předchozí,Clear,0.9902,,,pohřebiště,,,
CTX195603828,2,5,fosfátové metody.,Clear,0.9261,,,,,,
CTX195603828,2,6,,Empty,0.0,,,,,,
CTX195603828,2,7,Výzkum bude uzavřen po stránce výzkumné 10.10 t.r. do konce,Noisy,0.7999,,,,,,
CTX195603828,2,8,měsíce budou sondy zaházeny bez účasti vedoucího výzkumu.,Clear,0.9801,,,sonda,,,
CTX195704328,1,1,Kat- obec: C H 0 D O UNY,Noisy,0.5499,,,,,,
CTX195704328,1,2,Osada:,Clear,0.8626,,,,,,
CTX195704328,1,3,Trať: Čmejlova pískovna,Clear,0.9512,,,pískovna,,,
CTX195704328,1,4,,Empty,0.0,,,,,,
CTX195704328,1,5,tou;,Noisy,0.5499,,,,,,
CTX195704328,1,6,Okres: Roudnice n. Labem,Noisy,0.7999,,,,,,
CTX195704328,1,7,,Empty,0.0,,,,,,
CTX195704328,1,8,4 - 1957,Non-text,0.0,,,,,,
CTX195704328,1,9,,Empty,0.0,,,,,,
CTX195704328,1,10,T>r«l.. a k«Uurn: ojedinělý - únětická,Noisy,0.5989,,,,,,
CTX195704328,1,11,pohřebiště - lužická,Clear,0.8332,,,pohřebiště,,,
CTX195704328,1,12,ved. výzkurnu,Clear,0.8749,,,,,,
CTX195704328,1,13,Zdráva / za obdobi,Noisy,0.7783,,,,,,
CTX195704328,1,14,veý. oddélcni,Clear,0.8054,,,,,,
CTX195704328,1,15,,Empty,0.0,,,,,,
CTX195704328,1,16,"Dne 26.1X.1957 jsem zajel do Chodoun, abych zjistil možnosti",Clear,0.9161,,,,,,
CTX195704328,1,17,"výzkumu lužického žárového pohřebiště, plánovaného na srpen 1958# Naleziště",Clear,0.9283,,,pohřebiště,,,
CTX195704328,1,18,"je asi 1 km vých. od obce v malé pískovně, kde místní občané",Clear,0.9127,,,pískovna,,,
CTX195704328,1,19,těží dle potřeby písek. Přilehlé pole je oseto vojtěškou. Majitel obou,Clear,0.9691,,,pole,,,
CTX195704328,1,20,pozemků neměl námitek proti provedení výzkumu.,Clear,0.9713,,,,,,
CTX195704328,1,21,"V těchto místech byl koncem r.1954 rozrušen 1 žárový hrob, obložený",Noisy,0.7999,,,hrob,,,
CTX195704328,1,22,opukovými deskami a s keramikou s hladce vymezenými prsovitý-,Clear,0.9684,,,deska; keramika,,,
CTX195704328,1,23,mi vypnulinami (převzal tehdy referent v zastoupení KM Teplice).,Clear,0.908,,,,,,
CTX195704328,1,24,V r.1955 získalo odtud museum v Budyni n.Ohří další rozrušený hrob,Clear,0.9299,,,hrob,,,
CTX195704328,1,25,"(velký okřín a zlomky dalších asi 5 nádob; další nález, okolnosti neznámy).",Clear,0.9204,,,nádoba,,,
CTX195704328,1,26,,Empty,0.0,,,,,,
CTX195704328,1,27,"Při své poslední návštěvě 26.IX. jsem zjistil, že těžební",Noisy,0.7999,,,,,,
CTX195704328,1,28,plocha se proti roku 1955 zvětšila cca 5 krát. Odkryvem byl rozrušen,Clear,0.9176,,,,,,
CTX195704328,1,29,"další, v pořadí již třetí hrob, z jehož obložení se zachovaly",Clear,0.9739,,,hrob,,,
CTX195704328,1,30,opět opukové desky. Dále byly nalezeny v přehozeném materiálu zlomky,Clear,0.9832,,,deska,,,
CTX195704328,1,31,"z několika nádob (osudí, miska a část spodku nádoby blíže neur-",Clear,0.9538,,,nádoba,,,
CTX195704328,1,32,citelného tvaru s mřížkovým rýhováním). Poloha všech tří hrobů ukazuje,Clear,0.9766,,,hrob,,,
CTX195704328,1,33,"zároveň směr, kam asi další hroby pokračují, totiž na mírnou",Clear,0.9708,,,hrob,,,
CTX195704328,1,34,"vyvýšeninu, zasahující z části již do pole. Při povrchovém sběru",Clear,0.9737,,,pole,,,
CTX195704328,1,35,byl dále nalezen kamenný únětický mlat se žlábkovým sedlem (délka,Clear,0.9503,,,sedlo,,,
CTX195704328,1,36,167 mm). 1——,Non-text,0.0,,,,,,
CTX195704328,1,37,"Navrhuji, aby výzkum v příštím roce byl proveden několika",Clear,0.9773,,,,,,
CTX195704328,1,38,"příčnými sondami, jimiž by byl praeoex zachycen rozsah pohřebiště,",Clear,0.9645,,,sonda; pohřebiště,,,
CTX195704328,1,39,"zejména pak prozkoumat nej bližší okolí pískovny v těch místech, kde",Clear,0.9814,,,pískovna,,,
CTX195704328,1,40,bude pravděpodobně těžení pokračovat. Vzhledem k malé mocnosti or-,Clear,0.9356,,,,,,
CTX195704328,1,41,o,Non-text,0.0,,,,,,
CTX195704328,1,42,"nice na nalezišti a poměrně malé ploše návršíčka (cca 300 m ), kde",Clear,0.868,,,,,,
CTX195704328,1,43,"pohřebiště předpokládám, věřím, že by pohřebiště mohlo být z větší",Clear,0.9418,,,pohřebiště,,,
CTX195704328,1,44,Poznámka: Pikte pokud možno strojern. Nn konci uvedte datum odoslání a čitelný podpis. Zprávy koreferentú a komisi,Clear,0.9469,,,,,,
CTX195704328,1,45,vyhotovto dvojmo.,Clear,0.8761,,,,,,
CTX195704328,1,46,/ PT -14332:55,Trash,0.4017,,,,,,
CTX195704328,2,1,části prozkoumáno v plánované době v příštím roce,Clear,0.9877,,,,,,
CTX195704328,2,2,,Empty,0.0,,,,,,
CTX195704328,2,3,V Praze 1. října 1957.,Noisy,0.7948,,,,,,
CTX195704328,2,4,J. Hrala,Noisy,0.748,,,,,,
CTX196006127,1,1,OBEC,Clear,0.9353,,,,,,
CTX196006127,1,2,Žinkovy,Clear,0.8789,,,,,,
CTX196006127,1,3,,Empty,0.0,,,,,,
CTX196006127,1,4,OKRES,Noisy,0.5499,,,,,,
CTX196006127,1,5,I lzeň- jih,Clear,0.8775,,,,,,
CTX196006127,1,6,vir -Blovice),Clear,0.8009,,,,,,
CTX196006127,1,7,,Empty,0.0,,,,,,
CTX196006127,1,8,c i. 6%,Non-text,0.0,,,,,,
CTX196006127,1,9,"466 /60 Ex,.",Trash,0.0993,,,,,,
CTX196006127,1,10,,Empty,0.0,,,,,,
CTX196006127,1,11,Č. poř.,Noisy,0.6869,,,,,,
CTX196006127,1,12,,Empty,0.0,,,,,,
CTX196006127,1,13,ČÍSLO PARCELY,Clear,0.9548,,,,,,
CTX196006127,1,14,NÁZEV TRATI,Clear,0.9307,,,,,,
CTX196006127,1,15,,Empty,0.0,,,,,,
CTX196006127,1,16,PřUohy,Trash,0.3182,,,,,,
CTX196006127,1,17,- M',Non-text,0.0,,,,,,
CTX196006127,1,18,Potenštejn,Clear,0.8952,,,,,,
CTX196006127,1,19,Kultura,Clear,0.9399,,,,,,
CTX196006127,1,20,středověk,Clear,0.9772,,,středověk,,,
CTX196006127,1,21,ČÍSLO MAPY,Clear,0.9187,,,,,,
CTX196006127,1,22,kooa s« 7 •,Trash,0.2267,,,,,,
CTX196006127,1,23,/,Non-text,0.0,,,,,,
CTX196006127,1,24,,Empty,0.0,,,,,,
CTX196006127,1,25,Druh nálezu,Clear,0.9514,,,,,,
CTX196006127,1,26,keramika,Clear,0.8917,,,keramika,,,
CTX196006127,1,27,a kosti,Clear,0.9041,,,kost,,,
CTX196006127,1,28,"Literatura A. Sedláček, lístopisný slovnik historický,",Clear,0.9477,,,,,,
CTX196006127,1,29,str. 721. •,Trash,0.2666,,,,,,
CTX196006127,1,30,,Empty,0.0,,,,,,
CTX196006127,1,31,Uložení,Clear,0.912,,,,,,
CTX196006127,1,32,OS Blovi ca,Trash,0.5499,,,,,,
CTX196006127,1,33,,Empty,0.0,,,,,,
CTX196006127,1,34,čís. inv.,Clear,0.8448,,,,,,
CTX196006127,1,35,t,Non-text,0.0,,,,,,
CTX196006127,1,36,,Empty,0.0,,,,,,
CTX196006127,1,37,Dno 20. dubna l%0 jsem na výsva správee 6kresního muzea v Blovi-,Noisy,0.7999,,,muzeum,,,
CTX196006127,1,38,"eích o ním prohlódla zříceninu hrd ""ku Poten3te jna, k.o. Žinkovy.",Clear,0.8463,,,,,,
CTX196006127,1,39,"Ze zřiceníny ""je odkryto adivo v Síří asi 2 m tvořící téměž tverec",Noisy,0.7999,,,,,,
CTX196006127,1,40,o straně 40 - 50 m s vehodem ve výchoní stně. V zemině ol hozené při,Noisy,0.7999,,,,,,
CTX196006127,1,41,o krývání alive jsme nalez2í ein slomkry keramiky posdn hradištní,Clear,0.895,,,keramika,,,
CTX196006127,1,42,ho a atředověkého charaktera a četné zvířeeí kost1. rádei je,Clear,0.8946,,,kost,,,
CTX196006127,1,43,. 4,Non-text,0.0,,,,,,
CTX196006127,1,44,umístn na ostrožnu. Která vybíhá smžrem k západu o epadá ostře dolů,Clear,0.9603,,,,,,
CTX196006127,1,45,k dnešnímu zámkcu. Od východu je chránn mohutnýn příčným valen se,Clear,0.9704,,,,,,
CTX196006127,1,46,širokým příkopem; popsaná stavba není na nejvyšším bode ostrožny.,Clear,0.9661,,,příkop; stavba,,,
CTX196006127,1,47,"Tato se smren k západu zvedá, jsou na ní zbytky Siltová vže umí-",Clear,0.9619,,,,,,
CTX196006127,1,48,stné vně ji ho západní ho rohu stavby; terén zle je velmi nerový a,Clear,0.9132,,,roh; stavba,,,
CTX196006127,1,49,"pravpodobně kryje zíeeniny njakých dalších stavb. Val, který",Clear,0.9443,,,stavba; val,,,
CTX196006127,1,50,"obepíná celý vrebol kopoc, je zde trojnásobný, přičemš nejméně snatel",Clear,0.9512,,,,,,
CTX196006127,1,51,ný je val vnější.,Noisy,0.7999,,,val,,,
CTX196006127,1,52,fálezy ze sběru byly předány Ol v Blovicích.,Clear,0.9057,,,,,,
CTX196006127,1,53,"Hrúdek byl posteven v !• 12521259 Ptou z Křimic, trval v eúbělm",Noisy,0.7999,,,,,,
CTX196006127,1,54,"13. a 1. stol* , počátkem 16. stole byl již zpustlý a vrch zarost-",Clear,0.8,,,,,,
CTX196006127,1,55,"1$ 4 . Sedláčelt, Místopisný slovník historický, str.721).",Noisy,0.7068,,,,,,
CTX196006127,1,56,"Pokud nálezy hradištní keranikry souvisí se hrdkem, nebo pokud by",Clear,0.9761,,,,,,
CTX196006127,1,57,"patrily otarším ocí^Q-nl slovonskému, nebylo při zbžné pronlídce",Clear,0.8314,,,,,,
CTX196006127,1,58,"možno zjistit. $) /. (ren. - Ald, ,",Noisy,0.6175,,,,,,
CTX196006127,1,59,8.12.1960. Ar. V. Stefgnovi-Seldov /,Noisy,0.5499,,,,,,
CTX196300443,1,1,CESKOSLOVENSKA AKADEM’E VEk,Noisy,0.5499,,,,,,
CTX196300443,1,2,ABCHEOLOGICKÝ ÚSTAV,Clear,0.9373,,,,,,
CTX196300443,1,3,Exgesitura v Plzal,Noisy,0.5499,,,,,,
CTX196300443,1,4,48/63 Plzeň,Noisy,0.7354,,,,,,
CTX196300443,1,5,,Empty,0.0,,,,,,
CTX196300443,1,6,| c.s * AxCMtOir - <• UAtAv,Trash,0.3748,,,,,,
CTX196300443,1,7,", , , / Doe • 19",Noisy,0.55,,,,,,
CTX196300443,1,8,"c • /, 2.. . 2 9. ledna 1963",Non-text,0.0,,,,,,
CTX196300443,1,9,/P1,Non-text,0.0,,,,,,
CTX196300443,1,10,"Zpráva o archeologické sbírce Vlastivědného muzea v Blovicích,",Clear,0.9621,,,muzeum,,,
CTX196300443,1,11,/okres Plzeň - jih/.,Noisy,0.7135,,,,,,
CTX196300443,1,12,"Archeologická sbírka je poměrně mladého data, vznikla ponejvíce",Clear,0.9809,,,,,,
CTX196300443,1,13,ze sběří ředitele muzea Škrabka a spolupracovníka J.sýkory na nově objevených,Clear,0.9741,,,muzeum,,,
CTX196300443,1,14,eneolitických výšinných sídlištích na Blovicku v poříčí Úslavy.,Clear,0.9677,,,sídliště,,,
CTX196300443,1,15,"Tyto sběry, doplněné ústavním depositem z výzkumu v Srbech 1960, podávají",Clear,0.9438,,,,,,
CTX196300443,1,16,výstižný přehled západočeské chamské skupiny. Z doby bronzové je,Clear,0.9807,,,,,,
CTX196300443,1,17,v Blovicích depot z rShraní Bda BD v Libákovicích a mohylové bronzy z Járova.,Clear,0.8548,,,depot; bronz,,,
CTX196300443,1,18,"Mladší pravěké kultury nejsou zastoupeny, středověk jen drobnými",Clear,0.9824,,,středověk,,,
CTX196300443,1,19,"nálezy. Materiál je přehledně zapsán ve 130 příri stkových položkách,",Clear,0.9391,,,,,,
CTX196300443,1,20,instalace se připravuje. Muzeum vyvíjí značnou aktivitu v archeologii,Clear,0.9774,,,muzeum,,,
CTX196300443,1,21,a ohlašuje nálezy exposituře / v r.1962 byl na základě jeho hlásení prOveden,Clear,0.8889,,,,,,
CTX196300443,1,22,"výzkum v Netunicích a d./, někdy ovšem zájem blovickych pracoví-",Clear,0.9113,,,,,,
CTX196300443,1,23,kv zavádí k nežádoucím drobným výkopům. Ústavní depositum /Srby/ shledáno,Clear,0.9305,,,výkop,,,
CTX196300443,1,24,v pořádku.,Clear,0.951,,,,,,
CTX196300443,1,25,Přehled sbírky,Clear,0.9811,,,,,,
CTX196300443,1,26,Bzí - drobné nálezy z eneol. výšinnéhoj sídliště . _,Noisy,0.7999,,,sídliště,,,
CTX196300443,1,27,"větší soubor z eneol.výš.sídliště - publ. Masek,AR IV 1962",Noisy,0.7999,,,sídliště,,,
CTX196300443,1,28,Vlkov- sběry z en eol.výš. sídli ště,Clear,0.8259,,,,,,
CTX196300443,1,29,"Velký Kám en —dtto , • v v",Noisy,0.5499,,,,,,
CTX196300443,1,30,Polanka u Blovic - sběry z eneol.výs.sídliste,Clear,0.8221,,,,,,
CTX196300443,1,31,"ojedinělé kam. nástroje - Plo víc e-Hradiš tě. Spálené. Poříčí.,. Ralov, dí-",Noisy,0.7999,,,nástroj,,,
CTX196300443,1,32,"rec- Myt, Nezbavětice, Radochovy , Stl to. v .",Noisy,0.7828,,,,,,
CTX196300443,1,33,"Jarov - bronz, terčoví tá jehlice, 2 pečetítkové j ehlic e, tyčink. nátamek",Noisy,0.7552,,,bronz; jehlice,,,
CTX196300443,1,34,z rozrušené mohyly v Cábuzí /střední d.bronz/,Clear,0.9234,,,mohyla; bronz,,,
CTX196300443,1,35,"Libákovice_- bronz.depot z rozhraní střední a mladší d.bronz., publ.",Clear,0.8611,,,bronz; depot,,,
CTX196300443,1,36,"V.Čtrnáct, AR XIII 1961.",Clear,0.8,,,,,,
CTX196300443,1,37,Vrtěšíce - ojeď.nález bronz.oštěpu,Noisy,0.7739,,,bronz; oštěp,,,
CTX196300443,1,38,"Vlčice - Chýlava - středověká keramika, údajně ""Z mohyl*.",Clear,0.8062,,,keramika; mohyla,,,
CTX196300443,1,39,v muzeu je uložen rukopis zprávy Jana Žáka z r.1881 o výkopech mohyl,Clear,0.9401,,,muzeum; výkop; mohyla,,,
CTX196300443,1,40,v Chýlinách - Hladomří /částečně publikovaných J.Smolíkem v PA/.,Noisy,0.7999,,,,,,
CTX196300443,2,1,"CAČ / 7 kez/.e, ~0c,A.A4-) &o a",Trash,0.4252,,,,,,
CTX197402444,1,1,o P ATOVICEn.Le,Non-text,0.0,,,,,,
CTX197402444,1,2,Kat. obec:,Clear,0.8396,,,,,,
CTX197402444,1,3,Osada:,Clear,0.8626,,,,,,
CTX197402444,1,4,Trať: Pardubice,Clear,0.8931,,,,,,
CTX197402444,1,5,Okres:,Noisy,0.7999,,,,,,
CTX197402444,1,6,,Empty,0.0,,,,,,
CTX197402444,1,7,Druh a kultura:,Clear,0.9367,,,,,,
CTX197402444,1,8,Lužické sídliště,Clear,0.9766,,,sídliště,,,
CTX197402444,1,9,Zpráva,Clear,0.9742,,,,,,
CTX197402444,1,10,,Empty,0.0,,,,,,
CTX197402444,1,11,XXWžkumu,Trash,0.0842,,,,,,
CTX197402444,1,12,XAterenta,Trash,0.2108,,,,,,
CTX197402444,1,13,kmixxxx,Trash,0.4483,,,,,,
CTX197402444,1,14,ved. oddělení,Clear,0.8472,,,,,,
CTX197402444,1,15,,Empty,0.0,,,,,,
CTX197402444,1,16,za období:,Clear,0.8804,,,,,,
CTX197402444,1,17,,Empty,0.0,,,,,,
CTX197402444,1,18,19.111.1974,Non-text,0.0,,,,,,
CTX197402444,1,19,,Empty,0.0,,,,,,
CTX197402444,1,20,Dne 19.III.1974 jsije navštívili pískovnu JZD,Clear,0.87,,,pískovna,,,
CTX197402444,1,21,"v Opatovicích n.L., známou z velkého záchraného výzkumu AŮ ČSAV",Clear,0.8851,,,,,,
CTX197402444,1,22,v Praze v letech 1956-1959. Tehdy práce v pískovně byla zastavena,Clear,0.9372,,,pískovna,,,
CTX197402444,1,23,a proto výzkum byl přerušen.,Clear,0.958,,,,,,
CTX197402444,1,24,"Zjistili jsme, že práce v pískovně byly obnoveny,",Clear,0.9145,,,pískovna,,,
CTX197402444,1,25,rozsah pískovny se zvětšil i za hranice záchranného výzkumu. Na,Clear,0.9763,,,pískovna,,,
CTX197402444,1,26,"bagrem skryté ploše jsou znatelné 3—4 hlubší objekty, skrývka",Clear,0.9267,,,,,,
CTX197402444,1,27,"však šla velmi hluboko, takže mad± mělčí objekty byly zcela",Clear,0.9247,,,,,,
CTX197402444,1,28,zničeny,Clear,0.9118,,,,,,
CTX197402444,1,29,Podle teréního pozorování,Clear,0.972,,,,,,
CTX197402444,1,30,,Empty,0.0,,,,,,
CTX197402444,1,31,je ještě část sídliště,Clear,0.9726,,,sídliště,,,
CTX197402444,1,32,"zachována na parc.č. 1503, kde jsme sběrem",Clear,0.8927,,,,,,
CTX197402444,1,33,,Empty,0.0,,,,,,
CTX197402444,1,34,získali lžickou kera-,Clear,0.9224,,,,,,
CTX197402444,1,35,"miku. Další střepy jsme našli na parc.č. 1510, scvernt od pískovny",Clear,0.9204,,,pískovna,,,
CTX197402444,1,36,Ty však mohou pocházet z rozrušených žárových hrobů.,Clear,0.977,,,hrob,,,
CTX197402444,1,37,"Domnáváme se, že AÚ ČSAV v Praze by měl dokončit",Noisy,0.7999,,,,,,
CTX197402444,1,38,"Výzkum tohoto důležitého lužického sídliště, aby tak byl ukázán",Clear,0.982,,,sídliště,,,
CTX197402444,1,39,poprvé celý půdorys pravěké vesnice i s pohřebištěm,Clear,0.9818,,,vesnice; pohřebiště,,,
CTX197402444,1,40,"V Hradci Králové, 27.111.1974",Noisy,0.7999,,,,,,
CTX197402444,1,41,,Empty,0.0,,,,,,
CTX197402444,1,42,.předejte prosím Dr.J.Ratajo,Clear,0.8368,,,,,,
CTX197402444,1,43,"| ver,výzkumu v Opatovicích.",Noisy,0.7625,,,,,,
CTX197402444,1,44,"Domnívám se, že druhý vedoucfvýzkumu v Opatovicích na sídlišti,Dr",Clear,0.9229,,,sídliště,,,
CTX197402444,1,45,V.Vokolek by mohl-vzhledem k blízkosti svého pracoviště zahájit jednání,Clear,0.9679,,,,,,
CTX197402444,1,46,"s ústavem o další výzkum na sídlišti . Doporučuji, aby tento výzkum",Clear,0.9344,,,sídliště,,,
CTX197402444,1,47,mu byl svěřen.,Noisy,0.7779,,,,,,
CTX197402444,1,48,ov Praze dne 7.5.1974. R_,Noisy,0.6421,,,,,,
CTX197402444,1,49,Poznámka: Pište pokud možno strojem. Na konci uveďte datum odeslání a čitelný podpis. Zprávy koreferenta komisí,Clear,0.9819,,,stroj,,,
CTX197402444,1,50,7) vyhotovte dvojmo. ;,Noisy,0.6531,,,,,,
CTX197402444,1,51,v^UlíLa uq (AAuu Aud. AnMlut,Trash,0.4571,,,,,,
CTX197402444,1,52,V r Wrr (ia 7 TcedLir). 2 {,Trash,0.4456,,,,,,
CTX197402444,1,53,,Empty,0.0,,,,,,
CTX197402444,1,54,y.,Non-text,0.0,,,,,,
CTX197901442,1,1,OBEC,Clear,0.9165,,,,,,
CTX197901442,1,2,OKRES,Noisy,0.5499,,,,,,
CTX197901442,1,3,‘ *4242& -,Non-text,0.0,,,,,,
CTX197901442,1,4,Vysoký jez .,Clear,0.8341,,,jez,,,
CTX197901442,1,5,Mad DrAMou,Trash,0.479,,,,,,
CTX197901442,1,6,ČÍSLO PARCELY,Clear,0.9553,,,,,,
CTX197901442,1,7,,Empty,0.0,,,,,,
CTX197901442,1,8,Rychnov n.Kn.,Clear,0.8038,,,,,,
CTX197901442,1,9,Přílohy,Clear,0.9777,,,,,,
CTX197901442,1,10,NÁZEV TRATI,Clear,0.9291,,,,,,
CTX197901442,1,11,Homole - kopec SZ od Vysokí-,Noisy,0.5499,,,,,,
CTX197901442,1,12,Újezda pokryt lesem.,Clear,0.8977,,,,,,
CTX197901442,1,13,,Empty,0.0,,,,,,
CTX197901442,1,14,ho,Non-text,0.0,,,,,,
CTX197901442,1,15,Kultura Z.,Clear,0.9033,,,,,,
CTX197901442,1,16,ČÍSLO MAPY,Clear,0.92,,,,,,
CTX197901442,1,17,Druh nálezu,Clear,0.9509,,,,,,
CTX197901442,1,18,keramcké střepy,Clear,0.915,,,,,,
CTX197901442,1,19,LITERATURA,Clear,0.9409,,,,,,
CTX197901442,1,20,Uložení,Clear,0.912,,,,,,
CTX197901442,1,21,"Rukopisné poznámky str. 56 , autora .",Clear,0.8,,,,,,
CTX197901442,1,22,Čis. inv.,Clear,0.8458,,,,,,
CTX197901442,1,23,", ■",Non-text,0.0,,,,,,
CTX197901442,1,24,,Empty,0.0,,,,,,
CTX197901442,1,25,Ľne 22. 11.1974 . 7,Noisy,0.5736,,,,,,
CTX197901442,1,26,"P.Jirušek starousedlík v obci Vysoký Újezd podal informaci , že před",Clear,0.9005,,,,,,
CTX197901442,1,27,mnoha lety si rolníci v místě Homole kopali krechty na uskladnení,Clear,0.9501,,,,,,
CTX197901442,1,28,"brambor a řepy . Při kopání, nalezeno mnoho různých keramických střepu .",Clear,0.9077,,,,,,
CTX197901442,1,29,Keramický materiál nebyl zachován .,Clear,0.8972,,,,,,
CTX197901442,1,30,,Empty,0.0,,,,,,
CTX197901442,1,31,Nčv* rodte map) 4:2Fee,Noisy,0.5499,,,,,,
CTX197901442,1,32,<• 55 1501 M,Trash,0.1268,,,,,,
CTX198402945,1,1,Kat. obec Beroun,Noisy,0.5499,,,,,,
CTX198402945,1,2,_ I,Non-text,0.0,,,,,,
CTX198402945,1,3,Osada,Clear,0.9055,,,,,,
CTX198402945,1,4,"Trať čp. 34, 35, 36",Noisy,0.55,,,,,,
CTX198402945,1,5,Okres Beroun,Clear,0.9086,,,,,,
CTX198402945,1,6,,Empty,0.0,,,,,,
CTX198402945,1,7,CSAV’ -cheologický ústav,Noisy,0.6972,,,,,,
CTX198402945,1,8,• 2 *6. X 1984,Trash,0.2643,,,,,,
CTX198402945,1,9,,Empty,0.0,,,,,,
CTX198402945,1,10,Druh a kultura,Clear,0.9679,,,,,,
CTX198402945,1,11,,Empty,0.0,,,,,,
CTX198402945,1,12,. 2415/2..,Non-text,0.0,,,,,,
CTX198402945,1,13,,Empty,0.0,,,,,,
CTX198402945,1,14,středověká městiště,Clear,0.9774,,,,,,
CTX198402945,1,15,-ved. výzkumu,Clear,0.8432,,,,,,
CTX198402945,1,16,Zpráva,Clear,0.974,,,,,,
CTX198402945,1,17,,Empty,0.0,,,,,,
CTX198402945,1,18,koreferenta,Clear,0.8835,,,,,,
CTX198402945,1,19,komise,Clear,0.8837,,,,,,
CTX198402945,1,20,ved. oddelení,Clear,0.8359,,,,,,
CTX198402945,1,21,,Empty,0.0,,,,,,
CTX198402945,1,22,za Období 10.9.- 26.9.1984,Noisy,0.7006,,,,,,
CTX198402945,1,23,,Empty,0.0,,,,,,
CTX198402945,1,24,V tomto období jsme v zadním traktu domu čp. 36 na Gottwaldově,Clear,0.9103,,,dům,,,
CTX198402945,1,25,"nám. v Berouně odkryli patrně provozní jímku hlubokou 180 cm,",Clear,0.8994,,,náměstí,,,
CTX198402945,1,26,"z lomového zdivá nasucho a jen místy na maltu, ve spodní části",Clear,0.9693,,,malta,,,
CTX198402945,1,27,"uvnitř sporadicky omítnutou, s vakovitým dnem. Spodní část jímky",Clear,0.969,,,,,,
CTX198402945,1,28,byla až do výše c. 100 cm zavezena šedým říčním pískem s,Noisy,0.7999,,,,,,
CTX198402945,1,29,"hrubým štěrkem, v němž se vyskytl jediný střípek cihlově zbarvené",Clear,0.9831,,,,,,
CTX198402945,1,30,režné keramiky c. 16. století. V této výši byla jímka opatřena,Noisy,0.7999,,,keramika,,,
CTX198402945,1,31,zvýšeným dnem z plochých kamenů. Na tomto dně spočívala,Clear,0.9794,,,kámen,,,
CTX198402945,1,32,c. 10 cm silná vrstva černé popelovité hlíny s četnými zlomky,Noisy,0.7999,,,hlína,,,
CTX198402945,1,33,berounského zboží. Nad touto vrstvou byla horní část jímky,Clear,0.9745,,,zboží,,,
CTX198402945,1,34,"vyplněna odspodu hlinitou hnědou vrstvou, pískovým zásypem a",Clear,0.9713,,,,,,
CTX198402945,1,35,"svrchní šedohnědou hlinitou vrstvou, která sahala až k povrchu.",Clear,0.953,,,povrch,,,
CTX198402945,1,36,"Rozšířením sondy k V bylo zjištěno, že na oblouk jímky",Clear,0.9423,,,sonda,,,
CTX198402945,1,37,"navazuje zdivo, náležející snad zadnímu traktu domu čp. 36,",Clear,0.8786,,,dům,,,
CTX198402945,1,38,vybíhající z nejsevernějšího bodu jímky směrem k V. Nelze,Clear,0.9661,,,,,,
CTX198402945,1,39,"vyloučit, že v nějaké souvislosti s jímkou je též nasucho",Clear,0.9437,,,,,,
CTX198402945,1,40,"kladená zídka J jímky, běžící S-J směrem. S zed zadního traktu",Noisy,0.7999,,,,,,
CTX198402945,1,41,domu čp. 36 s jímkou je kryta šedohnědou hlinitou vrstvou,Clear,0.8965,,,dům,,,
CTX198402945,1,42,"místy popelovité konsistence, která též vyplňuje ústí jímky",Clear,0.972,,,,,,
CTX198402945,1,43,"a obsahuje pozdní berounské zboží /režná keramika s předžahem,",Clear,0.9595,,,zboží; keramika,,,
CTX198402945,1,44,"zelené, žluté i rezavě hnědé glazury/. . od touto vrstvou se",Clear,0.9074,,,,,,
CTX198402945,1,45,"nachází pískový pokryv, kterým bylo zasypáno zdivo jímky i",Clear,0.9771,,,,,,
CTX198402945,1,46,domovního traktu. Pod pískem pak spodní část jímky vyplňuje,Clear,0.9747,,,,,,
CTX198402945,1,47,a ke zdivu přiléhá šedá hlinito-jílovitá vrstva s četnými uhlíky,Clear,0.9695,,,uhlík,,,
CTX198402945,1,48,/i celé části spálené konstrukce/ a střepy staršího berounského,Clear,0.9661,,,,,,
CTX198402945,1,49,"zboží - zde převažuje režná, cihlově zbarvená keramika,",Clear,0.9113,,,zboží; keramika,,,
CTX198402945,1,50,nečetné glazované střepy jsou především živě zelené a,Clear,0.9877,,,,,,
CTX198402945,1,51,,Empty,0.0,,,,,,
CTX198402945,1,52,Poznámka: Pište pokud možno strojem. Na konci uveďte datum odeslání a čitelný podpis. Zprávy koreferentů a komisí vyhotovte dvojmo.,Clear,0.9794,,,stroj,,,
CTX198402945,1,53,ST 23 3891 73,Non-text,0.0,,,,,,
CTX198402945,2,1,vyskytují se pozdně renesanční kachle. Bylo by velmi lákavé,Clear,0.972,,,kachel,,,
CTX198402945,2,2,spojovat tuto spodní vrstvu s katastrofálním požárem města,Clear,0.9813,,,město,,,
CTX198402945,2,3,"r. 1599, následující pískový pokryv s úpravou celého prostoru",Noisy,0.7999,,,,,,
CTX198402945,2,4,při obnově zničených příbytků a svrchní hlinitou až popelo-,Clear,0.9723,,,,,,
CTX198402945,2,5,vitou vrstvu přičíst pohromám třicetileté války.,Clear,0.9637,,,,,,
CTX198402945,2,6,Vzhledem k nedostatku času a velmi neutěšené situaci v,Clear,0.9806,,,,,,
CTX198402945,2,7,oblasti pracovních sil rozhodli jsme se prozkoumat terén domovních,Clear,0.9858,,,,,,
CTX198402945,2,8,"parcel bagrovanou sondou, kterou bychom dokumentovali",Clear,0.9463,,,sonda,,,
CTX198402945,2,9,stratigrafickou situaci a případně odkryli nejstarší dosažitelné,Clear,0.985,,,,,,
CTX198402945,2,10,"pozůstatky. Sonda, kterou provedl bagrista. CSP Peroun,",Clear,0.9052,,,sonda,,,
CTX198402945,2,11,"dosáhla u náměstí hloubky pouze c. 180 cm, kde jsme narazili",Noisy,0.7999,,,náměstí,,,
CTX198402945,2,12,na spodní vodu. Směrem k S se terén zvyšuje a sonda zde dosáhla,Clear,0.9763,,,sonda,,,
CTX198402945,2,13,hloubky téměř 4 m.,Clear,0.8,,,,,,
CTX198402945,2,14,"Protože nelze očekávat, že v letošním roce zdokumentujeme",Clear,0.9365,,,,,,
CTX198402945,2,15,bagrovanou sondu a ještě dokončíme výzkum zadního traktu domu,Clear,0.9814,,,sonda; dům,,,
CTX198402945,2,16,"čp. 36, pokusíme se dohodnout s MěstNV Beroun a zejména s",Clear,0.8697,,,,,,
CTX198402945,2,17,"odpovědnými pracovníky ( S , který bude na místě provádět stavební",Noisy,0.7999,,,,,,
CTX198402945,2,18,"oráče, zda by bylo možno tento výzkum dokončit v letních",Clear,0.9796,,,,,,
CTX198402945,2,19,"měsících příštího roku. ude-li to možné, bylo by třeba",Clear,0.9585,,,,,,
CTX198402945,2,20,"na tento výzkum podat návrh na hospodářskou smlouvu, a to přibližně",Clear,0.9838,,,,,,
CTX198402945,2,21,"ve výši c. 20 000,- Kčs na dělnické mzdy. Podrobné informace",Noisy,0.7999,,,,,,
CTX198402945,2,22,podám ve svých dalších hlášeních.,Clear,0.9664,,,,,,
CTX198402945,2,23,,Empty,0.0,,,,,,
CTX198402945,2,24,V Praze 1.10. 1984,Noisy,0.7381,,,,,,
CTX198402945,2,25,harvát,Clear,0.8878,,,,,,
CTX198603218,1,1,"479. TUROVEC, o. Nová Ves u Chýnova, okr. Tábor",Clear,0.8443,,,,,,
CTX198603218,1,2,"1980-81 - KULT: Středověk. LOK: ZSV Kravín, ca 6,5km JV od Tábora; Ikm sev. od silnice",Clear,0.8144,,,kult; středověk; silnice,,,
CTX198603218,1,3,"Planá n.Luž. - Turovec-Chýnov; v lese s pomístním názvem ""Stará ves"" /""Pustá ves""/. ZM 23-133 Tábor,",Clear,0.8506,,,,,,
CTX198603218,1,4,217 od Z a 65 mm od J s.č. OKOL: Systematický výzkum zaniklé středověké vesnice Kravín. NÁLEZ:,Clear,0.8529,,,vesnice,,,
CTX198603218,1,5,"Po předchozích výzkumech v letech 1965-1967 a 1973-1974 odkryt jeden z dalších objektů ZSV, tentokrát",Clear,0.9265,,,,,,
CTX198603218,1,6,"jako součást ""Experimentu na středověkém objektu"", prováděném ve spolupráci AÚ ČSAV Praha a MHRH",Clear,0.9459,,,,,,
CTX198603218,1,7,Tábor. Výzkumem měla být ověřena vypovídací schopnost geodeticko-topografického průzkumu v detailní,Clear,0.987,,,,,,
CTX198603218,1,8,situaci jednoho z objektů. Archeologický výzkum byl zařazen do výzkumného úkolu systematického zkoumání,Clear,0.9932,,,,,,
CTX198603218,1,9,ZSV tzv. husitského období na Táborskú. Výzkumem byl zjištěn jednoprostorový obytný objekt zemnicové-,Clear,0.963,,,,,,
CTX198603218,1,10,"ho typu s prostým otevřeným ohništěm, zásobní jámou, svahovitou vstupní šíjí a kamennou plentou podél",Clear,0.9575,,,ohniště; jáma,,,
CTX198603218,1,11,podpovrchových částí stěn. Objekt dosahoval rozměrů 500-540 x 220-270 cm s delší osou V - Z. Jihovýchodně,Noisy,0.7999,,,,,,
CTX198603218,1,12,"od tohoto objektu, 350 cm od stěn a 250 cm od počátku vchodu do něj, byly odkryty zbytky povrchové stavby.",Noisy,0.7999,,,stavba,,,
CTX198603218,1,13,Rozkládala se na ploše cca 500 x 500 cm a její stěny byly shodně orientovány s obytným objektem. Získaný,Noisy,0.7999,,,,,,
CTX198603218,1,14,materiál této sídelní jednotky /dům + oddělená hospodářská stavba/ je datován do první poloviny 15.,Clear,0.9248,,,dům; stavba,,,
CTX198603218,1,15,"století. Mezi objekty č. 1 /dům/ a č. 3 /povrchová stavba/byla odkryta oválná studna, prostě vyhloubená",Clear,0.8626,,,dům; stavba; studna,,,
CTX198603218,1,16,"do podloží, dosahující průměru 140-175cm a hloubky 410 cm. Ve středu dna bylo zjištěno pravidelné kruhovité",Noisy,0.7999,,,,,,
CTX198603218,1,17,"zahloubení o průměru 60cm a hloubce 20 cm, sloužící jako odkalovač. Objekt je datován do konce 13.,",Noisy,0.7999,,,,,,
CTX198603218,1,18,či na přelom 13.-14. stol. V roce 1981 byla dále provedena preparace částí objektů z let 1973-1974a u jednoho,Noisy,0.7999,,,,,,
CTX198603218,1,19,"z nich byla odkryta 810 cm hluboká studna, roubená na sucho loženým kamením, dosahující vnitřního",Clear,0.937,,,studna,,,
CTX198603218,1,20,průměru 80-90cm. Materiál datuje objekt do první poloviny 15. stol. ULOŽ: MHRH Tábor. LIT: Shrnuta,Clear,0.905,,,,,,
CTX198603218,1,21,"in: Krajíc R. , Přehled archeologických výzkumů středověku na Táborskú/se zaměřením na ZSO/, Archeologické",Clear,0.8891,,,středověk,,,
CTX198603218,1,22,"výzkumy v jižních Čechách 1, 1983, 101-105.",Noisy,0.7833,,,,,,
CTX198603218,1,23,R. Krajíc,Noisy,0.7515,,,,,,
CTX198603218,1,24,,Empty,0.0,,,,,,
CTX198603218,1,25,BZU 1982-1983 4,Non-text,0.0,,,,,,
CTX199405706,1,1,"1,4442,70/",Non-text,0.0,,,,,,
CTX199405706,1,2,,Empty,0.0,,,,,,
CTX199405706,1,3,"504 ONDREJOV, okr. Praha-východ",Noisy,0.7999,,,,,,
CTX199405706,1,4,504/1 DAT: 1820. KULT: 7. LOK: Bubníkova usedlost. NALEZ: kostr. hrob.,Clear,0.8027,,,kult; usedlost; hrob,,,
CTX199405706,1,5,"OKOL: kopání základu hrnčíř, pece. ULOŽ: 7. LIT: Kalina b. d. A,",Clear,0.8141,,,pec,,,
CTX199405706,1,6,107b.,Non-text,0.0,,,,,,
CTX199603106,1,1,3444/74,Non-text,0.0,,,,,,
CTX199603106,1,2,,Empty,0.0,,,,,,
CTX199603106,1,3,NÁLEZOVÁ ZPRÁVA O ARCHEOLOGICKÉM VÝZKUMU V DOMĚ ČP. 193/1 NA,Noisy,0.7999,,,dům,,,
CTX199603106,1,4,KŘIŽOVNICKÉN NÁMĚSTÍ NA STARÉM MĚSTĚ PRAŽSKÉM,Clear,0.9848,,,náměstí; město,,,
CTX199603106,1,5,,Empty,0.0,,,,,,
CTX199603106,1,6,Číslo vý=kumu 21/93,Noisy,0.6344,,,,,,
CTX199603106,1,7,,Empty,0.0,,,,,,
CTX199603106,1,8,Obsah :,Noisy,0.707,,,,,,
CTX199603106,1,9,,Empty,0.0,,,,,,
CTX199603106,1,10,1. Dějiny objektu 1,Noisy,0.7665,,,,,,
CTX199603106,1,11,,Empty,0.0,,,,,,
CTX199603106,1,12,"2, Popis nálezu i - 3",Noisy,0.6807,,,,,,
CTX199603106,1,13,,Empty,0.0,,,,,,
CTX199603106,1,14,3. Vyhodnocení nálezu 3 - 4,Noisy,0.6536,,,,,,
CTX199603106,1,15,,Empty,0.0,,,,,,
CTX199603106,1,16,4. Literatura 5,Noisy,0.6349,,,,,,
CTX199603106,1,17,,Empty,0.0,,,,,,
CTX199603106,1,18,5. Popis fotografií a plánků 5,Clear,0.8308,,,,,,
CTX199603106,1,19,,Empty,0.0,,,,,,
CTX199603106,1,20,6. Fotogra f 1 e 1 - 3,Non-text,0.0,,,,,,
CTX199603106,1,21,,Empty,0.0,,,,,,
CTX199603106,1,22,"7, Plánky 1 - 2",Noisy,0.55,,,,,,
CTX199603106,1,23,,Empty,0.0,,,,,,
CTX199603106,1,24,V Prase 15. 1. 1995,Noisy,0.6498,,,,,,
CTX199603106,1,25,PhDr. Zdeněk Dragoun,Clear,0.9404,,,,,,
CTX199603106,2,1,Dějiny objektu,Clear,0.9784,,,,,,
CTX199603106,2,2,,Empty,0.0,,,,,,
CTX199603106,2,3,Jako nejstarší dm se v této bezprostřední blízkosti Karlova,Clear,0.9476,,,,,,
CTX199603106,2,4,mostu uvádí domek mosteckého celného v letech 1406 - 1430.,Clear,0.8644,,,most,,,
CTX199603106,2,5,Spolehlivé písemné doložená existence zástavby pochází až z roku,Clear,0.9753,,,,,,
CTX199603106,2,6,"""1640, kdy je zde jednoznačné lokalizována ""nákladné vystavěný dům""",Clear,0.9283,,,dům,,,
CTX199603106,2,7,celnice. Tento objekt je zřetelně zachycen na Sadelerové prospektu,Clear,0.9775,,,,,,
CTX199603106,2,8,"z roku 1606. V dalžím vývoj i byl o na budově dostaveno 3. patro,",Clear,0.9014,,,budova,,,
CTX199603106,2,9,které zaznamenávají mladší ikonografické prameny včetně Langveilova,Clear,0.9903,,,pramen,,,
CTX199603106,2,10,modelu. Dnešní vzhled budovy je výsledkem klasicistní přestavby,Clear,0.9799,,,budova,,,
CTX199603106,2,11,"z roku 1841 (Vilímková - Ebel 1988, s. 1 - 4).",Noisy,0.656,,,,,,
CTX199603106,2,12,,Empty,0.0,,,,,,
CTX199603106,2,13,Popis nálezu,Clear,0.9453,,,,,,
CTX199603106,2,14,,Empty,0.0,,,,,,
CTX199603106,2,15,V březnu 1993 byla v rámci rekonstrukčních prací na objektu,Clear,0.9519,,,,,,
CTX199603106,2,16,snižována podlaha v jedné z místnosti při západní fasádě objektu nad,Clear,0.989,,,podlaha,,,
CTX199603106,2,17,tzv. lagunou jižně od Karlova mostu. Při této příležitosti bylo,Clear,0.9638,,,most,,,
CTX199603106,2,18,"odhaleno v delším úseku zdlvo, zaznamenané při stavebně historickém",Clear,0.9673,,,,,,
CTX199603106,2,19,průzkumu objektu a interpretované jako torzo prvního pilíře Karlova,Clear,0.9852,,,pilíř,,,
CTX199603106,2,20,mostu od staroměstského břehu. Ze zdivá byla v inkriminované,Clear,0.9757,,,most,,,
CTX199603106,2,21,"místnosti odhalena západní líc, probíhající ve směru SSZ - JJV.",Clear,0.9086,,,,,,
CTX199603106,2,22,Vlastní hmota zdivá dosahovala až k východní stěně místnosti. Na,Clear,0.9744,,,,,,
CTX199603106,2,23,nevelkém dochovaném úseku bylo zdivo překryto podlahou z cihel,Clear,0.9687,,,podlaha; cihla,,,
CTX199603106,2,24,"formátu 30 x 14 x 6,5 cm. Před snižováním úrovně byla líc zdi",Noisy,0.7877,,,zeď,,,
CTX199603106,2,25,"zachycena pouze při severní stěně místnosti, do níž vystupovalo",Clear,0.9777,,,,,,
CTX199603106,2,26,"torzo 70 cm vysoké a cm dlouhé. Po snížení podlahy bylo zřejmé, že",Noisy,0.7999,,,podlaha,,,
CTX199603106,2,27,"se jednalo pouze o nepatrnou část zdivá, probíhajícího přes celou",Clear,0.9628,,,,,,
CTX199603106,2,28,,Empty,0.0,,,,,,
CTX199603106,2,29,1,Non-text,0.0,,,,,,
CTX199603106,3,1,délku místnosti a vertikálně pokračujícího do dále nesledované,Clear,0.9864,,,,,,
CTX199603106,3,2,hloubky. Výkop v interiéru zasáhl do písčité vrstvy násypového,Clear,0.9653,,,výkop,,,
CTX199603106,3,3,"charakteru s příměsí malty a úlomků opuky a cihel, ani ä v ní byly",Clear,0.9266,,,malta; cihla,,,
CTX199603106,3,4,nalezeny chronologicky citlivé artefakty. Vlastní hmota zdivá až,Clear,0.9664,,,,,,
CTX199603106,3,5,k východní zdi místnosti byla vyaděna výlučně z lomové opuky,Clear,0.9878,,,zeď,,,
CTX199603106,3,6,"nevelkých rozměrů, spojovaných vápennou maltou z hrubého říčního",Clear,0.9726,,,malta,,,
CTX199603106,3,7,"písku. Přestože opticky nevypadá podíl vápna v maltě jako výrazný,",Clear,0.9697,,,vápno; malta,,,
CTX199603106,3,8,malta samotná je kvalitní a velmi pevná. Nejmarkantnější partií,Clear,0.9763,,,malta,,,
CTX199603106,3,9,"zdivá byla její líc, tvořená řádkovaným obkladem z pečlivě",Clear,0.9753,,,,,,
CTX199603106,3,10,opracovaných pískovcových kvádrů narezavěle Slutého zbarvení (foto,Clear,0.9696,,,,,,
CTX199603106,3,11,1-3). Nejvyšší odhalená partie byla tvořena čtyřmi pískovcovými,Clear,0.9137,,,,,,
CTX199603106,3,12,řádky o ce 1 kové výšce 156 cm. Dva horn í řádky o shodné výšce 35 cm,Noisy,0.7999,,,,,,
CTX199603106,3,13,byly dochovány jen u severní stěny místnosti a představují doposud,Clear,0.9798,,,,,,
CTX199603106,3,14,známý úsek zdivá. Nově byly odkryty dalSÍ dva pískovcové řádky.,Clear,0.9272,,,,,,
CTX199603106,3,15,Horní z nich kolísá ve výšce 32 - 36 cm a u 5 kompletně dochovaných,Clear,0.8608,,,,,,
CTX199603106,3,16,"kvádrů činil jejich horizontální rozměr 126, 120, 122, 130 a 116 cm.",Noisy,0.7874,,,,,,
CTX199603106,3,17,Spodní řádek dosahoval výšky 52 cm a skládal se z kvádrů dlouhých,Noisy,0.7999,,,,,,
CTX199603106,3,18,"70, 69, 52, 120, 46, 73, 78, 110 a 120 cm. Většina z kvádrů byla na",Noisy,0.6611,,,,,,
CTX199603106,3,19,své lícové stěně opatřena důlkem pro lepší uchycení do nůžkové,Clear,0.9875,,,,,,
CTX199603106,3,20,"krenpy, při čemě podstatně větší procento výskytu důlku bylo",Clear,0.9791,,,,,,
CTX199603106,3,21,zaznamenáno v dolní z dvou řádek souvisle dochovaného zdivá. Důlky,Clear,0.9758,,,,,,
CTX199603106,3,22,"byly situovány horizontálně zhruba uprostřed kvádru, ve vertikálním",Clear,0.978,,,,,,
CTX199603106,3,23,rozměru byly umístěny blíže horní hrany ( zhruba 15 cm pod) lícového,Clear,0.8846,,,,,,
CTX199603106,3,24,kvádru. Ma1 ta vytlačená z úzkých spár byla rozetřena do plochy,Clear,0.9097,,,,,,
CTX199603106,3,25,"kvádrů, dosahují ce tak aä 6 cm šfřky. Stavební úpravy v sousední m",Clear,0.8156,,,,,,
CTX199603106,3,26,"východním prostoru sklepa rovně zasáhly pod úroveň podlahy, i když",Clear,0.9822,,,sklep; podlaha,,,
CTX199603106,3,27,ve výrazně omezenější míře. Zhruba 1 m široké průkopy podél západní,Noisy,0.7999,,,,,,
CTX199603106,3,28,části severní stěny a podél dodatečné příčky ve sklepě prostoru,Clear,0.9864,,,sklep,,,
CTX199603106,3,29,zaznamenaly znovu existenci opukového zdivá s maltou obdobného,Clear,0.9477,,,malta,,,
CTX199603106,3,30,složení jako v západní partií sklepa. V žádné z obou částí nebyla,Clear,0.9793,,,sklep,,,
CTX199603106,3,31,,Empty,0.0,,,,,,
CTX199603106,3,32,2,Non-text,0.0,,,,,,
CTX199603106,4,1,3406/96,Non-text,0.0,,,,,,
CTX199603106,4,2,"hmota zdivá ukončena lícem, pouze v severní zdi stávajícího sklepa",Clear,0.9746,,,zeď; sklep,,,
CTX199603106,4,3,byla v nevelké dochované výšce ve vzdálenosti 420 cm od západní zdi,Noisy,0.7999,,,zeď,,,
CTX199603106,4,4,"sklepní prostory zjiStěna spára, tvořená pískovcovým kvádrem,",Clear,0.9102,,,,,,
CTX199603106,4,5,k němuž bylo dalSÍ pokračování zdi k východu přizděno. Pokračování,Clear,0.9393,,,zeď,,,
CTX199603106,4,6,,Empty,0.0,,,,,,
CTX199603106,4,7,pískovcového bloku směrem k jihu do interiéru sklepa bylo odlomeno,Clear,0.985,,,sklep,,,
CTX199603106,4,8,a jeho východní hrana probíhala v linii kolmé na průběh severní,Clear,0.9819,,,,,,
CTX199603106,4,9,,Empty,0.0,,,,,,
CTX199603106,4,10,obvodové zdi (plánek č. 1).,Clear,0.8,,,zeď,,,
CTX199603106,4,11,,Empty,0.0,,,,,,
CTX199603106,4,12,Vyhodnocení nálezu,Clear,0.9783,,,,,,
CTX199603106,4,13,,Empty,0.0,,,,,,
CTX199603106,4,14,Vzhledem k situování odkrytého zdivá i k charakteru jeho,Clear,0.9814,,,,,,
CTX199603106,4,15,,Empty,0.0,,,,,,
CTX199603106,4,16,pískovcového obkladu je samozřejmé uvažovat o příslušnosti,Clear,0.966,,,,,,
CTX199603106,4,17,,Empty,0.0,,,,,,
CTX199603106,4,18,zjištěného torza ke gotickému Karlovu mostu. V úvahu přichází již,Clear,0.9758,,,most,,,
CTX199603106,4,19,"zmíněná interpretace jako pozůstatek dalSfho pilíře (Muk 1988,s.",Noisy,0.7999,,,pilíř,,,
CTX199603106,4,20,,Empty,0.0,,,,,,
CTX199603106,4,21,27) nebo možná konstrukce zpevněné nábřežní zdi v partii paty mostu.,Clear,0.934,,,zeď; most,,,
CTX199603106,4,22,,Empty,0.0,,,,,,
CTX199603106,4,23,Rozsah a dispozice odkrytého zdivá jednoznačně hovoří pro prvou,Clear,0.9875,,,,,,
CTX199603106,4,24,,Empty,0.0,,,,,,
CTX199603106,4,25,variantu výkladu. Ve sklepni prostoře domu zůstala částečně,Clear,0.978,,,dům,,,
CTX199603106,4,26,,Empty,0.0,,,,,,
CTX199603106,4,27,zachovaná téměř celá západní líc pískovcového obkladu jižního zhlavl,Clear,0.9846,,,,,,
CTX199603106,4,28,,Empty,0.0,,,,,,
CTX199603106,4,29,"gotického pilíře, jehož hrot předpokládáme v těsné blízkosti jižního",Clear,0.9833,,,pilíř; hrot,,,
CTX199603106,4,30,,Empty,0.0,,,,,,
CTX199603106,4,31,dochovaného konce zdivá. Opukové jádro zdivá bylo zaznamenáno,Clear,0.9719,,,,,,
CTX199603106,4,32,,Empty,0.0,,,,,,
CTX199603106,4,33,"i v sousední sklepní prostoře, kde se již pískovcový obklad",Clear,0.9673,,,,,,
CTX199603106,4,34,,Empty,0.0,,,,,,
CTX199603106,4,35,nedochoval (plánek č. 2). Je pravděpodobné. Že jako velmi kvalitní,Noisy,0.7999,,,,,,
CTX199603106,4,36,,Empty,0.0,,,,,,
CTX199603106,4,37,"stavební materiál byl použit při stavbě domu čp. 193 a je s podivem,",Clear,0.9183,,,stavba; dům,,,
CTX199603106,4,38,že na druhé straně zhlaví přečkal období výstavby stávajícího,Clear,0.9513,,,,,,
CTX199603106,4,39,"objektu ve 2. polovině 16. nebo na počátku 17. století (Muk 1988,",Noisy,0.7999,,,,,,
CTX199603106,4,40,"s.27). Pískovcový kvádr, zjištěný v severní obvodové stěně sklepa,",Clear,0.9115,,,sklep,,,
CTX199603106,4,41,by mohl vzhledem k linii své vnější líce náležet již k vlastnímu,Clear,0.9812,,,,,,
CTX199603106,4,42,tělu pilíře a nikoliv k jeho jižnímu zhlaví. Niveleta koruny,Clear,0.9757,,,pilíř,,,
CTX199603106,4,43,"dochovaného zdivá (188,9 m) odpovídá horní, ústupkem an*ené parti1",Noisy,0.7918,,,,,,
CTX199603106,4,44,,Empty,0.0,,,,,,
CTX199603106,4,45,3,Non-text,0.0,,,,,,
CTX199603106,5,1,3406/45,Non-text,0.0,,,,,,
CTX199603106,5,2,zhlaví pilíře. Nasazení spodní cca o 65 cm roze f řené části,Clear,0.8617,,,pilíř,,,
CTX199603106,5,3,,Empty,0.0,,,,,,
CTX199603106,5,4,"u následujících dvou pilířů mostu se nachází v úrovni 186,1 - 186,2",Noisy,0.7999,,,pilíř; most,,,
CTX199603106,5,5,,Empty,0.0,,,,,,
CTX199603106,5,6,■ n. m. a přechod ve střechoví té vertikální ukončení zhlaví evidujeme,Clear,0.8399,,,,,,
CTX199603106,5,7,,Empty,0.0,,,,,,
CTX199603106,5,8,"ve výšce cca 192,8 • n. e. Rozpon oblouku mezi tímto pil I řem",Noisy,0.7999,,,,,,
CTX199603106,5,9,,Empty,0.0,,,,,,
CTX199603106,5,10,a pi 1ířem nesoucím Staroměstskou mosteckou věž by činí 1 zhruba 19 m.,Clear,0.8657,,,věž,,,
CTX199603106,5,11,,Empty,0.0,,,,,,
CTX199603106,5,12,Vzdálenost mezi následujícími pilíři ve vltavském řečišti kolísá,Clear,0.9905,,,pilíř,,,
CTX199603106,5,13,,Empty,0.0,,,,,,
CTX199603106,5,14,"zhruba mezi 20,5 až 22 m. Menší rozpon oblouku u břehu nepovažujeme",Clear,0.8849,,,,,,
CTX199603106,5,15,za výjimečný zjev. Provedenou dokumentací tak byla potvrzena,Clear,0.981,,,dokumentace,,,
CTX199603106,5,16,existence donedávna neznámého pilíře Karlova mostu. Přesné situování,Clear,0.9665,,,pilíř; most,,,
CTX199603106,5,17,,Empty,0.0,,,,,,
CTX199603106,5,18,stabilizovaného pravého břehu Vltavy zůstává otázkou. Je třeba jej,Clear,0.9798,,,,,,
CTX199603106,5,19,,Empty,0.0,,,,,,
CTX199603106,5,20,"předpokládat v těsném východním sousedství zjištěného pilíře,",Clear,0.9732,,,pilíř,,,
CTX199603106,5,21,,Empty,0.0,,,,,,
CTX199603106,5,22,protože pozůstatky románské (kvádříkový dům v Colloredo,Clear,0.9634,,,dům,,,
CTX199603106,5,23,,Empty,0.0,,,,,,
CTX199603106,5,24,- Mannsfeldském paláci čp. 189/1) a raně gotické zástavby,Noisy,0.7999,,,palác,,,
CTX199603106,5,25,,Empty,0.0,,,,,,
CTX199603106,5,26,(křižovnícký kostel sv. Františka) jsou v bezprostřední blízkosti.,Clear,0.9161,,,kostel,,,
CTX199603106,6,1,Literatura,Clear,0.9334,,,,,,
CTX199603106,6,2,,Empty,0.0,,,,,,
CTX199603106,6,3,840./46,Non-text,0.0,,,,,,
CTX199603106,6,4,,Empty,0.0,,,,,,
CTX199603106,6,5,"Muk Jan 1988, Stavební historie, in: Pasport domu p. 193/1.",Clear,0.8,,,dům,,,
CTX199603106,6,6,SÚRPMO Praha.,Clear,0.8673,,,,,,
CTX199603106,6,7,,Empty,0.0,,,,,,
CTX199603106,6,8,"Vilímková Milada - Ebel Martin 1988, Stručné dějiny budovy, in:",Clear,0.8462,,,budova,,,
CTX199603106,6,9,Pasport domu čp. 193/1. SÚRPMO Praha.,Noisy,0.7897,,,dům,,,
CTX199603106,6,10,,Empty,0.0,,,,,,
CTX199603106,6,11,Popis fotografií,Clear,0.9328,,,,,,
CTX199603106,6,12,,Empty,0.0,,,,,,
CTX199603106,6,13,Foto 1. Odhalená líc pískovcového obkladu pilíře. Vlevo nevelký,Clear,0.9285,,,pilíř,,,
CTX199603106,6,14,úsek dochovaných čtyř řádků. Pohled od jihozápadu. Archiv,Clear,0.9684,,,,,,
CTX199603106,6,15,"PÚPP, č. fot. 56 814. Foto K. Fink.",Noisy,0.7083,,,,,,
CTX199603106,6,16,,Empty,0.0,,,,,,
CTX199603106,6,17,Foto 2. Střední partie odkryté líce pískovcového obkladu,Clear,0.9326,,,,,,
CTX199603106,6,18,pilíře s důlky pro uchycení kvádrů do zednických kleští. Pohled,Clear,0.9772,,,pilíř; kleště,,,
CTX199603106,6,19,"od západu. Archiv PÚPP, č. fot. 56 815. Foto K. Fink.",Clear,0.8,,,,,,
CTX199603106,6,20,,Empty,0.0,,,,,,
CTX199603106,6,21,Foto 3. Detail odhaleného líce pískovcového obkladu pilíře,Clear,0.929,,,pilíř,,,
CTX199603106,6,22,"s rozetřenou maltou spár. Pohled od jihu. Archív PÚPP, č. fot.",Clear,0.8849,,,malta,,,
CTX199603106,6,23,56 816. Foto K. Fink.,Noisy,0.7119,,,,,,
CTX199603106,6,24,,Empty,0.0,,,,,,
CTX199603106,6,25,Plánek č. 1. Půdorys domu čp. 193/1 v úrovni suterénu,Clear,0.806,,,dům,,,
CTX199603106,6,26,s vynesením nálezu. 1 - pískovcový obklad pilíře 2 - zachycené,Clear,0.8242,,,pilíř,,,
CTX199603106,6,27,opukové zdlvo jádra pilíře 3 - předpokládaný průběh líce,Clear,0.887,,,pilíř,,,
CTX199603106,6,28,Pilíře. Zaměření a kresba J. Mourek.,Clear,0.8738,,,pilíř,,,
CTX199603106,6,29,,Empty,0.0,,,,,,
CTX199603106,6,30,Plánek č. 2. ŠlrSÍ situace prvního staroměstského pilíře.,Clear,0.8227,,,pilíř,,,
CTX199603106,6,31,Kresba J. Mourek.,Trash,0.5499,,,,,,
CTX199603106,6,32,,Empty,0.0,,,,,,
CTX199603106,6,33,5,Non-text,0.0,,,,,,
CTX199603106,8,1,3,Non-text,0.0,,,,,,
CTX199603106,9,1,Plánek č. 1,Noisy,0.55,,,,,,
CTX199603106,9,2,,Empty,0.0,,,,,,
CTX199603106,9,3,Vltava,Clear,0.8717,,,,,,
CTX199603106,9,4,,Empty,0.0,,,,,,
CTX199603106,9,5,■ 1 %2,Non-text,0.0,,,,,,
CTX199603106,9,6,3,Non-text,0.0,,,,,,
CTX200603179,1,1,"BÍTOV U KONĚPRUS, OKR. BEROUN - STAVBA ELEKTRICKÉ PŘÍPOJKY K RD",Noisy,0.7999,,,okr; stavba,,,
CTX200603179,1,2,ČP. 10,Non-text,0.0,,,,,,
CTX200603179,1,3,NÁLEZOVÁ ZPRÁVA O ARCHEOLOGICKÉM DOHLEDU P,Clear,0.8721,,,,,,
CTX200603179,1,4,*AVerPEPNeblogický ústav,Noisy,0.5499,,,,,,
CTX200603179,1,5,ÚAPPSČ PRAHA,Clear,0.8,,,,,,
CTX200603179,1,6,09° 1 0 -04- 2006,Noisy,0.55,,,,,,
CTX200603179,1,7,Zprávu podává: DANIEL STOLZ,Clear,0.9622,,,,,,
CTX200603179,1,8,,Empty,0.0,,,,,,
CTX200603179,1,9,"c,",Non-text,0.0,,,,,,
CTX200603179,1,10,Čislo jednací: 424/05 Kl,Clear,0.8,,,,,,
CTX200603179,1,11,,Empty,0.0,,,,,,
CTX200603179,1,12,Základní údaje:,Clear,0.9476,,,,,,
CTX200603179,1,13,Katastrální území: Bítov u Koněprus,Clear,0.9456,,,,,,
CTX200603179,1,14,Lokalita:,Clear,0.898,,,,,,
CTX200603179,1,15,Parcelní čislo: 18,Clear,0.8291,,,,,,
CTX200603179,1,16,Okres Beroun,Clear,0.9086,,,,,,
CTX200603179,1,17,Lokalizace v mapě 1:10 000:,Noisy,0.7999,,,,,,
CTX200603179,1,18,Mapový list 12-41-17 okolo bodu 68/217 mm od Z a J sekční čáry,Clear,0.8392,,,,,,
CTX200603179,1,19,Název a druh akce: Stavba elektrické přípojky k RD čp. 10,Noisy,0.7999,,,stavba,,,
CTX200603179,1,20,"Investor: Václav Kubík, Tyršova 75, 266 01 Beroun",Noisy,0.7999,,,,,,
CTX200603179,1,21,"Základní metoda archeologického výzkumu, dohled",Clear,0.9715,,,,,,
CTX200603179,1,22,Doba výzkumu: únor 2005,Noisy,0.7999,,,,,,
CTX200603179,1,23,,Empty,0.0,,,,,,
CTX200603179,1,24,Okolnosti a cil \ýzkumu:,Clear,0.8592,,,,,,
CTX200603179,1,25,Byla provedena kontrola odkrytých výkopů.,Clear,0.9626,,,výkop,,,
CTX200603179,1,26,,Empty,0.0,,,,,,
CTX200603179,1,27,Zaměřeni:,Clear,0.9414,,,,,,
CTX200603179,1,28,Zaměřeni bylo provedeno do základní mapy 1:10 000.,Noisy,0.7999,,,,,,
CTX200603179,1,29,,Empty,0.0,,,,,,
CTX200603179,1,30,Popis terénni situace:,Clear,0.8374,,,,,,
CTX200603179,1,31,Ve výkopu byly zjištěny pouze geologické situace,Clear,0.985,,,výkop,,,
CTX200603179,1,32,,Empty,0.0,,,,,,
CTX200603179,1,33,Zhodnoceni:,Clear,0.8881,,,,,,
CTX200603179,1,34,Nebyly porušeny archeologické situace.,Clear,0.9651,,,,,,
CTX200603179,1,35,,Empty,0.0,,,,,,
CTX200603179,1,36,V Kladně 30. 12. 2005 Mgr. Daniel Stolz,Noisy,0.7999,,,,,,
CTX200603179,3,1,ÚSTAV ARCHEOLOGICKÉ PAMÁTKOVÉ,Clear,0.978,,,,,,
CTX200603179,3,2,PÉČE STŘEDNÍCH ČECH,Clear,0.9716,,,,,,
CTX200603179,3,3,EXPERTNÍ LIST KE STAVBĚ,Clear,0.8956,,,stavba,,,
CTX200603179,3,4,,Empty,0.0,,,,,,
CTX200603179,3,5,Dokument je určen pro investora stavby jako doklad realizovaného záchranného,Clear,0.9776,,,stavba,,,
CTX200603179,3,6,výzkumu. Je nedílnou součástí konkrétní stavební akce.,Clear,0.9696,,,,,,
CTX200603179,3,7,V souvislosti s jinou stavební aktivitou je neplatný.,Clear,0.9741,,,,,,
CTX200603179,3,8,"""* * —* L.A*t**? * """,Non-text,0.0,,,,,,
CTX200603179,3,9,"LOKALITA: BÍTOV U KONĚPRUS,PCI8TT._ . .",Noisy,0.6141,,,,,,
CTX200603179,3,10,7--WE * ----- - ser- ■■ • -*-,Non-text,0.0,,,,,,
CTX200603179,3,11,,Empty,0.0,,,,,,
CTX200603179,3,12,KATASTRÁLNÍ UZEMÍ: BTOVU KONĚPRUS-A OKRES:,Clear,0.9203,,,,,,
CTX200603179,3,13,"k- - : .** - - r # * WĚ. -- "" w ' -*** * • ** v •* w",Non-text,0.0,,,,,,
CTX200603179,3,14,•7. - • .. -* - mxei---r- ------,Non-text,0.0,,,,,,
CTX200603179,3,15,"- -**,* er.**u . Je., - ». *• . r",Non-text,0.0,,,,,,
CTX200603179,3,16,"MAPA ZM 1:10.000 12-41-17 bodu 68/217;mmodZ a J sekční,čáry",Clear,0.8,,,,,,
CTX200603179,3,17,,Empty,0.0,,,,,,
CTX200603179,3,18,INVESTOR: VÁCLAVKUBIK- •,Noisy,0.7419,,,,,,
CTX200603179,3,19,TYRSOVA5===aras ..v 277,Trash,0.4534,,,,,,
CTX200603179,3,20,"266 01 BEROUN 2=: aEsne "" K- . - -",Trash,0.3875,,,,,,
CTX200603179,3,21,"• .,)*$‘ *r***.**- * uwee’-*-—+am-*-- =*=*-r-o-. ved-r n-* ■ -",Non-text,0.0,,,,,,
CTX200603179,3,22,- * -**=. ■■ wy ew.t-u U**okv* • -**.*=■ -,Non-text,0.0,,,,,,
CTX200603179,3,23,NÁZEVADRUHSTAVBY:ELEKTRICKÄPRPOJKANNK-RDČP. 10,Noisy,0.6993,,,,,,
CTX200603179,3,24,,Empty,0.0,,,,,,
CTX200603179,3,25,DOBA VÝZKUMU: ÚNOR 2005,Clear,0.8705,,,,,,
CTX200603179,3,26,,Empty,0.0,,,,,,
CTX200603179,3,27,"[r "" A , 1 Ťy I] h A * ,7 *",Non-text,0.0,,,,,,
CTX200603179,3,28,FORMA ARCHEOLOGICKÉHO_VÝZKUMU: DOHLED,Noisy,0.7927,,,,,,
CTX200603179,3,29,"(2 7 M Ä V,:",Non-text,0.0,,,,,,
CTX200603179,3,30,VÝSLEDEK: NEBYLY ZACHYCENY ARCHEOLOGICKÉ SITUACE. BYLO,Clear,0.9636,,,,,,
CTX200603179,3,31,ZDOKUMENTOVÁNO POUZE GEOLOGICKÉ PODLOŽÍ.,Clear,0.9617,,,,,,
CTX200603179,3,32,,Empty,0.0,,,,,,
CTX200603179,3,33,"ÚZEMÍ ZASAŽENÉ STAVEBNÍ ČINNOSTÍ POSOUDIL: MGR. DANIEL STOLZ, .A.",Clear,0.9254,,,,,,
CTX200603179,3,34,ewa esmafkOV e,Trash,0.4922,,,,,,
CTX200603179,3,35,. LEACOVISTEKAAPApuc,Trash,0.4246,,,,,,
CTX200603179,3,36,DATUM: 10.5. 2005 C.J. 119/2005 KL PODPIS: NoOL,Noisy,0.6084,,,,,,
CTX201405311,1,1,Č. akce 45938,Clear,0.8,,,,,,
CTX201405311,1,2,"ARCHEOLOGICKÝ ÚSTAV AKADEMIE VĚD ČR, Praha, v.v.i.",Noisy,0.7999,,,,,,
CTX201405311,1,3,"118 01 Praha 1 - Malá Strana, Letenská 4",Noisy,0.7482,,,,,,
CTX201405311,1,4,"Pracoviště Kutná Hora, Hloušecká 609, 284 01 Kutná Hora",Noisy,0.7999,,,,,,
CTX201405311,1,5,"tel.: 327 511 730, e-mail: archeologiekh@seznam.cz",Noisy,0.6279,,,,,,
CTX201405311,1,6,V Kutné Hoře 1.7.2014,Clear,0.84,,,,,,
CTX201405311,1,7,Ing. Jan Přibyl,Clear,0.9433,,,,,,
CTX201405311,1,8,Mgr. Jana Přibylová,Clear,0.9542,,,,,,
CTX201405311,1,9,Spodní 682,Noisy,0.7785,,,,,,
CTX201405311,1,10,Spodní 682,Noisy,0.7785,,,,,,
CTX201405311,1,11,625 00 Brno,Noisy,0.7135,,,,,,
CTX201405311,1,12,625 00 Brno,Noisy,0.7135,,,,,,
CTX201405311,1,13,VĚC: zpráva o provedení záchranného archeologického výzkumu při akci - Čáslav - novostavba,Noisy,0.7999,,,,,,
CTX201405311,1,14,"rodinného domu na ppč. 1642/17,18 v k.ú. Čáslav.",Clear,0.8121,,,dům,,,
CTX201405311,1,15,V souladu se zněním zákona č.20/87 Sb. v platném znění byl na základě ohlášení zahájení výkopových prací,Clear,0.9402,,,,,,
CTX201405311,1,16,"proveden archeologický dohled při akci: Čáslav - novostavba rodinného domu na ppč. 1642/17, 18 v k.ú.",Clear,0.8632,,,dům,,,
CTX201405311,1,17,Čáslav.,Clear,0.9342,,,,,,
CTX201405311,1,18,,Empty,0.0,,,,,,
CTX201405311,1,19,Akce probíhala na západním okraji města v poloze „Vodranty“. V těsném sousedství stavby došlo v minulosti,Clear,0.9513,,,město; stavba,,,
CTX201405311,1,20,"k zachycení polykulturního pravěkého a středověkého osídlení, proto nešlo dopředu vyloučit možnost, že",Clear,0.9593,,,,,,
CTX201405311,1,21,v průběhu akce dojde k poškození důležitých archeologických situací.,Clear,0.9816,,,,,,
CTX201405311,1,22,Archeologický dohled při stavbě proběhl formou revize (20.6.2014) skrývky ornice a výkopů základových,Clear,0.9491,,,stavba; ornice; výkop,,,
CTX201405311,1,23,pasů pro rodinný dům. Na profilech výkopů bylo patrné souvrství hnědé ornice s podorničím na intaktním,Clear,0.978,,,dům; výkop; ornice,,,
CTX201405311,1,24,"podloží, které tvořila intaktní spraš.",Clear,0.9547,,,,,,
CTX201405311,1,25,K zachycení archeologických situací ani materiálu při akci nedošlo. Vzhledem k negativním archeologickým,Clear,0.99,,,,,,
CTX201405311,1,26,zjištěním byl prostor stavby po ukončení dohledu uvolněn pro dokončení akce.,Clear,0.9852,,,stavba,,,
CTX201405311,1,27,"Archeologický dohled při stavbě provedl Mgr. Filip Velímský, Ph.D. (ARÚ AV ČR, Praha, v.v.i., pracoviště",Clear,0.8652,,,stavba,,,
CTX201405311,1,28,"Kutná Hora). Terénní dokumentace je uložena v Archeologickém ústavu AV ČR, Praha, v.v.i., pracoviště",Noisy,0.7999,,,dokumentace,,,
CTX201405311,1,29,Kutná Hora.,Clear,0.9534,,,,,,
CTX201405311,1,30,"Závěrem je možno konstatovat, že byla dodržena všechna zákonná ustanovení o ochraně",Clear,0.9421,,,,,,
CTX201405311,1,31,archeologických památek.,Clear,0.9398,,,,,,
CTX201405311,1,32,,Empty,0.0,,,,,,
CTX201405311,1,33,"PhDr. Radka Šumberová, Ph.D.",Clear,0.8459,,,,,,
CTX201405311,1,34,Vedoucí pracoviště Kutná Hora,Clear,0.9812,,,,,,
CTX201405311,1,35,"Zpracoval: Mgr. Filip Velímský, Ph.D.",Clear,0.895,,,,,,
CTX201601688,1,1,SKU Hrovnadbělou,Clear,0.9152,,,,,,
CTX201601688,1,2,,Empty,0.0,,,,,,
CTX201601688,1,3,"Hrad, sběry 1998",Clear,0.8209,,,hrad,,,
CTX201601688,1,4,,Empty,0.0,,,,,,
CTX201601688,1,5,Muzeum a galerie v Rychnově n. Kn.,Noisy,0.7999,,,muzeum,,,
CTX201601688,1,6,PhDr. Martina Beková,Clear,0.9062,,,,,,
CTX201601688,1,7,Bohumír Dragoun,Clear,0.9065,,,,,,
CTX201601688,2,1,"SKUHROV NAD BĚLOU hrad, sběry 1998",Clear,0.9015,,,hrad,,,
CTX201601688,2,2,Geomorfologický popis,Clear,0.942,,,,,,
CTX201601688,2,3,"Hrad se nachází na ostrožně nad řekou Bělou, na úpatí svahů svírajících tok Bělé v rámci",Clear,0.9863,,,hrad,,,
CTX201601688,2,4,"skuhrovské části Podorlické pahorkatiny (SLÁDEK, J. 1977: Zeměpisné vymezení a",Clear,0.8926,,,,,,
CTX201601688,2,5,"regionální členění in: Příroda Orlických hor a Podorlicka, Praha 1977, 13-87).",Clear,0.854,,,,,,
CTX201601688,2,6,,Empty,0.0,,,,,,
CTX201601688,2,7,Podloží a půdní pokryv,Clear,0.9733,,,,,,
CTX201601688,2,8,"Oglejené půdy na fylitech ( NÁLEVKA, B. 1977: Půdní poměry, in: Příroda Orlických hor a",Clear,0.8581,,,,,,
CTX201601688,2,9,"Podorlicka, Praha 1977, 287-308.).",Noisy,0.6829,,,,,,
CTX201601688,2,10,,Empty,0.0,,,,,,
CTX201601688,2,11,Historie naleziště,Clear,0.9353,,,,,,
CTX201601688,2,12,"Hrad na ostrožně, dvojdílný (předhradí a vlastní hradní areál, patrně plášťový). Patrně založen",Clear,0.9679,,,hrad; předhradí,,,
CTX201601688,2,13,"Tasem ze Skuhrova kolem r. 1320, za Jiřího z Poděbrad pustne, v roce 1558 jmenován jako",Clear,0.9077,,,,,,
CTX201601688,2,14,"pustý (Musil, F., Svoboda, L. 1998: Hrady zámky a tvrze okresu Rychnov nad Kněžnou, s.",Clear,0.8683,,,hrad; zámek (sídlo elity); zámek; tvrz,,,
CTX201601688,2,15,153-156).,Non-text,0.0,,,,,,
CTX201601688,2,16,,Empty,0.0,,,,,,
CTX201601688,2,17,Okolnosti a cíl výzkumu,Clear,0.9698,,,,,,
CTX201601688,2,18,Sběr.,Clear,0.8616,,,,,,
CTX201601688,2,19,"1. Sběr J. Slavík, Památkový ústav Pardubice.",Noisy,0.7999,,,,,,
CTX201601688,2,20,2. Sběr archeologický kroužek Villa Nova pod vedením D. Vícha.,Clear,0.8813,,,kroužek,,,
CTX201601688,2,21,"3. Sběr Slavík, Památkový ústav Pardubice",Noisy,0.7999,,,,,,
CTX201601688,2,22,Metoda výzkumu,Clear,0.9751,,,,,,
CTX201601688,2,23,Povrchový sběr.,Clear,0.9379,,,,,,
CTX201601688,2,24,,Empty,0.0,,,,,,
CTX201601688,2,25,Zaměření,Clear,0.978,,,,,,
CTX201601688,2,26,Zaměření provedla autorka zprávy dle popisu sběračů do plánů hradu.,Clear,0.9814,,,hrad,,,
CTX201601688,2,27,,Empty,0.0,,,,,,
CTX201601688,2,28,Popis terénní situace,Clear,0.8832,,,,,,
CTX201601688,2,29,1. Sběr J. Slavík nad vnitřním příkopem jak ze strany předhradí tak vlastního hradu (viz,Clear,0.9274,,,příkop; předhradí; hrad,,,
CTX201601688,2,30,plánek polohy 1). Nalezeny 4 fragmenty keramiky. 5. 3. 1998,Noisy,0.7651,,,keramika,,,
CTX201601688,2,31,"2. Sběr archeologický kroužek Villa Nova 11. 8. 1998, úbočí hradního kopce směrem",Noisy,0.7999,,,kroužek,,,
CTX201601688,2,32,"k vesnici (viz. plánek poloha 2). Nalezeno 14 drobnějších fragmentů, okraje a zl.",Clear,0.8714,,,vesnice,,,
CTX201601688,2,33,"zásobnice, vše 14. -15. stol.",Noisy,0.741,,,zásobnice,,,
CTX201601688,2,34,"3. Sběr J. Slavík, jádro hradu (viz plánek polohy 3). Nalezeny 3 fragmenty keramiky. 5.",Clear,0.8227,,,hrad; keramika,,,
CTX201601688,2,35,3.1998,Non-text,0.0,,,,,,
CTX201601688,2,36,,Empty,0.0,,,,,,
CTX201601688,2,37,Zhodnocení a interpretace výsledků výzkumu,Clear,0.9864,,,,,,
CTX201601688,2,38,"Nalezeny zlomky keramiky z kulturních vrstev existence hradu, 14. -15. stol., naprostá",Clear,0.8854,,,keramika; hrad,,,
CTX201601688,2,39,převaha zl. z 15. stol.,Clear,0.8,,,,,,
CTX201601688,2,40,,Empty,0.0,,,,,,
CTX201601688,2,41,Seznam nálezů,Clear,0.9784,,,,,,
CTX201601688,2,42,Viz příloha,Clear,0.9638,,,,,,
CTX201601688,3,1,Přír.č.,Clear,0.8787,,,,,,
CTX201601688,3,2,Název,Clear,0.9785,,,,,,
CTX201601688,3,3,Počet,Clear,0.9545,,,,,,
CTX201601688,3,4,Výzkum,Clear,0.978,,,,,,
CTX201601688,3,5,,Empty,0.0,,,,,,
CTX201601688,3,6,Poloha,Clear,0.9021,,,,,,
CTX201601688,3,7,Inv. č.,Noisy,0.6546,,,,,,
CTX201601688,3,8,Poznámka,Clear,0.9706,,,,,,
CTX201601688,3,9,,Empty,0.0,,,,,,
CTX201601688,3,10,A678/2015,Non-text,0.0,,,,,,
CTX201601688,3,11,keramika,Clear,0.8983,,,keramika,,,
CTX201601688,3,12,4,Non-text,0.0,,,,,,
CTX201601688,3,13,,Empty,0.0,,,,,,
CTX201601688,3,14,Skuhrov,Clear,0.9058,,,,,,
CTX201601688,3,15,hrad,Clear,0.8866,,,hrad,,,
CTX201601688,3,16,,Empty,0.0,,,,,,
CTX201601688,3,17,sběr Slavík J.,Noisy,0.7999,,,,,,
CTX201601688,3,18,(viz. NZ,Noisy,0.6529,,,,,,
CTX201601688,3,19,"Skuhrov 1998,",Noisy,0.7534,,,,,,
CTX201601688,3,20,poloha 1),Noisy,0.55,,,,,,
CTX201601688,3,21,,Empty,0.0,,,,,,
CTX201601688,3,22,A1737,Non-text,0.0,,,,,,
CTX201601688,3,23,,Empty,0.0,,,,,,
CTX201601688,3,24,3 atypické zlomky z výdutí,Noisy,0.7999,,,,,,
CTX201601688,3,25,"nepolévaných nádob, prakticky bílé",Clear,0.9285,,,nádoba,,,
CTX201601688,3,26,"zboží, 2. pol. 15. stol. + zlomek",Noisy,0.7018,,,zboží,,,
CTX201601688,3,27,okraje - velmi nizké vysazené,Noisy,0.7999,,,,,,
CTX201601688,3,28,"okruží, červená linka na okruží,",Clear,0.9476,,,,,,
CTX201601688,3,29,"další na podhrdlí, váha 90,9g.",Noisy,0.7999,,,váha,,,
CTX201601688,3,30,,Empty,0.0,,,,,,
CTX201601688,3,31,A679/2015,Non-text,0.0,,,,,,
CTX201601688,3,32,keramika,Clear,0.8983,,,keramika,,,
CTX201601688,3,33,23,Non-text,0.0,,,,,,
CTX201601688,3,34,,Empty,0.0,,,,,,
CTX201601688,3,35,Skuhrov,Clear,0.9058,,,,,,
CTX201601688,3,36,hrad,Clear,0.8866,,,hrad,,,
CTX201601688,3,37,,Empty,0.0,,,,,,
CTX201601688,3,38,sběr arch.,Clear,0.8883,,,,,,
CTX201601688,3,39,kroužek(viz.,Clear,0.8707,,,kroužek,,,
CTX201601688,3,40,NZ Skuhrov,Noisy,0.7305,,,,,,
CTX201601688,3,41,"1998,poloha 2)",Trash,0.4946,,,,,,
CTX201601688,3,42,,Empty,0.0,,,,,,
CTX201601688,3,43,A1738,Non-text,0.0,,,,,,
CTX201601688,3,44,,Empty,0.0,,,,,,
CTX201601688,3,45,14 atypických zlomků keramiky,Clear,0.8886,,,keramika,,,
CTX201601688,3,46,14./15. st. + 1 zl. masivnější,Trash,0.5341,,,,,,
CTX201601688,3,47,zásobnice + 3 zl. okrajů,Clear,0.8,,,zásobnice,,,
CTX201601688,3,48,(okruží+mísa se zahnutým,Clear,0.8861,,,mísa,,,
CTX201601688,3,49,okrajem) + 1 zl. ucha + výdutě,Noisy,0.6681,,,,,,
CTX201601688,3,50,nádob se stopami vytáčení + 1,Noisy,0.7999,,,nádoba,,,
CTX201601688,3,51,"mazanice, váha 182,1g.",Noisy,0.7589,,,mazanice; váha,,,
CTX201601688,3,52,,Empty,0.0,,,,,,
CTX201601688,3,53,A680/2015,Non-text,0.0,,,,,,
CTX201601688,3,54,keramika,Clear,0.8955,,,keramika,,,
CTX201601688,3,55,3,Non-text,0.0,,,,,,
CTX201601688,3,56,,Empty,0.0,,,,,,
CTX201601688,3,57,Skuhrov,Clear,0.9058,,,,,,
CTX201601688,3,58,hrad,Clear,0.8866,,,hrad,,,
CTX201601688,3,59,,Empty,0.0,,,,,,
CTX201601688,3,60,sběr Slavík J.,Noisy,0.7999,,,,,,
CTX201601688,3,61,(viz. NZ,Noisy,0.6529,,,,,,
CTX201601688,3,62,"Skuhrov 1998,",Noisy,0.7534,,,,,,
CTX201601688,3,63,poloha 3),Noisy,0.55,,,,,,
CTX201601688,3,64,,Empty,0.0,,,,,,
CTX201601688,3,65,A1739,Non-text,0.0,,,,,,
CTX201601688,3,66,,Empty,0.0,,,,,,
CTX201601688,3,67,2 drobné atypické zlomky + 1,Clear,0.8,,,,,,
CTX201601688,3,68,"zlomek dna - bílé zboží, 2. pol. 15.",Clear,0.8,,,zboží,,,
CTX201601688,3,69,"století, váha 14,6g.",Noisy,0.7602,,,váha,,,
CTX201601688,3,70,,Empty,0.0,,,,,,
CTX201601688,3,71,Terénní a obrazová dokumentace,Clear,0.9443,,,dokumentace,,,
CTX201601688,3,72,"Obr. 1. SKUHROV NAD BĚLOU hrad, sběry 1998. Umístění lokality a plánek hradu se zákresem",Clear,0.9208,,,hrad,,,
CTX201601688,3,73,sběrů.,Clear,0.8995,,,,,,
CTX201601688,3,74,"Obr. 2. SKUHROV NAD BĚLOU hrad, sběry 1998. Nálezy -poloha 1 (př. č. A678/2015).",Clear,0.8,,,hrad,,,
CTX201601688,3,75,"Obr. 3. SKUHROV NAD BĚLOU hrad, sběry 1998. Nálezy -poloha 2 (př. č. A679/201).",Clear,0.8,,,hrad,,,
CTX201601688,3,76,"Obr. 4. SKUHROV NAD BĚLOU hrad, sběry 1998. Nálezy - poloha 3 (př. č. A680/2015).",Clear,0.8,,,hrad,,,
CTX201601688,3,77,,Empty,0.0,,,,,,
CTX201601688,3,78,V Rychnově nad Kněžnou dne 27. 11. 2015,Noisy,0.7999,,,,,,
CTX201601688,3,79,PhDr. Martina Beková,Clear,0.9055,,,,,,
CTX201601688,3,80,Bohumír Dragoun,Clear,0.9102,,,,,,
CTX201601688,4,1,"Obr. 1. SKUHROV NAD BĚLOU hrad, sběry 1998. Umístění lokality a plánek hradu se",Clear,0.914,,,hrad,,,
CTX201601688,4,2,zákresem sběrů.,Clear,0.9279,,,,,,
CTX201601688,5,1,"Obr. 2. SKUHROV NAD BĚLOU hrad, sběry 1998. Nálezy - poloha 1 (př. č. A678/2015).",Clear,0.8,,,hrad,,,
CTX201601688,6,1,"Obr. 3. SKUHROV NAD BĚLOU hrad, sběry 1998. Nálezy - poloha 2 (př. č. A679/2015).",Clear,0.8,,,hrad,,,
CTX201601688,7,1,Stitrr ■ Seil ■■,Trash,0.5499,,,,,,
CTX201601688,7,2,"Tu,",Non-text,0.0,,,,,,
CTX201601688,7,3,,Empty,0.0,,,,,,
CTX201601688,7,4,"Skulrov nD-lou,",Trash,0.5499,,,,,,
CTX201601688,7,5,hrad sbrč.2,Noisy,0.55,,,hrad,,,
CTX201601688,7,6,<or Sloufk J. 4998,Noisy,0.5872,,,,,,
CTX201601688,7,7,AG802045,Non-text,0.0,,,,,,
CTX201601688,7,8,,Empty,0.0,,,,,,
CTX201601688,7,9,"Obr. 4. SKUHROV NAD BĚLOU hrad, sběry 1998. Nálezy - poloha 3 (př. č. A680/2015).",Clear,0.8,,,hrad,,,
