cs,en,source,source_id,scheme,theme,placed_by
Artemísion,Artemisium,teater,1306,1267,Activity Area,teater:1267
Asklépieion,Asclepeion,teater,1307,1267,Activity Area,teater:1267
Loretánská kaple,Loreto chapel,teater,1331,1267,Activity Area,teater:1267
Métróon,Metroon,teater,1313,1267,Activity Area,teater:1267
agora,agora,teater,1469,1267,Activity Area,teater:1267
akropole,acropolis,teater,1424,1267,Activity Area,teater:1267
akvadukt,aqueduct,teater,1414,1267,Activity Area,teater:1267
amfiprostylos,amphiprostyle,teater,1305,1267,Activity Area,teater:1267
antické město,ancient city,teater,1395,1267,Activity Area,teater:1267
antický chrám,ancient temple,teater,1304,1267,Activity Area,teater:1267
apoikia,apoikia,teater,1442,1267,Activity Area,teater:1267
areál jiné aktivity,other activity area,teater,1268,1267,Activity Area,teater:1267
areál nezemědělské výroby,non-agricultural production area,teater,1275,1267,Activity Area,teater:1267
areál vojenských aktivit,military area,teater,1284,1267,Activity Area,teater:1267
areál zemědělské výroby,agriculture production area,teater,1293,1267,Activity Area,teater:1267
augustiniánský klášter,Augustinian monastery,teater,1360,1267,Activity Area,teater:1267
bazilika,basilica,teater,1334,1267,Activity Area,teater:1267
baziliánský klášter,Basilian monastery,teater,1384,1267,Activity Area,teater:1267
benediktinský klášter,Benedictine monastery,teater,1361,1267,Activity Area,teater:1267
bojiště,battlefields,teater,1285,1267,Activity Area,teater:1267
boží muka a křížky,wayside shrines and crosses,teater,1323,1267,Activity Area,teater:1267
castellum,castellum,teater,1292,1267,Activity Area,teater:1267
chronologie (města),chronology (cities),teater,1394,1267,Activity Area,teater:1267
chrám,temple,teater,3865,1267,Activity Area,teater:1267
cisterciácký klášter,Cistercian monastery,teater,1362,1267,Activity Area,teater:1267
colonia,colonia,teater,1353,1267,Activity Area,teater:1267
církevní architektura,church architecture,teater,1322,1267,Activity Area,teater:1267
dehtárna,tar kiln (area),teater,1276,1267,Activity Area,teater:1267
depot,hoard,teater,1299,1267,Activity Area,teater:1267
dipteros,dipteros,teater,1308,1267,Activity Area,teater:1267
dominikánský klášter,Dominican monastery,teater,1363,1267,Activity Area,teater:1267
dvojitý klášter,double monastery,teater,1358,1267,Activity Area,teater:1267
dvorec,manorial farm,teater,1425,1267,Activity Area,teater:1267
dvůr,court,teater,1426,1267,Activity Area,teater:1267
démos (sídliště),Demos (settlement),teater,1444,1267,Activity Area,teater:1267
dóm,duomo,teater,3864,1267,Activity Area,teater:1267
dřevěná kaple,wooden chapel,teater,1329,1267,Activity Area,teater:1267
dřevěný kostel,wooden church,teater,1335,1267,Activity Area,teater:1267
důl,mine,teater,1460,1267,Activity Area,teater:1267
evangelický kostel,Evangelical temple,teater,1338,1267,Activity Area,teater:1267
františkánský klášter,Franciscan monastery,teater,1364,1267,Activity Area,teater:1267
funkce (města),function (town),teater,1387,1267,Activity Area,teater:1267
fórum,forum,teater,1470,1267,Activity Area,teater:1267
hekatompedon,hekatompedon temple,teater,1309,1267,Activity Area,teater:1267
hlavní město,capital city,teater,1388,1267,Activity Area,teater:1267
hlubinný důl,underground mine,teater,1461,1267,Activity Area,teater:1267
hornické sídliště,mineworkers´ settlement,teater,1448,1267,Activity Area,teater:1267
horní město,mining town,teater,1389,1267,Activity Area,teater:1267
horská silnice,mountain road,teater,1417,1267,Activity Area,teater:1267
hrad,castle,teater,1429,1267,Activity Area,teater:1267
hradiště,hillfort,teater,1354,1267,Activity Area,teater:1267
hradní architektura,castle architecture,teater,1430,1267,Activity Area,teater:1267
hrádek,fortified manor,teater,1428,1267,Activity Area,teater:1267
héróon,heroon,teater,1310,1267,Activity Area,teater:1267
hřbitov,cemetery,teater,1408,1267,Activity Area,teater:1267
hřbitovní kaple,cemetery chapel,teater,1330,1267,Activity Area,teater:1267
in antis,distyle in antis,teater,1311,1267,Activity Area,teater:1267
islámská architektura,Islamic architecture,teater,1343,1267,Activity Area,teater:1267
izolovaný pohřeb,isolated burial,teater,1409,1267,Activity Area,teater:1267
jeskynní hrad,cave castle,teater,1431,1267,Activity Area,teater:1267
jez,weir,teater,1476,1267,Activity Area,teater:1267
kabeirion,cabeirion,teater,1312,1267,Activity Area,teater:1267
kalvárie,calvary,teater,1324,1267,Activity Area,teater:1267
kamenný kříž,stone cross,teater,1325,1267,Activity Area,teater:1267
kamenolom,stone quarry,teater,1465,1267,Activity Area,teater:1267
kapitula,chapter house,teater,1327,1267,Activity Area,teater:1267
kaple,chapel,teater,1328,1267,Activity Area,teater:1267
kapucínský klášter,Capuchin monastery,teater,1365,1267,Activity Area,teater:1267
karmelitánský klášter,Carmelite monastery,teater,1366,1267,Activity Area,teater:1267
kartuziánský klášter,Carthusian monastery,teater,1367,1267,Activity Area,teater:1267
kasárna,barracks,teater,1449,1267,Activity Area,teater:1267
katedrála,cathedral,teater,1336,1267,Activity Area,teater:1267
katolický klášter,Catholic monastery,teater,1359,1267,Activity Area,teater:1267
katolický kostel,Catholic church,teater,1339,1267,Activity Area,teater:1267
kačkar,khachkar,teater,1326,1267,Activity Area,teater:1267
keltské oppidum,Celtic oppidum,teater,1355,1267,Activity Area,teater:1267
klášter,monastery,teater,1356,1267,Activity Area,teater:1267
klášter benediktinek,Benedictine nunnery,teater,1368,1267,Activity Area,teater:1267
klášter brigitinek,Bridgettine nunnery,teater,1369,1267,Activity Area,teater:1267
klášter cisterciaček,Cistercian nunnery,teater,1370,1267,Activity Area,teater:1267
klášter dominikánek,Dominican nunnery,teater,1371,1267,Activity Area,teater:1267
klášter kamaldulů,Camaldolese monastery,teater,1372,1267,Activity Area,teater:1267
klášter klaristek,monastery of Clares,teater,1373,1267,Activity Area,teater:1267
klášter křížovníků,monastery of Knights of the Cross,teater,1374,1267,Activity Area,teater:1267
klášter mariánů,monastery of Marian Fathers,teater,1375,1267,Activity Area,teater:1267
klášter servitů,Servite monastery,teater,1376,1267,Activity Area,teater:1267
klášter voršilek,monastery of Ursulines,teater,1377,1267,Activity Area,teater:1267
komenda,commandery,teater,1450,1267,Activity Area,teater:1267
konfesní rozdělení,confessional division,teater,1337,1267,Activity Area,teater:1267
kostel,church,teater,1333,1267,Activity Area,teater:1267
kromlech,cromlech,teater,1346,1267,Activity Area,teater:1267
královské město,royal town,teater,1399,1267,Activity Area,teater:1267
kultovní areál,cult area,teater,1303,1267,Activity Area,teater:1267
kultovní místo,cult site,teater,1345,1267,Activity Area,teater:1267
křesťanský klášter,Christian monastery,teater,1357,1267,Activity Area,teater:1267
křížová cesta,ways of the Cross,teater,1342,1267,Activity Area,teater:1267
loděnice,dockyard,teater,1473,1267,Activity Area,teater:1267
lom,quarry,teater,1464,1267,Activity Area,teater:1267
lovecký zámek,hunting chateaux,teater,1440,1267,Activity Area,teater:1267
lázně,spa,teater,1269,1267,Activity Area,teater:1267
majetnický a votivní depot,votive deposit,teater,1300,1267,Activity Area,teater:1267
megalitická památka,megalith,teater,1347,1267,Activity Area,teater:1267
metropole,metropolis,teater,1390,1267,Activity Area,teater:1267
mešita,mosque,teater,1344,1267,Activity Area,teater:1267
milířiště,charcoal kiln (area),teater,1277,1267,Activity Area,teater:1267
mincovní poklad,coin treasure,teater,1302,1267,Activity Area,teater:1267
minoritský klášter,Minorite monastery,teater,1378,1267,Activity Area,teater:1267
mohylník,barrow cemetery,teater,1410,1267,Activity Area,teater:1267
monastýr,monastery (Eastern Orthodox Church),teater,1383,1267,Activity Area,teater:1267
monopteros,monopteros,teater,1314,1267,Activity Area,teater:1267
most,bridge,teater,1415,1267,Activity Area,teater:1267
municipium,municipium,teater,1396,1267,Activity Area,teater:1267
místo sběru,gathering area,teater,1271,1267,Activity Area,teater:1267
městečko,small town,teater,1445,1267,Activity Area,teater:1267
město,town,teater,1386,1267,Activity Area,teater:1267
městské opevnění,town fortification,teater,1286,1267,Activity Area,teater:1267
městský hrad,town palace,teater,1432,1267,Activity Area,teater:1267
městský palác,city palace,teater,1435,1267,Activity Area,teater:1267
nadkomunitní areál,supracommunity area,teater,1352,1267,Activity Area,teater:1267
neurčený areál,area of unspecified activity,teater,1406,1267,Activity Area,teater:1267
náhon,drive,teater,1477,1267,Activity Area,teater:1267
náměstí,square,teater,1471,1267,Activity Area,teater:1267
obora (myslivost),game park,teater,1294,1267,Activity Area,teater:1267
obětiště,sacrifice site,teater,1348,1267,Activity Area,teater:1267
okrasný sad,ornamental orchard,teater,1273,1267,Activity Area,teater:1267
park,park,teater,1272,1267,Activity Area,teater:1267
pastvina,pasture,teater,1295,1267,Activity Area,teater:1267
paulánský klášter,Minim monastery,teater,1379,1267,Activity Area,teater:1267
peribolos,peribolos,teater,1315,1267,Activity Area,teater:1267
peripteros,peripteros,teater,1316,1267,Activity Area,teater:1267
pevnost,fort,teater,1287,1267,Activity Area,teater:1267
piaristický klášter,Piarist monastery,teater,1380,1267,Activity Area,teater:1267
pivovar,brewery,teater,1278,1267,Activity Area,teater:1267
plavební kanál,canal,teater,1478,1267,Activity Area,teater:1267
plužina,field system,teater,1296,1267,Activity Area,teater:1267
pobřežní opevnění,coastal fortification,teater,1288,1267,Activity Area,teater:1267
poddanské město,tributary town,teater,1400,1267,Activity Area,teater:1267
podhradí,extramural settlement,teater,1446,1267,Activity Area,teater:1267
pohřebiště,burrial ground,teater,1411,1267,Activity Area,teater:1267
pohřebiště v sakralní stavbě,burials in sacral building,teater,1412,1267,Activity Area,teater:1267
pohřební areál,funeraly area,teater,1407,1267,Activity Area,teater:1267
poklad,treasure,teater,1301,1267,Activity Area,teater:1267
polní opevnění,field fortification,teater,1289,1267,Activity Area,teater:1267
poplužní dvůr,Meierhof,teater,1427,1267,Activity Area,teater:1267
popraviště,scaffold,teater,1274,1267,Activity Area,teater:1267
posvátný háj,sacred grove,teater,3861,1267,Activity Area,teater:1267
poutní místo,pilgrimage place,teater,1349,1267,Activity Area,teater:1267
povrchový důl,opencast mine,teater,1462,1267,Activity Area,teater:1267
pozemní komunikace (areály),land communication (areas),teater,1413,1267,Activity Area,teater:1267
pravoslavný kostel,Orthodox church,teater,1340,1267,Activity Area,teater:1267
premonstrátský klášter,Premonstratensian monastery,teater,1381,1267,Activity Area,teater:1267
prostylos,prostylos,teater,1317,1267,Activity Area,teater:1267
protourbánní osídlení,proto-urban settlement,teater,1402,1267,Activity Area,teater:1267
průmyslové město,industrial town,teater,1391,1267,Activity Area,teater:1267
pískovna,sandpit,teater,1466,1267,Activity Area,teater:1267
předměstí,suburb,teater,1403,1267,Activity Area,teater:1267
přehrada,dam,teater,1479,1267,Activity Area,teater:1267
příkopové ohrazení,ditch enclosure,teater,1404,1267,Activity Area,teater:1267
přístav,port,teater,1474,1267,Activity Area,teater:1267
přístavní město,seaport,teater,1392,1267,Activity Area,teater:1267
rondel,roundel,teater,1405,1267,Activity Area,teater:1267
rotunda,rotunda,teater,1341,1267,Activity Area,teater:1267
rybník,fish ponds,teater,1480,1267,Activity Area,teater:1267
rýžoviště,panning site,teater,1467,1267,Activity Area,teater:1267
sad,orchard,teater,1297,1267,Activity Area,teater:1267
sedm divů světa,Wonders of the World,teater,1422,1267,Activity Area,teater:1267
silnice,road,teater,1416,1267,Activity Area,teater:1267
silniční síť,road network,teater,1418,1267,Activity Area,teater:1267
skalní hrad,rock castle,teater,1433,1267,Activity Area,teater:1267
skalní kaple,rock chapel,teater,1332,1267,Activity Area,teater:1267
skalní klášter,rock monastery,teater,1385,1267,Activity Area,teater:1267
sklárna,glassworks,teater,1279,1267,Activity Area,teater:1267
sklářská huť,glassworks (sklářská huť),teater,1280,1267,Activity Area,teater:1267
solný důl,salt mine,teater,1463,1267,Activity Area,teater:1267
stanice,camp,teater,1451,1267,Activity Area,teater:1267
stavební huť,construction smelter,teater,1281,1267,Activity Area,teater:1267
stezka,trail,teater,1419,1267,Activity Area,teater:1267
stálé opevnění,permanent fortification,teater,1290,1267,Activity Area,teater:1267
středověké město,medieval town,teater,1397,1267,Activity Area,teater:1267
synagoga,synagogue,teater,1351,1267,Activity Area,teater:1267
sídelní město,residential town,teater,1393,1267,Activity Area,teater:1267
sídliště,settlement,teater,1441,1267,Activity Area,teater:1267
sídliště specializované komunity,special-community settlement,teater,1447,1267,Activity Area,teater:1267
sídlo elity,elite settlement,teater,1423,1267,Activity Area,teater:1267
telestérion,telesterion,teater,1318,1267,Activity Area,teater:1267
tell,tell,teater,1457,1267,Activity Area,teater:1267
temenos,temenos,teater,1319,1267,Activity Area,teater:1267
thermy,thermae,teater,1270,1267,Activity Area,teater:1267
tholos,tholos,teater,1320,1267,Activity Area,teater:1267
trapistický klášter,Trappist monastery,teater,1382,1267,Activity Area,teater:1267
tržní osada,market village,teater,1453,1267,Activity Area,teater:1267
tvrz,fortified house,teater,1437,1267,Activity Area,teater:1267
tábořiště,camp site,teater,1452,1267,Activity Area,teater:1267
těžební areál,mining area,teater,1459,1267,Activity Area,teater:1267
usedlost,farmstead,teater,1454,1267,Activity Area,teater:1267
velkostatek,estate,teater,1282,1267,Activity Area,teater:1267
vesnice,village,teater,1455,1267,Activity Area,teater:1267
veřejné prostranství,public area,teater,1468,1267,Activity Area,teater:1267
viadukt,viaduct,teater,1420,1267,Activity Area,teater:1267
vila,villa,teater,1438,1267,Activity Area,teater:1267
vlastnictví (města),ownership (town),teater,1398,1267,Activity Area,teater:1267
vodní hrad,wasserburg,teater,1434,1267,Activity Area,teater:1267
vodní komunikace,navigable waterway,teater,1472,1267,Activity Area,teater:1267
vodní stavba,hydraulic structure,teater,1475,1267,Activity Area,teater:1267
vojenský tábor,military camps,teater,1291,1267,Activity Area,teater:1267
výšinné sídliště,hill-top site,teater,1456,1267,Activity Area,teater:1267
věnné město,dowry town,teater,1401,1267,Activity Area,teater:1267
věštírna,oracle,teater,1321,1267,Activity Area,teater:1267
zahrada,garden,teater,1298,1267,Activity Area,teater:1267
zemědělská usedlost,farmhouse,teater,1458,1267,Activity Area,teater:1267
zámek (sídlo elity),châteaux,teater,1439,1267,Activity Area,teater:1267
šlechtické sídlo,residence of nobility,teater,1436,1267,Activity Area,teater:1267
železnice,railroad,teater,1421,1267,Activity Area,teater:1267
železářský areál,iron works,teater,1283,1267,Activity Area,teater:1267
židovská architektura,Jewish architecture,teater,1350,1267,Activity Area,teater:1267
Hodinky (modlitební knihy),books of hours,teater,2227,1788,Artefact,teater:1788
Iliacae tabulae,Tabula Iliaca,teater,1882,1788,Artefact,teater:1788
Itala,itala,teater,2219,1788,Artefact,teater:1788
Nummus,Nummus,teater,2288,1788,Artefact,teater:1788
Starý zákon,Old Testament,teater,2214,1788,Artefact,teater:1788
Vetus Latina,Vetus Latina,teater,2220,1788,Artefact,teater:1788
abacus (architektura),abacus (architecture),teater,1790,1788,Artefact,teater:1788
abacus (nástroj),abacus (tool),teater,2086,1788,Artefact,teater:1788
agnůstek (přívěsek),Agnus Dei (pendant),teater,3797,1788,Artefact,teater:1788
akanthos,acanthus,teater,1791,1788,Artefact,teater:1788
akrótérion,acroterion,teater,1792,1788,Artefact,teater:1788
akta,acta,teater,2182,1788,Artefact,teater:1788
akvamanile,aquamanile,teater,2028,1788,Artefact,teater:1788
alabastron,alabastron,teater,2029,1788,Artefact,teater:1788
album,album,teater,2251,1788,Artefact,teater:1788
amfora,amphora,teater,2030,1788,Artefact,teater:1788
amulet,amulet,teater,2375,1788,Artefact,teater:1788
ant,anta,teater,1793,1788,Artefact,teater:1788
antefix,antefix,teater,1794,1788,Artefact,teater:1788
antifonář,antiphonary,teater,2216,1788,Artefact,teater:1788
antropomorfní nádoba,anthropomorphic vessel,teater,2080,1788,Artefact,teater:1788
antropomorfní plastika,anthropomorphic sculpture,teater,1818,1788,Artefact,teater:1788
apokryf,apocryphus,teater,2183,1788,Artefact,teater:1788
apologie,apologetic,teater,2187,1788,Artefact,teater:1788
apotropaion,apotropaic magic,teater,2376,1788,Artefact,teater:1788
arca,arca,teater,2311,1788,Artefact,teater:1788
architektonický článek,architectural element,teater,1789,1788,Artefact,teater:1788
architráv,architrave,teater,1795,1788,Artefact,teater:1788
aryballos,aryballos,teater,2031,1788,Artefact,teater:1788
as,as,teater,2277,1788,Artefact,teater:1788
askos,askos,teater,2032,1788,Artefact,teater:1788
aulos,aulos,teater,1827,1788,Artefact,teater:1788
aureus,aureus,teater,2278,1788,Artefact,teater:1788
balista,ballista,teater,1977,1788,Artefact,teater:1788
bankovka,paper money,teater,2275,1788,Artefact,teater:1788
barbiton,barbiton,teater,1828,1788,Artefact,teater:1788
barokní nástěnná malba,baroque mural painting,teater,1866,1788,Artefact,teater:1788
berní kniha,tax book,teater,2252,1788,Artefact,teater:1788
berní rula,Roll of Assesment,teater,2253,1788,Artefact,teater:1788
bible,bible,teater,2217,1788,Artefact,teater:1788
biblický apokryf,Biblical apocryphal book,teater,2184,1788,Artefact,teater:1788
biga,biga,teater,1915,1788,Artefact,teater:1788
biografie,biography,teater,2188,1788,Artefact,teater:1788
bodná zbraň,stabbing weapon,teater,1994,1788,Artefact,teater:1788
brakteát,bracteate,teater,2279,1788,Artefact,teater:1788
breviář,breviary,teater,2221,1788,Artefact,teater:1788
brousek,whetstone,teater,2087,1788,Artefact,teater:1788
broušená industrie,polished industry,teater,2106,1788,Artefact,teater:1788
brož,brooch,teater,2377,1788,Artefact,teater:1788
brusle,ice skates,teater,1896,1788,Artefact,teater:1788
budík,alarm clock,teater,2089,1788,Artefact,teater:1788
bulava,mace (bulava),teater,1986,1788,Artefact,teater:1788
bulla,bulla,teater,2378,1788,Artefact,teater:1788
břitva,razor,teater,2088,1788,Artefact,teater:1788
cadus (nádoba),kados (vessel),teater,2033,1788,Artefact,teater:1788
calceus,calceus,teater,2323,1788,Artefact,teater:1788
caliga,caliga,teater,2324,1788,Artefact,teater:1788
cedník,strainer,teater,2034,1788,Artefact,teater:1788
cena za vítězství,áthlon,teater,2360,1788,Artefact,teater:1788
cestopis,travelogue,teater,2189,1788,Artefact,teater:1788
cestovní deník,Travel Journal,teater,3734,1788,Artefact,teater:1788
chitón,chiton,teater,2170,1788,Artefact,teater:1788
chladná zbraň,cold weapon,teater,1993,1788,Artefact,teater:1788
chlaina,chlaina,teater,2171,1788,Artefact,teater:1788
chlamys,chlamys,teater,2172,1788,Artefact,teater:1788
chléb,bread,teater,2410,1788,Artefact,teater:1788
chrlič,gargoyle,teater,1799,1788,Artefact,teater:1788
chytra,khytra,teater,2042,1788,Artefact,teater:1788
cihla,brick,teater,2339,1788,Artefact,teater:1788
cista,cista,teater,2035,1788,Artefact,teater:1788
commentarius,commentarii,teater,2190,1788,Artefact,teater:1788
cornu,cornu,teater,1829,1788,Artefact,teater:1788
corona,corona,teater,2361,1788,Artefact,teater:1788
corpus,text corpus,teater,2191,1788,Artefact,teater:1788
cukr,sugar,teater,2408,1788,Artefact,teater:1788
cymbál,cymbal,teater,1830,1788,Artefact,teater:1788
dekret,decree,teater,2254,1788,Artefact,teater:1788
denár,denarius,teater,2282,1788,Artefact,teater:1788
deník,Diary,teater,3733,1788,Artefact,teater:1788
deska,board,teater,1955,1788,Artefact,teater:1788
desková malba,panel painting,teater,1851,1788,Artefact,teater:1788
devocionálie,devotional object,teater,2367,1788,Artefact,teater:1788
devoční obraz,devotional image,teater,1853,1788,Artefact,teater:1788
devoční socha,devotional statue,teater,1889,1788,Artefact,teater:1788
diatessaron,diatessaron,teater,2222,1788,Artefact,teater:1788
didaché,didache,teater,2223,1788,Artefact,teater:1788
diptychon,diptych,teater,2246,1788,Artefact,teater:1788
dipylská váza,dipylon jar,teater,1796,1788,Artefact,teater:1788
disk (sportovní nářadí),disk,teater,2405,1788,Artefact,teater:1788
dlaždice,floor tile,teater,2340,1788,Artefact,teater:1788
dláto,chisel,teater,2092,1788,Artefact,teater:1788
doklady umění,evidence of art,teater,1814,1788,Artefact,teater:1788
dona militaria,dona militaria,teater,2368,1788,Artefact,teater:1788
dopis,letter,teater,2201,1788,Artefact,teater:1788
doprava,transportation,teater,1895,1788,Artefact,teater:1788
drachma,drachma,teater,2283,1788,Artefact,teater:1788
drasadlo,side scraper,teater,2093,1788,Artefact,teater:1788
drtidlo,grindstone,teater,2094,1788,Artefact,teater:1788
drát,wire,teater,1956,1788,Artefact,teater:1788
dukát,ducat,teater,2284,1788,Artefact,teater:1788
dvorské desky,tabulae curiae,teater,2255,1788,Artefact,teater:1788
dyzna,nozzle,teater,2037,1788,Artefact,teater:1788
dáreikos,dareikos,teater,2281,1788,Artefact,teater:1788
dýka,dagger,teater,1987,1788,Artefact,teater:1788
dějiny Bible,History Bible,teater,2218,1788,Artefact,teater:1788
dřevořezba,woodcarving,teater,1815,1788,Artefact,teater:1788
džbán,jug,teater,2038,1788,Artefact,teater:1788
echínos,echinus,teater,1797,1788,Artefact,teater:1788
efémeris,ephemeris,teater,2192,1788,Artefact,teater:1788
ekofakt,ecofact,teater,1918,1788,Artefact,teater:1788
enkaustika,encaustic painting,teater,1854,1788,Artefact,teater:1788
enkolpión,engolpion,teater,3862,1788,Artefact,teater:1788
epanagoge,epanagoge,teater,2193,1788,Artefact,teater:1788
epitaf,epitaph,teater,2312,1788,Artefact,teater:1788
erbovní listina,heraldic document,teater,2260,1788,Artefact,teater:1788
essedum,essedum,teater,1913,1788,Artefact,teater:1788
evangeliář,evangeliary,teater,2224,1788,Artefact,teater:1788
exegeze,exegesis,teater,2194,1788,Artefact,teater:1788
exómis,exomis,teater,2168,1788,Artefact,teater:1788
faléra,harness pendant,teater,2380,1788,Artefact,teater:1788
farní kronika,parochial chronicle,teater,2203,1788,Artefact,teater:1788
fasces,fasces,teater,2365,1788,Artefact,teater:1788
fialé,phiale,teater,2039,1788,Artefact,teater:1788
figurální plastika,statue,teater,1817,1788,Artefact,teater:1788
florén,florin,teater,2285,1788,Artefact,teater:1788
forminx,phorminx,teater,1831,1788,Artefact,teater:1788
formulářová sbírka,formulary,teater,2256,1788,Artefact,teater:1788
freska,frescoe,teater,1824,1788,Artefact,teater:1788
funkčně nespecifikovaný předmět,unassigned,teater,1954,1788,Artefact,teater:1788
garum,garum,teater,2409,1788,Artefact,teater:1788
gem,gemstone,teater,2381,1788,Artefact,teater:1788
geranos,mechane,teater,2095,1788,Artefact,teater:1788
glosář,glossary,teater,2195,1788,Artefact,teater:1788
gombík,button,teater,2382,1788,Artefact,teater:1788
gotická desková malba,gothic panel painting,teater,1852,1788,Artefact,teater:1788
gotická nástěnná malba,gothic mural painting,teater,1867,1788,Artefact,teater:1788
graduál,gradual,teater,2225,1788,Artefact,teater:1788
graffito,graffiti,teater,1825,1788,Artefact,teater:1788
grešle,groschen,teater,2286,1788,Artefact,teater:1788
groma,groma,teater,2096,1788,Artefact,teater:1788
groteska (malba),grotesque (painting),teater,1868,1788,Artefact,teater:1788
guttae,guttae,teater,1798,1788,Artefact,teater:1788
hagiografie,hagiography,teater,2226,1788,Artefact,teater:1788
harfa,harp,teater,1832,1788,Artefact,teater:1788
harpuna,harpoon,teater,1988,1788,Artefact,teater:1788
hermovka,herma,teater,1890,1788,Artefact,teater:1788
herní předmět,gaming item,teater,1964,1788,Artefact,teater:1788
himation,himation,teater,2169,1788,Artefact,teater:1788
hladítko,smoother,teater,2097,1788,Artefact,teater:1788
hlasatelská berla,caduceus,teater,2369,1788,Artefact,teater:1788
hlušina,gangue,teater,1938,1788,Artefact,teater:1788
hodina,hour,teater,2099,1788,Artefact,teater:1788
hodiny,clock,teater,2098,1788,Artefact,teater:1788
hodometr,hodometron,teater,2100,1788,Artefact,teater:1788
hrací kamen,gaming piece,teater,1965,1788,Artefact,teater:1788
hračka,toy,teater,1966,1788,Artefact,teater:1788
hrnec,pot,teater,2040,1788,Artefact,teater:1788
hrnčířský kruh,potters wheel,teater,2101,1788,Artefact,teater:1788
hrot,point,teater,1958,1788,Artefact,teater:1788
hrot kopí,spearhead,teater,1989,1788,Artefact,teater:1788
hrot oštěpu,spearhead,teater,1990,1788,Artefact,teater:1788
hrot šipky,crossbow bolt,teater,1991,1788,Artefact,teater:1788
hrot šípu,arrowhead,teater,1992,1788,Artefact,teater:1788
hudební nástroj,musical instrument,teater,1826,1788,Artefact,teater:1788
hydria,hydria,teater,2041,1788,Artefact,teater:1788
hák,hook,teater,1957,1788,Artefact,teater:1788
hřeb,spike,teater,2342,1788,Artefact,teater:1788
hřeben,comb,teater,2102,1788,Artefact,teater:1788
hřebík,nail,teater,2341,1788,Artefact,teater:1788
hřivna,ring ingot,teater,2303,1788,Artefact,teater:1788
idól,idol,teater,1819,1788,Artefact,teater:1788
ikona,icon,teater,1855,1788,Artefact,teater:1788
ingot,ingot,teater,2304,1788,Artefact,teater:1788
insignie,insignia,teater,2364,1788,Artefact,teater:1788
itinerář,itinerarium,teater,2196,1788,Artefact,teater:1788
jehelník,pincushion,teater,2103,1788,Artefact,teater:1788
jehla,needle,teater,2104,1788,Artefact,teater:1788
jehlice,dress pin,teater,2383,1788,Artefact,teater:1788
jeskynní malba,cave painting,teater,1856,1788,Artefact,teater:1788
ječmen,barley,teater,1927,1788,Artefact,teater:1788
josefínský katastr,Josephine Cadastre,teater,2257,1788,Artefact,teater:1788
jídlo,food,teater,2411,1788,Artefact,teater:1788
kachel,stove tile,teater,2344,1788,Artefact,teater:1788
kalich,goblet,teater,2043,1788,Artefact,teater:1788
kamej,cameo,teater,2384,1788,Artefact,teater:1788
kamenná industrie,stone industry,teater,2105,1788,Artefact,teater:1788
kamenné jádro,core,teater,1919,1788,Artefact,teater:1788
kancionál,hymnal,teater,2228,1788,Artefact,teater:1788
kanopa,canopic jars,teater,2044,1788,Artefact,teater:1788
kantharos,kantharos,teater,2045,1788,Artefact,teater:1788
kaptorga,casket,teater,2385,1788,Artefact,teater:1788
karroballista,carroballista,teater,1978,1788,Artefact,teater:1788
kasie,casia,teater,2412,1788,Artefact,teater:1788
katalog (starověké Řecko),katalogos (Greek antiquity),teater,2197,1788,Artefact,teater:1788
katapult (zbraně),catapult,teater,1979,1788,Artefact,teater:1788
kenotaf,cenotaph,teater,2314,1788,Artefact,teater:1788
keras,keras,teater,1833,1788,Artefact,teater:1788
kithara,kithara,teater,1834,1788,Artefact,teater:1788
kladivo,hammer,teater,2109,1788,Artefact,teater:1788
klapačka (nožní),scabellum,teater,1835,1788,Artefact,teater:1788
klapačka (ruční),crotalum,teater,1836,1788,Artefact,teater:1788
kleště,tongs,teater,2110,1788,Artefact,teater:1788
klobouk,hat,teater,2173,1788,Artefact,teater:1788
klášterní kronika,monastic chronicle,teater,2204,1788,Artefact,teater:1788
klín,wedge,teater,2112,1788,Artefact,teater:1788
klínopisná tabulka,cuneiform tablet,teater,2244,1788,Artefact,teater:1788
klíné,kline,teater,2024,1788,Artefact,teater:1788
klíč,key,teater,2111,1788,Artefact,teater:1788
kniha,book,teater,2198,1788,Artefact,teater:1788
knoflík,button,teater,2319,1788,Artefact,teater:1788
koberec,carpet,teater,2025,1788,Artefact,teater:1788
koflík,cup,teater,2046,1788,Artefact,teater:1788
kompendium,compendium,teater,2199,1788,Artefact,teater:1788
konvice,pitcher,teater,2047,1788,Artefact,teater:1788
kopiář,copybook,teater,2258,1788,Artefact,teater:1788
kopí,spear,teater,1996,1788,Artefact,teater:1788
korespondence,correspondence,teater,2200,1788,Artefact,teater:1788
koroplastika,greek terracotta figurine,teater,1820,1788,Artefact,teater:1788
korunovační insignie,coronations insignia,teater,2387,1788,Artefact,teater:1788
korálek,bead,teater,2386,1788,Artefact,teater:1788
koré,kore,teater,1891,1788,Artefact,teater:1788
kosa,scythe,teater,2156,1788,Artefact,teater:1788
kosterní pozůstatky člověka,human remains,teater,1920,1788,Artefact,teater:1788
kosterní pozůstatky živočichů,animal remains,teater,1921,1788,Artefact,teater:1788
kostra,skeleton,teater,1922,1788,Artefact,teater:1788
kotel,cauldron (kotel/Kessel),teater,2048,1788,Artefact,teater:1788
kotlík,cauldron (kotlík/Becken),teater,2049,1788,Artefact,teater:1788
kotylé,kotyle,teater,2050,1788,Artefact,teater:1788
kovadlina,anvil,teater,2113,1788,Artefact,teater:1788
kovová plastika,metal sculpture,teater,1821,1788,Artefact,teater:1788
kování,ironwork,teater,1959,1788,Artefact,teater:1788
koňský postroj,horse trappings,teater,1899,1788,Artefact,teater:1788
koření,spice,teater,2413,1788,Artefact,teater:1788
krejcar,kreuzer,teater,2287,1788,Artefact,teater:1788
krev,blood,teater,1923,1788,Artefact,teater:1788
kronika,chronicle,teater,2202,1788,Artefact,teater:1788
kroužek,ring (kroužek/Ring),teater,1960,1788,Artefact,teater:1788
kroužková zbroj,mail armour,teater,2019,1788,Artefact,teater:1788
krumpáč,pickaxe,teater,2114,1788,Artefact,teater:1788
krátér,krater,teater,2051,1788,Artefact,teater:1788
kuchařský recept,recipe,teater,2208,1788,Artefact,teater:1788
kuchyňská sůl,table salt,teater,2414,1788,Artefact,teater:1788
kuchyňské nádobí,cookware,teater,2052,1788,Artefact,teater:1788
kulička,marble,teater,1961,1788,Artefact,teater:1788
kurvatura,curvature,teater,1800,1788,Artefact,teater:1788
kuše,crossbow,teater,1997,1788,Artefact,teater:1788
kyathos,kyathos,teater,2053,1788,Artefact,teater:1788
kylix,kylix,teater,2054,1788,Artefact,teater:1788
kázání,sermon,teater,2229,1788,Artefact,teater:1788
kúros,kouros,teater,1892,1788,Artefact,teater:1788
křesadlo,strike a light,teater,2115,1788,Artefact,teater:1788
křesťanská legenda,christian legend,teater,2230,1788,Artefact,teater:1788
křesťanská literatura,christian literature,teater,2215,1788,Artefact,teater:1788
křížek,cross,teater,2388,1788,Artefact,teater:1788
lamelová zbroj,segmented armour,teater,2020,1788,Artefact,teater:1788
lampa,lamp,teater,2056,1788,Artefact,teater:1788
lapis manalis,manalis lapis,teater,2370,1788,Artefact,teater:1788
lebés,lebes,teater,2057,1788,Artefact,teater:1788
letopisy,annals,teater,2210,1788,Artefact,teater:1788
leták,leaflet,teater,2209,1788,Artefact,teater:1788
liber,libellus,teater,2211,1788,Artefact,teater:1788
libum,libum,teater,2417,1788,Artefact,teater:1788
lidová malba,folk painting,teater,1857,1788,Artefact,teater:1788
lidová malba na skle,folk painting on glass,teater,1858,1788,Artefact,teater:1788
list (diplomatika),letter (Diplomatics),teater,2212,1788,Artefact,teater:1788
listina,document,teater,2259,1788,Artefact,teater:1788
lituus,lituus,teater,1837,1788,Artefact,teater:1788
lopata,shovel,teater,2117,1788,Artefact,teater:1788
loď,ship,teater,1905,1788,Artefact,teater:1788
luk,bow,teater,1998,1788,Artefact,teater:1788
lyra,lyre,teater,1838,1788,Artefact,teater:1788
láhev,bottle,teater,2055,1788,Artefact,teater:1788
lékařský nástroj,medical device,teater,2116,1788,Artefact,teater:1788
léky,medicine,teater,2416,1788,Artefact,teater:1788
lékythos,lekythos,teater,2058,1788,Artefact,teater:1788
léčiva,medication,teater,2415,1788,Artefact,teater:1788
lútroforos,loutrophoros,teater,2059,1788,Artefact,teater:1788
lžíce,spoon,teater,2118,1788,Artefact,teater:1788
malakofauna,mollusca remains,teater,1924,1788,Artefact,teater:1788
malba,painting,teater,1850,1788,Artefact,teater:1788
malba na hedvábí,silk painting,teater,1864,1788,Artefact,teater:1788
malba na keramice,pottery painting,teater,1859,1788,Artefact,teater:1788
malba na mědi,painting on copper,teater,1860,1788,Artefact,teater:1788
malba na porcelánu,porcelain painting,teater,1861,1788,Artefact,teater:1788
malba na skle,glass painting,teater,1862,1788,Artefact,teater:1788
malba na textilu,textile painting,teater,1863,1788,Artefact,teater:1788
mariánský amulet,Miraculous Medal,teater,3863,1788,Artefact,teater:1788
maska,mask,teater,1874,1788,Artefact,teater:1788
maskaron,mascaron,teater,1801,1788,Artefact,teater:1788
matrika,birth register,teater,2264,1788,Artefact,teater:1788
med,honey,teater,2418,1788,Artefact,teater:1788
medaile,medal,teater,2362,1788,Artefact,teater:1788
medailon,medallion,teater,2389,1788,Artefact,teater:1788
medovina,mead,teater,2419,1788,Artefact,teater:1788
mensa,mensa,teater,2119,1788,Artefact,teater:1788
metopa,metope,teater,1802,1788,Artefact,teater:1788
meč,sword,teater,2000,1788,Artefact,teater:1788
militaria,armour and weapons,teater,1970,1788,Artefact,teater:1788
mince,coin,teater,2276,1788,Artefact,teater:1788
mincovní váha,coin scale,teater,2150,1788,Artefact,teater:1788
misál,missal,teater,2231,1788,Artefact,teater:1788
mitra,mitra,teater,2320,1788,Artefact,teater:1788
mlýnský kámen,millstone,teater,2120,1788,Artefact,teater:1788
modlitební kniha,prayer book,teater,2232,1788,Artefact,teater:1788
mola salsa,mola salsa,teater,2420,1788,Artefact,teater:1788
monochord,monochord,teater,1839,1788,Artefact,teater:1788
monoxyl,logboat,teater,1898,1788,Artefact,teater:1788
moretum,moretum,teater,2421,1788,Artefact,teater:1788
motyka,hoe,teater,2157,1788,Artefact,teater:1788
mozaika,mosaic,teater,1875,1788,Artefact,teater:1788
mulsum,mulsum,teater,2422,1788,Artefact,teater:1788
mumie,mummy,teater,1925,1788,Artefact,teater:1788
mísa,bowl,teater,2060,1788,Artefact,teater:1788
městská kniha,town book,teater,2265,1788,Artefact,teater:1788
městská kronika,town chronicle,teater,2205,1788,Artefact,teater:1788
nekrologium,necrology,teater,2235,1788,Artefact,teater:1788
nepálená cihla,mud-brick,teater,2346,1788,Artefact,teater:1788
nobilitační listina,nobility document,teater,2261,1788,Artefact,teater:1788
noviny,newspaper,teater,2236,1788,Artefact,teater:1788
novozákonní apokryf,Apocryphal books (New Testament),teater,2185,1788,Artefact,teater:1788
náboženská literatura,religious literature,teater,2213,1788,Artefact,teater:1788
nábytek,furniture,teater,2023,1788,Artefact,teater:1788
nádoba,vessel,teater,2027,1788,Artefact,teater:1788
náholenice,greave,teater,2014,1788,Artefact,teater:1788
náhrdelník,necklace,teater,2390,1788,Artefact,teater:1788
nákladní loď,cargo ship,teater,1907,1788,Artefact,teater:1788
nákončí,strap end,teater,2391,1788,Artefact,teater:1788
nákrčník,torque,teater,2392,1788,Artefact,teater:1788
nánožník,anklet,teater,2393,1788,Artefact,teater:1788
nápažník,armlet,teater,2394,1788,Artefact,teater:1788
nápoj,drink,teater,2423,1788,Artefact,teater:1788
náprsník,breastplate,teater,2015,1788,Artefact,teater:1788
náprstek,thimble,teater,2121,1788,Artefact,teater:1788
náramek,bracelet,teater,2395,1788,Artefact,teater:1788
nástroj,tool,teater,2085,1788,Artefact,teater:1788
nástěnná malba,mural painting,teater,1865,1788,Artefact,teater:1788
nátepní destička,bracer,teater,2321,1788,Artefact,teater:1788
náušnice,ear ring,teater,2396,1788,Artefact,teater:1788
nářadí,hand tool,teater,2122,1788,Artefact,teater:1788
nýt,rivet,teater,2343,1788,Artefact,teater:1788
nůž,knive,teater,2123,1788,Artefact,teater:1788
nůžky,scissors,teater,2124,1788,Artefact,teater:1788
obchodní loď,merchant vessel,teater,1906,1788,Artefact,teater:1788
obecní kronika,municipal chronicle,teater,2206,1788,Artefact,teater:1788
obilniny,cereals,teater,1926,1788,Artefact,teater:1788
obilí (zrno),corn,teater,1928,1788,Artefact,teater:1788
obléhací beran,battering ram,teater,1980,1788,Artefact,teater:1788
obléhací podloubí,siegecraft,teater,1981,1788,Artefact,teater:1788
obléhací stroj,siege engine,teater,1976,1788,Artefact,teater:1788
obléhací věž,siege tower,teater,1983,1788,Artefact,teater:1788
obléhací šípomet,scorpion,teater,1982,1788,Artefact,teater:1788
obolos,Obolos,teater,2289,1788,Artefact,teater:1788
obuv,footwear,teater,2322,1788,Artefact,teater:1788
ocílka,firesteel,teater,2125,1788,Artefact,teater:1788
odlévací forma,casting mould,teater,2126,1788,Artefact,teater:1788
odpad,waste,teater,1935,1788,Artefact,teater:1788
oděv,clothing,teater,2167,1788,Artefact,teater:1788
oinochoé,oenochoe,teater,2061,1788,Artefact,teater:1788
olej,oils,teater,2424,1788,Artefact,teater:1788
olivy,olive,teater,2425,1788,Artefact,teater:1788
omítka,plaster,teater,2347,1788,Artefact,teater:1788
onager,onager,teater,1984,1788,Artefact,teater:1788
opasek,belt,teater,2326,1788,Artefact,teater:1788
oradlo,ard,teater,2159,1788,Artefact,teater:1788
ornament,ornament,teater,1877,1788,Artefact,teater:1788
ornamentika,ornamentation,teater,1876,1788,Artefact,teater:1788
ostruha,spur,teater,1971,1788,Artefact,teater:1788
ostění,jamb,teater,1803,1788,Artefact,teater:1788
osvětlování,light source,teater,2128,1788,Artefact,teater:1788
otloukač,percussor,teater,2127,1788,Artefact,teater:1788
oves,oats,teater,1929,1788,Artefact,teater:1788
oštěp,javelin,teater,2001,1788,Artefact,teater:1788
palcát,mace (palcát),teater,2002,1788,Artefact,teater:1788
palice,club,teater,2129,1788,Artefact,teater:1788
palla,palla,teater,2174,1788,Artefact,teater:1788
palladium,palladium,teater,1893,1788,Artefact,teater:1788
palmeta,palmette,teater,1878,1788,Artefact,teater:1788
palná zbraň,firearm,teater,2003,1788,Artefact,teater:1788
paludamentum,paludamentum,teater,2175,1788,Artefact,teater:1788
památník,Album Amicorum,teater,3735,1788,Artefact,teater:1788
panathénajské amfory,panathenaic amphorae,teater,2363,1788,Artefact,teater:1788
pancíř,cuirass,teater,2016,1788,Artefact,teater:1788
panova flétna,pan flute,teater,1840,1788,Artefact,teater:1788
papežský dokument,papal documents,teater,2237,1788,Artefact,teater:1788
parský mramor,parian chronicle,teater,2238,1788,Artefact,teater:1788
parva,parvus,teater,2290,1788,Artefact,teater:1788
pasionál,passional,teater,2233,1788,Artefact,teater:1788
pasquino,pasquino,teater,1894,1788,Artefact,teater:1788
peliké,pelike,teater,2063,1788,Artefact,teater:1788
peplos,peplos,teater,2176,1788,Artefact,teater:1788
petasos,petasos,teater,2177,1788,Artefact,teater:1788
picí roh,drinking horn,teater,2064,1788,Artefact,teater:1788
pila,saw,teater,2132,1788,Artefact,teater:1788
pileus,pileus,teater,2178,1788,Artefact,teater:1788
pilník,file,teater,2131,1788,Artefact,teater:1788
pinax,pinax,teater,1871,1788,Artefact,teater:1788
pinzeta,tweezers,teater,2133,1788,Artefact,teater:1788
pithos,pithos,teater,2065,1788,Artefact,teater:1788
pivo,beer,teater,2426,1788,Artefact,teater:1788
platidlo,money,teater,2274,1788,Artefact,teater:1788
plech,sheet,teater,1962,1788,Artefact,teater:1788
pleva,husk,teater,1942,1788,Artefact,teater:1788
plevel,weed,teater,1941,1788,Artefact,teater:1788
plinthos,plinth,teater,1804,1788,Artefact,teater:1788
pluh,plow,teater,2158,1788,Artefact,teater:1788
plátová zbroj,plate armour,teater,2021,1788,Artefact,teater:1788
pochva,scabbard,teater,1972,1788,Artefact,teater:1788
podkova,horseshoe,teater,1900,1788,Artefact,teater:1788
pohár,beaker,teater,2066,1788,Artefact,teater:1788
pojivo,binder,teater,2348,1788,Artefact,teater:1788
poklice,lid,teater,2067,1788,Artefact,teater:1788
pokrývky hlavy,cap,teater,2179,1788,Artefact,teater:1788
polenta,polenta,teater,2427,1788,Artefact,teater:1788
polotovar,semifinished artefact,teater,2302,1788,Artefact,teater:1788
polyptychon,polyptych,teater,2247,1788,Artefact,teater:1788
popel,ash,teater,1943,1788,Artefact,teater:1788
popelnice,cinerary urn,teater,2068,1788,Artefact,teater:1788
potrubí,pipe,teater,2350,1788,Artefact,teater:1788
poutko,loop,teater,2349,1788,Artefact,teater:1788
pouzdro,case,teater,2327,1788,Artefact,teater:1788
pozemková kniha,land register,teater,2266,1788,Artefact,teater:1788
prak,sling,teater,2004,1788,Artefact,teater:1788
pražnice,baking tray,teater,2069,1788,Artefact,teater:1788
pražský groš,prague groschen,teater,2291,1788,Artefact,teater:1788
prejz,pantile,teater,2355,1788,Artefact,teater:1788
privilegium,privilege,teater,2263,1788,Artefact,teater:1788
prkno,board,teater,2351,1788,Artefact,teater:1788
projektil,projectile,teater,2005,1788,Artefact,teater:1788
proso,millet,teater,1930,1788,Artefact,teater:1788
prsten,ring,teater,2397,1788,Artefact,teater:1788
psací tabulka,writing tablet,teater,2245,1788,Artefact,teater:1788
psyktér,psykter,teater,2070,1788,Artefact,teater:1788
puklice,spangle,teater,2329,1788,Artefact,teater:1788
putna,large pitcher,teater,2071,1788,Artefact,teater:1788
pyxid,pyxis,teater,2072,1788,Artefact,teater:1788
pánev,pan,teater,2062,1788,Artefact,teater:1788
pásová zápona,belt fitting,teater,2336,1788,Artefact,teater:1788
písemnost,document,teater,2181,1788,Artefact,teater:1788
píšťala,pipe,teater,1841,1788,Artefact,teater:1788
pěstní klín,handaxe,teater,2130,1788,Artefact,teater:1788
přechovávaná přírodnina,handled natural product,teater,1944,1788,Artefact,teater:1788
přeslen,spindle whorl,teater,2134,1788,Artefact,teater:1788
přezka,buckle,teater,2328,1788,Artefact,teater:1788
přilba,helmet,teater,2017,1788,Artefact,teater:1788
přívěsek,pendant,teater,2398,1788,Artefact,teater:1788
pšenice dvouzrnka,emmer wheat,teater,1931,1788,Artefact,teater:1788
pšenice jednozrnka,einkorn wheat,teater,1932,1788,Artefact,teater:1788
pšenice špalda,spelt,teater,1933,1788,Artefact,teater:1788
quadrigae,quadriga,teater,1917,1788,Artefact,teater:1788
radlice,ploughshare,teater,2160,1788,Artefact,teater:1788
rakev,coffin,teater,2315,1788,Artefact,teater:1788
reflexní luk,reflex bow,teater,1999,1788,Artefact,teater:1788
regest,regest,teater,2239,1788,Artefact,teater:1788
relikviář,reliquary,teater,2073,1788,Artefact,teater:1788
reliéf (sochařství),relief sculpture,teater,1881,1788,Artefact,teater:1788
renesanční nástěnná malba,renaissance mural painting,teater,1869,1788,Artefact,teater:1788
rescriptum,rescriptum,teater,2240,1788,Artefact,teater:1788
rhyton,rhyton,teater,2074,1788,Artefact,teater:1788
rodová kronika,family chronicle,teater,2207,1788,Artefact,teater:1788
rolnička,jingle jangle,teater,2399,1788,Artefact,teater:1788
románská nástěnná malba,romanesque mural painting,teater,1870,1788,Artefact,teater:1788
rostlinné makrozbytky,plant macro remains,teater,1945,1788,Artefact,teater:1788
ruda,ore,teater,2305,1788,Artefact,teater:1788
ruční bubínek,tympanum,teater,1842,1788,Artefact,teater:1788
rybářské závaží,sinker,teater,2153,1788,Artefact,teater:1788
rydlo,burin,teater,2136,1788,Artefact,teater:1788
rytina,engraving,teater,1883,1788,Artefact,teater:1788
rýč,spade,teater,2135,1788,Artefact,teater:1788
růženec,rosary,teater,2400,1788,Artefact,teater:1788
sagum,sagum,teater,2180,1788,Artefact,teater:1788
salpinx,salpinx,teater,1843,1788,Artefact,teater:1788
sandály,sandals,teater,2325,1788,Artefact,teater:1788
saně,sleds,teater,1911,1788,Artefact,teater:1788
sarkofág,sarcophagus,teater,2316,1788,Artefact,teater:1788
scholion,scholia,teater,2241,1788,Artefact,teater:1788
sedlo,saddle,teater,1901,1788,Artefact,teater:1788
sekera,axe,teater,2138,1788,Artefact,teater:1788
sekeromlat,hammer-axe,teater,2006,1788,Artefact,teater:1788
sekerovitá hřivna,axe-ingot,teater,2299,1788,Artefact,teater:1788
sekáč,chopper,teater,2137,1788,Artefact,teater:1788
sella curulis,sella curulis,teater,2366,1788,Artefact,teater:1788
sestertius,sestertius,teater,2292,1788,Artefact,teater:1788
sečná zbraň,cutting arm,teater,1995,1788,Artefact,teater:1788
signální nástroj,signaling tool,teater,1844,1788,Artefact,teater:1788
sima,sima,teater,1807,1788,Artefact,teater:1788
sistrum,sistrum,teater,1845,1788,Artefact,teater:1788
situla,situla,teater,2075,1788,Artefact,teater:1788
skořápka,egg shell,teater,1946,1788,Artefact,teater:1788
skyfos,skyphos,teater,2076,1788,Artefact,teater:1788
skříň,wardrobe,teater,2026,1788,Artefact,teater:1788
sláma,straw,teater,1947,1788,Artefact,teater:1788
socha,statue,teater,1888,1788,Artefact,teater:1788
solidus,solidus,teater,2293,1788,Artefact,teater:1788
soupis duší,Parish Family Book,teater,3731,1788,Artefact,teater:1788
soupis lidu,census,teater,2267,1788,Artefact,teater:1788
soupis obyvatelstva podle víry,register of subjects according to their faith,teater,2268,1788,Artefact,teater:1788
součást hrobu,grave component,teater,2310,1788,Artefact,teater:1788
součást oděvu,dress component,teater,2318,1788,Artefact,teater:1788
součást vozu,vehicle component,teater,1914,1788,Artefact,teater:1788
spona,brooch,teater,2330,1788,Artefact,teater:1788
sportovní nářadí,sports equipment,teater,2403,1788,Artefact,teater:1788
srp,sickle,teater,2161,1788,Artefact,teater:1788
stabilní katastr,stable cadastre,teater,2269,1788,Artefact,teater:1788
starozákonní apokryf,Apocryphal books (Old Testament),teater,2186,1788,Artefact,teater:1788
statér,stater,teater,2294,1788,Artefact,teater:1788
stavební keramika,ceramic building material,teater,2353,1788,Artefact,teater:1788
stavební odpad,building waste,teater,1936,1788,Artefact,teater:1788
stavební prvek,architectural element,teater,2338,1788,Artefact,teater:1788
stilo,stylus,teater,2139,1788,Artefact,teater:1788
stola,stola,teater,2331,1788,Artefact,teater:1788
stolní nádobí,tableware,teater,2077,1788,Artefact,teater:1788
stroj,machine,teater,2406,1788,Artefact,teater:1788
stropní malba,ceiling painting,teater,1872,1788,Artefact,teater:1788
struska,slag,teater,1948,1788,Artefact,teater:1788
stylobat,stylobate,teater,1808,1788,Artefact,teater:1788
stéla (předmět),stela (object),teater,2317,1788,Artefact,teater:1788
střelná zbraň,ranged weapon,teater,2007,1788,Artefact,teater:1788
střešní krytina,roof tile,teater,2354,1788,Artefact,teater:1788
střešní taška,roof tile,teater,2356,1788,Artefact,teater:1788
střížek,planchet,teater,2300,1788,Artefact,teater:1788
surovina,raw material,teater,2307,1788,Artefact,teater:1788
symbolický předmět,symbolic object,teater,2359,1788,Artefact,teater:1788
tabulka,tablet,teater,2243,1788,Artefact,teater:1788
talent,talent,teater,2295,1788,Artefact,teater:1788
technická keramika,technical ceramics,teater,1949,1788,Artefact,teater:1788
technika zhotovení,manufacturing method,teater,2018,1788,Artefact,teater:1788
terina,terrine,teater,2078,1788,Artefact,teater:1788
teslice,adze,teater,2144,1788,Artefact,teater:1788
tessera,tessera,teater,2301,1788,Artefact,teater:1788
tesák,bowie knive,teater,2010,1788,Artefact,teater:1788
tetradrachmon,tetradrachmon,teater,2296,1788,Artefact,teater:1788
thyrsos,thyrsos,teater,2372,1788,Artefact,teater:1788
tkalcovské závaží,loomweight,teater,2154,1788,Artefact,teater:1788
tkalcovský stav,loom,teater,2145,1788,Artefact,teater:1788
toaletní potřeba,toiletry,teater,2146,1788,Artefact,teater:1788
tolar,taler,teater,2297,1788,Artefact,teater:1788
torus,torus,teater,1809,1788,Artefact,teater:1788
totem,totem,teater,1822,1788,Artefact,teater:1788
toulec,quiver,teater,2011,1788,Artefact,teater:1788
tribón,tribon,teater,2332,1788,Artefact,teater:1788
trigae,triga,teater,1916,1788,Artefact,teater:1788
triglyf,triglyph,teater,1810,1788,Artefact,teater:1788
triptychon,triptych,teater,2248,1788,Artefact,teater:1788
triéra,trireme,teater,1909,1788,Artefact,teater:1788
trojnožka,tripod,teater,2147,1788,Artefact,teater:1788
trsátko,plectrum,teater,1846,1788,Artefact,teater:1788
trám,beam,teater,2357,1788,Artefact,teater:1788
tuba,tuba,teater,1847,1788,Artefact,teater:1788
tunika,tunic,teater,2333,1788,Artefact,teater:1788
tvar nádoby,shape of the vessel,teater,2079,1788,Artefact,teater:1788
tyglík,crucible,teater,2082,1788,Artefact,teater:1788
tympanon (architektura),tympanum (architecture),teater,1811,1788,Artefact,teater:1788
tympanon (hudební nástroj),tympanum (musical instrument),teater,1848,1788,Artefact,teater:1788
tyčinka,rod,teater,1963,1788,Artefact,teater:1788
těžební odpad,mining waste,teater,1937,1788,Artefact,teater:1788
třmen,stirrup,teater,1902,1788,Artefact,teater:1788
ubrousek,napkin,teater,2148,1788,Artefact,teater:1788
udidlo,bit,teater,1903,1788,Artefact,teater:1788
uhlík,charcoal,teater,1950,1788,Artefact,teater:1788
urbář,urbarium,teater,2270,1788,Artefact,teater:1788
uzda,bridle,teater,1904,1788,Artefact,teater:1788
valoun,cobble,teater,2309,1788,Artefact,teater:1788
valounová industrie,cobble industry,teater,2108,1788,Artefact,teater:1788
varhany,organ,teater,1849,1788,Artefact,teater:1788
vavřín,laurel,teater,2428,1788,Artefact,teater:1788
vejce,egg,teater,1951,1788,Artefact,teater:1788
veraikon,Veronica image,teater,1873,1788,Artefact,teater:1788
vlys,frieze,teater,1812,1788,Artefact,teater:1788
vojenská loď,warship,teater,1908,1788,Artefact,teater:1788
vojenská technika,military engineering,teater,1975,1788,Artefact,teater:1788
vojenské řády a vyznamenání,military decoration,teater,2373,1788,Artefact,teater:1788
voluta (ionský sloup),volute,teater,1813,1788,Artefact,teater:1788
vosková tabulka,wax tablet,teater,2249,1788,Artefact,teater:1788
vrhací zbraň,throwing weapon,teater,2012,1788,Artefact,teater:1788
vrták,borer,teater,2151,1788,Artefact,teater:1788
vzor (motiv),pattern,teater,1879,1788,Artefact,teater:1788
váha,scale,teater,2149,1788,Artefact,teater:1788
víno,wine,teater,2429,1788,Artefact,teater:1788
výletní loď,cruise ship,teater,1910,1788,Artefact,teater:1788
výrobní odpad,manufacturing debris,teater,1939,1788,Artefact,teater:1788
vědro,bucket,teater,2083,1788,Artefact,teater:1788
věnec,wreath,teater,2334,1788,Artefact,teater:1788
vůz,cart,teater,1912,1788,Artefact,teater:1788
xoanon,xoanon,teater,1816,1788,Artefact,teater:1788
zavazadlo,luggage,teater,2337,1788,Artefact,teater:1788
zboží,trade good,teater,2407,1788,Artefact,teater:1788
zbraň,weapon,teater,1985,1788,Artefact,teater:1788
zbroj,armor,teater,2013,1788,Artefact,teater:1788
zemské desky,reliquiae tabularum terrae,teater,2273,1788,Artefact,teater:1788
zemědělské nářadí,agricultural implement,teater,2155,1788,Artefact,teater:1788
zlatka,gulden,teater,2298,1788,Artefact,teater:1788
zoomorfní nádoba,zoomorphic vessel,teater,2081,1788,Artefact,teater:1788
zoomorfní plastika,zoomorphic sculpture,teater,1823,1788,Artefact,teater:1788
zpovědní seznam,Confessional Registry,teater,3730,1788,Artefact,teater:1788
zrcadlo,mirror,teater,2165,1788,Artefact,teater:1788
zrnotěrka,grinding slab,teater,2163,1788,Artefact,teater:1788
zub,tooth,teater,1952,1788,Artefact,teater:1788
zvonek,bell,teater,2166,1788,Artefact,teater:1788
zvířecí symbolika,animal symbolism,teater,1880,1788,Artefact,teater:1788
zámek,lock,teater,2358,1788,Artefact,teater:1788
zápona,strap fitting,teater,2335,1788,Artefact,teater:1788
zásobnice,storage vessel,teater,2084,1788,Artefact,teater:1788
záušnice,temple ring,teater,2402,1788,Artefact,teater:1788
závaží,weight,teater,2152,1788,Artefact,teater:1788
závěť,will,teater,2272,1788,Artefact,teater:1788
účetní materiál,Bookkeeping,teater,3732,1788,Artefact,teater:1788
úřední kniha,official book,teater,2271,1788,Artefact,teater:1788
úřední písemnost,official document,teater,2250,1788,Artefact,teater:1788
úštěp,flake,teater,2308,1788,Artefact,teater:1788
čelenka,head ornament,teater,2379,1788,Artefact,teater:1788
čepel,blade,teater,2090,1788,Artefact,teater:1788
čepelka,bladelet,teater,2091,1788,Artefact,teater:1788
čerpák,kyathos,teater,2036,1788,Artefact,teater:1788
československá koruna,czechoslovak koruna,teater,2280,1788,Artefact,teater:1788
činka,dumbbell,teater,2404,1788,Artefact,teater:1788
člun,boat,teater,1897,1788,Artefact,teater:1788
řetízek,chain,teater,2401,1788,Artefact,teater:1788
řetěz,chain,teater,2352,1788,Artefact,teater:1788
řezba v kameni,stone carving,teater,1884,1788,Artefact,teater:1788
řezba v nefritu,jade carving,teater,1885,1788,Artefact,teater:1788
řezba v rohovině,horn carving,teater,1886,1788,Artefact,teater:1788
řezba ve slonovině,ivory carving,teater,1887,1788,Artefact,teater:1788
řád a vyznamenání,decorations of honor,teater,2371,1788,Artefact,teater:1788
římsa,geison,teater,1806,1788,Artefact,teater:1788
šachovnice,chessboard,teater,1969,1788,Artefact,teater:1788
šachová figurka,chessmen,teater,1968,1788,Artefact,teater:1788
šachy,chess,teater,1967,1788,Artefact,teater:1788
šavle,sabre,teater,2008,1788,Artefact,teater:1788
šipka,dart,teater,2009,1788,Artefact,teater:1788
školní sešit,exercise book,teater,2242,1788,Artefact,teater:1788
škrabadlo,end scraper,teater,2141,1788,Artefact,teater:1788
špendlík,pin,teater,2142,1788,Artefact,teater:1788
šperk,jewel,teater,2374,1788,Artefact,teater:1788
špičák,pick,teater,2143,1788,Artefact,teater:1788
štípaná industrie,chipped industry,teater,2107,1788,Artefact,teater:1788
štít,shield,teater,1973,1788,Artefact,teater:1788
štítová puklice,shield boss,teater,1974,1788,Artefact,teater:1788
šupinová zbroj,scale armour,teater,2022,1788,Artefact,teater:1788
šídlo,awl,teater,2140,1788,Artefact,teater:1788
žací nůž,reaping knife,teater,2162,1788,Artefact,teater:1788
žaltář,psalter,teater,2234,1788,Artefact,teater:1788
železná ruda,iron ore,teater,2306,1788,Artefact,teater:1788
železný odpad,scrap iron,teater,1940,1788,Artefact,teater:1788
žernov,quern,teater,2164,1788,Artefact,teater:1788
žito,rye,teater,1934,1788,Artefact,teater:1788
živočišné makrozbytky,animal remains,teater,1953,1788,Artefact,teater:1788
**suborál (paleoklimatologie),Subboreal (paleoclimatology),teater,1068,1050,Chronology,teater:1050
acheuléen,Acheulian,teater,1078,1050,Chronology,teater:1050
andronovská kultura,Andronovo culture,teater,1150,1050,Chronology,teater:1050
antika,classical antiquity,teater,1259,1050,Chronology,teater:1050
archeologická periodizace,archaeological periodization,teater,1071,1050,Chronology,teater:1050
atlantik (paleoklimatologie),Atlantic (paleoclimatology),teater,1066,1050,Chronology,teater:1050
aurignacien,aurignacian,teater,1086,1050,Chronology,teater:1050
badenská kultura,Baden culture,teater,1132,1050,Chronology,teater:1050
billendorfská kultúra,Billendorf culture,teater,1189,1050,Chronology,teater:1050
bohunicien,bohunician,teater,1087,1050,Chronology,teater:1050
boreál (paleoklimatologie),Boreal (paleoclimatology),teater,1065,1050,Chronology,teater:1050
bošácká skupina,Bošáca Group,teater,1139,1050,Chronology,teater:1050
bukovohorská kultura,Bükk culture,teater,1112,1050,Chronology,teater:1050
butmirská kultura,Butmir culture,teater,1113,1050,Chronology,teater:1050
bylanská kultura,Bylany culture,teater,1202,1050,Chronology,teater:1050
chamská kultura,Cham culture,teater,1134,1050,Chronology,teater:1050
d. halštatská - laténska nesp.,Hallstatt-La Tène period,teater,1198,1050,Chronology,teater:1050
doba bronzová,bronze age,teater,1148,1050,Chronology,teater:1050
doba bronzová - halštatská,bronze age-hallstatt,teater,1147,1050,Chronology,teater:1050
doba halštatská,Hallstatt period,teater,1200,1050,Chronology,teater:1050
doba hradištní,hillfort period,teater,1239,1050,Chronology,teater:1050
doba kamenná,stone age,teater,1075,1050,Chronology,teater:1050
doba laténska,La Tène period,teater,1215,1050,Chronology,teater:1050
doba laténska - římska,La Tène - Roman period,teater,1214,1050,Chronology,teater:1050
doba ledová,glacial epoch,teater,1061,1050,Chronology,teater:1050
doba meziledová,interglacial period,teater,1062,1050,Chronology,teater:1050
doba měděná,Chalcolithic,teater,1119,1050,Chronology,teater:1050
doba římská,Roman period,teater,1227,1050,Chronology,teater:1050
doba římská - stěhování národů,roman - migration period,teater,1226,1050,Chronology,teater:1050
doba železná,Iron age,teater,1199,1050,Chronology,teater:1050
dobrodzieńská skupina,Dobrodzień group,teater,1233,1050,Chronology,teater:1050
druhohory,mesozoic,teater,1054,1050,Chronology,teater:1050
egejská kultura,Aegean culture,teater,1151,1050,Chronology,teater:1050
eneolit,eneolithic,teater,1120,1050,Chronology,teater:1050
epiatlantik (paleoklimatologie),Epi-atlantic (paleoclimatology),teater,1067,1050,Chronology,teater:1050
epigravettien,epigravettian,teater,1088,1050,Chronology,teater:1050
epimagdalenien,epimagdalenian,teater,1096,1050,Chronology,teater:1050
geologická doba,geological era,teater,1051,1050,Chronology,teater:1050
gravettien,gravettian,teater,1089,1050,Chronology,teater:1050
gávská kultura,Gáva culture,teater,1181,1050,Chronology,teater:1050
halštatská kultura,Hallstatt culture,teater,1209,1050,Chronology,teater:1050
halštatská mohylová kultura,Hallstatt tumulus culture,teater,1203,1050,Chronology,teater:1050
hatvanská kultura,Hatvan Culture,teater,1156,1050,Chronology,teater:1050
helladská kultura,Helladic period,teater,1152,1050,Chronology,teater:1050
historiografická periodizace,historiographic periodization,teater,1257,1050,Chronology,teater:1050
holocén,holocene,teater,1063,1050,Chronology,teater:1050
hornodunajská popelnicová pole,Upper Danube Urnfield culture,teater,1177,1050,Chronology,teater:1050
horákovská kultura,Horákov culture,teater,1204,1050,Chronology,teater:1050
industriální období,Industrial period,teater,1254,1050,Chronology,teater:1050
industriální období 1,Industrial period 1,teater,1255,1050,Chronology,teater:1050
industriální období 2,Industrial Period 2,teater,1256,1050,Chronology,teater:1050
jastorfská kultura,Jastorf culture,teater,1210,1050,Chronology,teater:1050
jevišovická kultura,Jevišovice culture,teater,1140,1050,Chronology,teater:1050
jordanovská kultura,Jordanów culture,teater,1122,1050,Chronology,teater:1050
jámová kultura,Yamnaya culture,teater,1128,1050,Chronology,teater:1050
kalenderberská kultura,Kalenderberg culture,teater,1211,1050,Chronology,teater:1050
kargopolská kultura,Kargopol culture,teater,1157,1050,Chronology,teater:1050
karpatská mohylová kultura,Carpathian Tumuli culture,teater,1170,1050,Chronology,teater:1050
karpatská popelnicová pole,Carpathian Urnfield culture,teater,1179,1050,Chronology,teater:1050
katakombní kultura,Catacomb culture,teater,1135,1050,Chronology,teater:1050
kenozoikum,cenozoic,teater,1055,1050,Chronology,teater:1050
knovízská kultura,Knovíz culture,teater,1178,1050,Chronology,teater:1050
kobanská kultura,Koban culture,teater,1158,1050,Chronology,teater:1050
kobylská skupina,Kobyly group,teater,1224,1050,Chronology,teater:1050
krumlovien,krumlovian,teater,1081,1050,Chronology,teater:1050
kultura Chłopice-Veselé,Chlopice-Veselé culture,teater,1143,1050,Chronology,teater:1050
kultura Kosihy-Čaka,Kosihy-Čaka culture,teater,1144,1050,Chronology,teater:1050
kultura Nuova,Noua culture,teater,1190,1050,Chronology,teater:1050
kultura Praha-Korčak,Prague-Korchak culture,teater,1245,1050,Chronology,teater:1050
kultura Retz-Bajč-Křepice,Retz-Bajč-Křepice,teater,1123,1050,Chronology,teater:1050
kultura Sabatynivka,Sabatinovka culture,teater,1167,1050,Chronology,teater:1050
kultura Starčevo-Kriš,Starčevo–Körös–Criș culture,teater,1106,1050,Chronology,teater:1050
kultura billendorfská HaC,Billendorf Culture (HaC),teater,1205,1050,Chronology,teater:1050
kultura dřevených srubů,Srubnaya culture,teater,1187,1050,Chronology,teater:1050
kultura kulovitých amfor,Globular Amphora Culture,teater,1136,1050,Chronology,teater:1050
kultura münchshöfenská,Münchshofen culture,teater,1114,1050,Chronology,teater:1050
kultura nálevkovitých pohárů,funnel beaker culture,teater,1129,1050,Chronology,teater:1050
kultura oberlauterbašská,Oberlauterbach culture,teater,1103,1050,Chronology,teater:1050
kultura pomořanská,Pomeranian culture,teater,1212,1050,Chronology,teater:1050
kultura potiská,Tisza culture,teater,1117,1050,Chronology,teater:1050
kultura pražského typu,Prague-type pottery group,teater,1243,1050,Chronology,teater:1050
kultura s kanelovanou keramikou,cannelated ware culture,teater,1133,1050,Chronology,teater:1050
kultura s kardiovou keramikou,Cardial culture,teater,1115,1050,Chronology,teater:1050
kultura s lineární keramikou,linear pottery culture,teater,1104,1050,Chronology,teater:1050
kultura s moravskou malovanou keramikou,Moravian painted ware culture,teater,1116,1050,Chronology,teater:1050
kultura s vypíchanou keramikou,stroke pottery culture,teater,1105,1050,Chronology,teater:1050
kultura se šňůrovou keramikou,corded ware culture,teater,1145,1050,Chronology,teater:1050
kultura zvoncovitých pohárů,bell beaker culture,teater,1146,1050,Chronology,teater:1050
kultury popelnicových polí,Urnfield culture,teater,1176,1050,Chronology,teater:1050
kyjatická kultura,Kyjatice culture,teater,1191,1050,Chronology,teater:1050
kykladská kultura,Cycladic culture,teater,1154,1050,Chronology,teater:1050
laténska kultura,La Tène culture,teater,1225,1050,Chronology,teater:1050
lengyelská kultura,Lengyel culture,teater,1118,1050,Chronology,teater:1050
lužická kultura,Lusatian culture,teater,1182,1050,Chronology,teater:1050
magdalénien,magdalenian,teater,1090,1050,Chronology,teater:1050
majkopská kultura,Maikop culture,teater,1124,1050,Chronology,teater:1050
maďarovská kultura,Maďarovce culture,teater,1159,1050,Chronology,teater:1050
mezolit,mesolithic,teater,1099,1050,Chronology,teater:1050
michelsberská kultura,Michelsberg culture,teater,1125,1050,Chronology,teater:1050
micoquien,micoquien,teater,1082,1050,Chronology,teater:1050
milavečská kultura,Milavče culture,teater,1186,1050,Chronology,teater:1050
minojská kultura,Minoan culture,teater,1155,1050,Chronology,teater:1050
mladý paleolit,Upper Palaeolithic,teater,1085,1050,Chronology,teater:1050
mladší / pozdní eneolit,late / final eneolithic,teater,1142,1050,Chronology,teater:1050
mladší doba bronzová,late bronze age,teater,1175,1050,Chronology,teater:1050
mladší doba halštatská (HaD2-3),late Hallstatt period (HaD2-3),teater,1208,1050,Chronology,teater:1050
mladší doba hradištní,late hillfort period,teater,1242,1050,Chronology,teater:1050
mladší doba stěhování národů,Late migration period,teater,1235,1050,Chronology,teater:1050
mladší doba římská,late Roman period,teater,1230,1050,Chronology,teater:1050
mladší eneolit,late eneolithic,teater,1138,1050,Chronology,teater:1050
mladší/pozdní doba laténská (LtC2-D),late/final La Tène period (LtC2-D),teater,1220,1050,Chronology,teater:1050
moderní dějiny,late modern period,teater,1265,1050,Chronology,teater:1050
mohylové kultury,Tumulus culture,teater,1168,1050,Chronology,teater:1050
moustérien,mousterian,teater,1083,1050,Chronology,teater:1050
mykénská kultura,Mycenaean civilization,teater,1153,1050,Chronology,teater:1050
neogén,neogene,teater,1058,1050,Chronology,teater:1050
neolit,neolithic,teater,1101,1050,Chronology,teater:1050
neolit-eneolit,neolithic-eneolithic,teater,1100,1050,Chronology,teater:1050
nitrianska kultura,Nitra culture,teater,1160,1050,Chronology,teater:1050
novověk,Modern period,teater,1251,1050,Chronology,teater:1050
novověk - industriální období,Modern - industrial period,teater,1250,1050,Chronology,teater:1050
novověk 1,Modern period 1,teater,1252,1050,Chronology,teater:1050
novověk 2,Modern period 2,teater,1253,1050,Chronology,teater:1050
nuragská kultura,Nuragic civilization,teater,1161,1050,Chronology,teater:1050
nynická kultura,Nynice culture,teater,1192,1050,Chronology,teater:1050
ohrozimský typ,Ohrozim Type,teater,1130,1050,Chronology,teater:1050
oldovan,Oldowan,teater,1079,1050,Chronology,teater:1050
ostroměřská skupina,Ostroměř Group,teater,1097,1050,Chronology,teater:1050
otomanská kultura,Ottomany culture,teater,1162,1050,Chronology,teater:1050
paleogén,palaeogene,teater,1057,1050,Chronology,teater:1050
paleolit,Palaeolithic,teater,1076,1050,Chronology,teater:1050
paleolit-mezolit,Palaeolithic-Mesolithic,teater,1073,1050,Chronology,teater:1050
pavlovien,pavlovian,teater,1091,1050,Chronology,teater:1050
periodizace dějin,periodization in history,teater,1070,1050,Chronology,teater:1050
piliňská kultura,Piliny culture,teater,1172,1050,Chronology,teater:1050
platěnická kultura,Platěnice culture,teater,1207,1050,Chronology,teater:1050
plaňanský typ,Plaňany type,teater,1229,1050,Chronology,teater:1050
pleistocén,pleistocene,teater,1060,1050,Chronology,teater:1050
podmokelská kultura,Podmokly group,teater,1217,1050,Chronology,teater:1050
podolská kultura,Podolí culture,teater,1193,1050,Chronology,teater:1050
pozdní doba bronzová,final bronze age,teater,1188,1050,Chronology,teater:1050
pozdní doba laténská (LtD),final La Tène period (LtD),teater,1223,1050,Chronology,teater:1050
pozdní paleolit,epipalaeolithic,teater,1095,1050,Chronology,teater:1050
pozdní středověk,Late Middle Ages,teater,1249,1050,Chronology,teater:1050
pozdní středověk (historiografie),Late Middle Ages (historiography),teater,1263,1050,Chronology,teater:1050
prahory,Archean,teater,1052,1050,Chronology,teater:1050
pravěk,prehistory,teater,1072,1050,Chronology,teater:1050
preboreál (paleoklimatologie),Preboreal (paleoclimatology),teater,1064,1050,Chronology,teater:1050
protoúnětická kultura,Proto-Únětice culture,teater,1163,1050,Chronology,teater:1050
prvohory,palaeozoic,teater,1053,1050,Chronology,teater:1050
przeworská kultura,Przeworsk culture,teater,1221,1050,Chronology,teater:1050
púchovská kultura,Púchov culture,teater,1222,1050,Chronology,teater:1050
raný novověk,early modern period,teater,1264,1050,Chronology,teater:1050
raný středověk,Early Middle Ages,teater,1238,1050,Chronology,teater:1050
raný středověk (historiografie),Early Middle Ages (historiography),teater,1261,1050,Chronology,teater:1050
saská lužická kultura,Saxonian-Lusatian culture,teater,1183,1050,Chronology,teater:1050
schusseriedská kultura,Schussenried culture,teater,1126,1050,Chronology,teater:1050
sejmský kulturní okruh,Seima-Turbino phenomenon,teater,1173,1050,Chronology,teater:1050
skupina Federmesser,Federmesser group,teater,1098,1050,Chronology,teater:1050
slezskoplatěnická kultura,Silesian-Platěnice culture,teater,1194,1050,Chronology,teater:1050
slezskoplatěnická kultura HaC-D,Silesian-Platěnice culture (HaC-D),teater,1206,1050,Chronology,teater:1050
solutréen,solutrean,teater,1092,1050,Chronology,teater:1050
soudobé dějiny,contemporary history,teater,1266,1050,Chronology,teater:1050
starověk,ancient history,teater,1258,1050,Chronology,teater:1050
starší doba bronzová,early bronze age,teater,1149,1050,Chronology,teater:1050
starší doba halštatská (HaC-D1),early Hallstatt period (HaC-D1),teater,1201,1050,Chronology,teater:1050
starší doba hradištní,early hillfort period,teater,1240,1050,Chronology,teater:1050
starší doba stěhování národů,Early migration period,teater,1232,1050,Chronology,teater:1050
starší doba římská,early Roman period,teater,1228,1050,Chronology,teater:1050
starší eneolit,early eneolithic,teater,1127,1050,Chronology,teater:1050
starší neolit,early neolithic,teater,1102,1050,Chronology,teater:1050
starší paleolit,Lower Palaeolithic,teater,1077,1050,Chronology,teater:1050
stěhování národů,Migration period,teater,1231,1050,Chronology,teater:1050
střední / mladší neolit,middle / late neolithic,teater,1111,1050,Chronology,teater:1050
střední doba bronzová,middle bronze age,teater,1166,1050,Chronology,teater:1050
střední doba hradištní,middle hillfort period,teater,1241,1050,Chronology,teater:1050
střední doba laténská (LtB-C1),middle La Tène period (LtB-C1),teater,1219,1050,Chronology,teater:1050
střední eneolit,middle eneolithic,teater,1131,1050,Chronology,teater:1050
střední paleolit,Middle Palaeolithic,teater,1080,1050,Chronology,teater:1050
středodunajská mohylová kultura,Middle-Danubian tumulus culture,teater,1171,1050,Chronology,teater:1050
středodunajská popelnicová pole,Middle Danube Urnfield culture,teater,1184,1050,Chronology,teater:1050
středověk,Medieval Period,teater,1237,1050,Chronology,teater:1050
středověk (historiografie),Middle Ages (historiography),teater,1260,1050,Chronology,teater:1050
středověk - novověk,Middle ages - modern period,teater,1236,1050,Chronology,teater:1050
subatlantik (paleoklimatologie),Subatlantic (paleoclimatology),teater,1069,1050,Chronology,teater:1050
szeletien,szeletian,teater,1093,1050,Chronology,teater:1050
tagarská kultura,Tagar culture,teater,1197,1050,Chronology,teater:1050
taubachien,taubachian,teater,1084,1050,Chronology,teater:1050
tišnovien,tišnovien,teater,1094,1050,Chronology,teater:1050
trypilská kultura,Trypilian culture,teater,1108,1050,Chronology,teater:1050
trzciniecko-komarivský komplex,Trzciniec-Komariv culture,teater,1174,1050,Chronology,teater:1050
turnovský typ,Turnov type,teater,1218,1050,Chronology,teater:1050
třetihory,tertiary,teater,1056,1050,Chronology,teater:1050
velatická kultura,Velatice culture,teater,1185,1050,Chronology,teater:1050
villanovská kultura,Villanovan culture,teater,1213,1050,Chronology,teater:1050
vinařická skupina,Vinařice group,teater,1234,1050,Chronology,teater:1050
vinčanská kultura,Vinca culture,teater,1109,1050,Chronology,teater:1050
vrcholný - pozdní středověk,High - late middle ages,teater,1247,1050,Chronology,teater:1050
vrcholný středověk,High middle ages,teater,1248,1050,Chronology,teater:1050
vrcholný středověk (historiografie),High - late middle ages (historiography),teater,1262,1050,Chronology,teater:1050
vučedolská kultura,Vučedol culture,teater,1141,1050,Chronology,teater:1050
věterovská kultura,Věteřov culture,teater,1165,1050,Chronology,teater:1050
zarubiněcká kultura,Zarubintsy culture,teater,1246,1050,Chronology,teater:1050
zemědelský pravěk,farming prehistory,teater,1074,1050,Chronology,teater:1050
únětická kultura,Únětice culture,teater,1164,1050,Chronology,teater:1050
čakanská kultura,Čakan culture,teater,1180,1050,Chronology,teater:1050
časná doba laténska (LtA),early La Tène period,teater,1216,1050,Chronology,teater:1050
časný eneolit,proto-eneolithic,teater,1121,1050,Chronology,teater:1050
čerňjachovská kultura,Chernyakhov culture,teater,1244,1050,Chronology,teater:1050
českofalcká mohylová kultura,Bohemian-Palatinate tumulus culture,teater,1169,1050,Chronology,teater:1050
čtvrtohory,Quaternary,teater,1059,1050,Chronology,teater:1050
řivnáčská kultura,Řivnáč culture,teater,1137,1050,Chronology,teater:1050
štítarská kultura,Štítary culture,teater,1196,1050,Chronology,teater:1050
šárecký typ,Šárka type,teater,1107,1050,Chronology,teater:1050
želiezovský typ,Želizovce group,teater,1110,1050,Chronology,teater:1050
Ekklésiastérion,Ekklesiasterion,teater,1512,1481,Feature,teater:1481
Ianus quadrifrons,Arch of Janus,teater,1521,1481,Feature,teater:1481
Múseion,Museion,teater,1534,1481,Feature,teater:1481
adyton,adyton,teater,1711,1481,Feature,teater:1481
amfiteátr,amphitheatre,teater,1483,1481,Feature,teater:1481
andrón,andron,teater,1502,1481,Feature,teater:1481
apsida,apse,teater,1712,1481,Feature,teater:1481
archivní budova,archive,teater,1489,1481,Feature,teater:1481
arcibiskupská rezidence,archbishops palace,teater,1541,1481,Feature,teater:1481
armamentarium,armamentaria,teater,1490,1481,Feature,teater:1481
atrium,atrium,teater,1503,1481,Feature,teater:1481
aula,aule,teater,1504,1481,Feature,teater:1481
barokní oltář,baroque altar,teater,1724,1481,Feature,teater:1481
barokní portál,baroque doorway,teater,1597,1481,Feature,teater:1481
bastion,bastion,teater,1620,1481,Feature,teater:1481
bazilika (antika),basilica (antiquity),teater,1491,1481,Feature,teater:1481
bašta,fortified tower,teater,1621,1481,Feature,teater:1481
bergfrit,keep,teater,1622,1481,Feature,teater:1481
biskupská rezidence,bishops palace,teater,1542,1481,Feature,teater:1481
bronteion,bronteion,teater,1484,1481,Feature,teater:1481
brána,gateway,teater,1623,1481,Feature,teater:1481
budova,building,teater,1482,1481,Feature,teater:1481
burgus,burgus,teater,1625,1481,Feature,teater:1481
bytové vybavení,furnishing,teater,1496,1481,Feature,teater:1481
búleutérion,bouleuterion,teater,1553,1481,Feature,teater:1481
carcer,carcer,teater,1567,1481,Feature,teater:1481
cella,cella,teater,1713,1481,Feature,teater:1481
cesta,path,teater,1673,1481,Feature,teater:1481
chata,hut,teater,1519,1481,Feature,teater:1481
chlév,animal shed,teater,1520,1481,Feature,teater:1481
chodba,corridor,teater,1583,1481,Feature,teater:1481
chrámová podezdívka,krepis,teater,1584,1481,Feature,teater:1481
chrámové dveře,temple door,teater,1715,1481,Feature,teater:1481
chrámové okno,temple window,teater,1714,1481,Feature,teater:1481
cihlářská pec,brick kiln,teater,1689,1481,Feature,teater:1481
cippus (mezník),cippus (boundary stone),teater,1676,1481,Feature,teater:1481
cippus (náhrobek),cippus (gravestone),teater,1650,1481,Feature,teater:1481
cirkus,circus,teater,1492,1481,Feature,teater:1481
cisterna,water tank,teater,1772,1481,Feature,teater:1481
curia (radnice),curia,teater,1554,1481,Feature,teater:1481
císařský palác,imperial palace,teater,1543,1481,Feature,teater:1481
dehtářská pec,tar kiln (objekt),teater,1690,1481,Feature,teater:1481
destrukční horizont,destruction horizon,teater,1749,1481,Feature,teater:1481
diazóma,diazoma,teater,1485,1481,Feature,teater:1481
divadlo,theatre,teater,1493,1481,Feature,teater:1481
dlažba,pavement,teater,1580,1481,Feature,teater:1481
dlouhý dům,longhouse,teater,1497,1481,Feature,teater:1481
dolmen,dolmen,teater,1651,1481,Feature,teater:1481
domovní kanalizace,house drains,teater,1575,1481,Feature,teater:1481
dromos (hrobka),dromos (tomb),teater,1652,1481,Feature,teater:1481
dromos (ulice),dromos (street),teater,1573,1481,Feature,teater:1481
dílna,workshop,teater,1761,1481,Feature,teater:1481
dýmačka,fuming blast-furnace,teater,1691,1481,Feature,teater:1481
dřevohlinitá hradba,wood earth rampart,teater,1628,1481,Feature,teater:1481
dřevěná hať,timber trackway,teater,1674,1481,Feature,teater:1481
dům,house,teater,1495,1481,Feature,teater:1481
ekkykléma,ekkyklema,teater,1486,1481,Feature,teater:1481
elogium,elogium,teater,1653,1481,Feature,teater:1481
empora,matroneum,teater,1581,1481,Feature,teater:1481
entasis,entasis,teater,1603,1481,Feature,teater:1481
ergastulum,ergastulum,teater,1763,1481,Feature,teater:1481
ergastérion,ergasterion,teater,1762,1481,Feature,teater:1481
erozní rýha,gully,teater,1681,1481,Feature,teater:1481
exedra,exedra,teater,1505,1481,Feature,teater:1481
fara,rectory,teater,1513,1481,Feature,teater:1481
fontána,fountain,teater,1609,1481,Feature,teater:1481
geologická vrstva,geological layer,teater,1750,1481,Feature,teater:1481
gotický oltář,gothic altar,teater,1725,1481,Feature,teater:1481
gotický portál,gothic doorway,teater,1598,1481,Feature,teater:1481
grotta,grotto,teater,1683,1481,Feature,teater:1481
gymnasion,gymnasium,teater,1514,1481,Feature,teater:1481
haltýř,pond,teater,1515,1481,Feature,teater:1481
hamr,forge,teater,1764,1481,Feature,teater:1481
hipodrom,hippodrome,teater,1516,1481,Feature,teater:1481
hliník,clay pit,teater,1773,1481,Feature,teater:1481
horizont osídlení,settlement layer,teater,1751,1481,Feature,teater:1481
hospodářská budova,farm building,teater,1517,1481,Feature,teater:1481
hostinec,inn,teater,1518,1481,Feature,teater:1481
hradba,rampart (hradba/Festungmauer),teater,1626,1481,Feature,teater:1481
hrnčířská pec,pottery kiln,teater,1692,1481,Feature,teater:1481
hrob,grave,teater,1655,1481,Feature,teater:1481
hrobka,tomb,teater,1654,1481,Feature,teater:1481
hráz,embankment,teater,1582,1481,Feature,teater:1481
hutnická pec,iron-smelting furnace,teater,1693,1481,Feature,teater:1481
impluvium,impluvium,teater,1506,1481,Feature,teater:1481
insula,insula,teater,1498,1481,Feature,teater:1481
inženýrská síť,infrastructure network,teater,1571,1481,Feature,teater:1481
jatka,slaughterhouse,teater,1522,1481,Feature,teater:1481
jeskyně,cave,teater,1682,1481,Feature,teater:1481
jáma,pit,teater,1774,1481,Feature,teater:1481
kamna,stove,teater,1644,1481,Feature,teater:1481
kanalizace,sewerage,teater,1574,1481,Feature,teater:1481
kanelura,fluting,teater,1604,1481,Feature,teater:1481
katakomby,catacombs,teater,1775,1481,Feature,teater:1481
kazetový strop,coffered ceiling,teater,1606,1481,Feature,teater:1481
kašna,fountain,teater,1523,1481,Feature,teater:1481
klenba,vault,teater,1585,1481,Feature,teater:1481
knihovna,library,teater,1524,1481,Feature,teater:1481
knížecí hrob,princely grave,teater,1656,1481,Feature,teater:1481
kolektor,collector,teater,1576,1481,Feature,teater:1481
kolumbárium,columbarium,teater,1661,1481,Feature,teater:1481
komorový hrob,chamber tomb,teater,1657,1481,Feature,teater:1481
konkávní plocha,concave surface,teater,1703,1481,Feature,teater:1481
konstrukční prvek,construction element,teater,1579,1481,Feature,teater:1481
konvexní plocha,convex surface,teater,1704,1481,Feature,teater:1481
konírna,horse barn,teater,1526,1481,Feature,teater:1481
kostelní věž,church tower,teater,1716,1481,Feature,teater:1481
kostnice,ossuary,teater,1662,1481,Feature,teater:1481
kostrový hrob,skeleton grave,teater,1658,1481,Feature,teater:1481
kovolitecká pec,foundry,teater,1694,1481,Feature,teater:1481
kovárna,blacksmiths workshop,teater,1765,1481,Feature,teater:1481
krb,fireplace,teater,1507,1481,Feature,teater:1481
krov,truss,teater,1586,1481,Feature,teater:1481
kružba,tracery,teater,1717,1481,Feature,teater:1481
krypta,crypt,teater,1663,1481,Feature,teater:1481
kryptoportikus,cryptoporticus,teater,1587,1481,Feature,teater:1481
královská falc,palatinate,teater,1544,1481,Feature,teater:1481
královský palác,royal palace,teater,1545,1481,Feature,teater:1481
krám,shop,teater,1527,1481,Feature,teater:1481
kulturní vrstva,cultural layer,teater,1752,1481,Feature,teater:1481
kurhan,kurgan,teater,1664,1481,Feature,teater:1481
křtitelnice,baptismal font,teater,1718,1481,Feature,teater:1481
kůl,stake,teater,1588,1481,Feature,teater:1481
kůlová jamka,stake hole,teater,1776,1481,Feature,teater:1481
lehký obvodový plášť,light curtain wall,teater,1631,1481,Feature,teater:1481
lesché,lesche,teater,1499,1481,Feature,teater:1481
lineární konkávní útvar,linear concave feature,teater,1705,1481,Feature,teater:1481
lineární konvexní útvar,linear convex feature,teater,1706,1481,Feature,teater:1481
loch,larder,teater,1777,1481,Feature,teater:1481
lyceum,lyceum,teater,1529,1481,Feature,teater:1481
lázeňský dům,spa house,teater,1528,1481,Feature,teater:1481
maenianum,maenianum,teater,1508,1481,Feature,teater:1481
maják,lighthouse,teater,1530,1481,Feature,teater:1481
mauzoleum,mausoleum,teater,1665,1481,Feature,teater:1481
meander,meander,teater,1684,1481,Feature,teater:1481
megaron,megaron,teater,1500,1481,Feature,teater:1481
menhir,menhir,teater,1719,1481,Feature,teater:1481
meta,meta,teater,1589,1481,Feature,teater:1481
mezní pás,field boundary,teater,1614,1481,Feature,teater:1481
mezník,boundary stone,teater,1675,1481,Feature,teater:1481
milíř,charcoal pile,teater,1695,1481,Feature,teater:1481
minaret,minaret,teater,1720,1481,Feature,teater:1481
mincovna,mint,teater,1766,1481,Feature,teater:1481
mlýn,mill,teater,1531,1481,Feature,teater:1481
mohyla,burial mound,teater,1666,1481,Feature,teater:1481
morový sloup,plague column,teater,1721,1481,Feature,teater:1481
motte,motte,teater,1629,1481,Feature,teater:1481
místo výroby,production site,teater,1767,1481,Feature,teater:1481
místo zpracování,processing site,teater,1768,1481,Feature,teater:1481
mýtní domek,toll house,teater,1535,1481,Feature,teater:1481
městská brána,town gateway,teater,1624,1481,Feature,teater:1481
městská hradba,city walls,teater,1627,1481,Feature,teater:1481
narthex,narthex,teater,1722,1481,Feature,teater:1481
navážka,landfill,teater,1754,1481,Feature,teater:1481
neklidný terén,uneven surface,teater,1707,1481,Feature,teater:1481
nemocnice,hospital,teater,1536,1481,Feature,teater:1481
nevěstinec,brothel,teater,1537,1481,Feature,teater:1481
nika,niche,teater,1590,1481,Feature,teater:1481
nymfeum,nymphaeum,teater,1618,1481,Feature,teater:1481
nádrž,reservoir,teater,1778,1481,Feature,teater:1481
náhrobek,gravestone,teater,1667,1481,Feature,teater:1481
násyp,bank,teater,1753,1481,Feature,teater:1481
obilnice,granary,teater,1779,1481,Feature,teater:1481
objekt na veřejném prostranství,feature on public area,teater,1608,1481,Feature,teater:1481
objekt zemědělské výroby,agricultural feature,teater,1613,1481,Feature,teater:1481
obval,spoil bank,teater,1740,1481,Feature,teater:1481
obvodový plášť,curtain wall,teater,1630,1481,Feature,teater:1481
obytné budovy,residential building,teater,1538,1481,Feature,teater:1481
odpadní jáma,rubbish pit,teater,1780,1481,Feature,teater:1481
odpadní vrstva,refuse layer,teater,1755,1481,Feature,teater:1481
odval,spoil tip,teater,1741,1481,Feature,teater:1481
ohniště,hearth,teater,1645,1481,Feature,teater:1481
okrasný objekt,decorative object,teater,1617,1481,Feature,teater:1481
oltář,altar,teater,1723,1481,Feature,teater:1481
opevnění,fortification,teater,1619,1481,Feature,teater:1481
opisthodomos,opisthodomos,teater,1728,1481,Feature,teater:1481
opěrný pilíř,abutment,teater,1591,1481,Feature,teater:1481
orba,plowing,teater,1615,1481,Feature,teater:1481
orchéstra,orchestra,teater,1487,1481,Feature,teater:1481
otopná pec,oven,teater,1646,1481,Feature,teater:1481
otopné zařízení,heating facility,teater,1643,1481,Feature,teater:1481
palaistra,palaestra,teater,1547,1481,Feature,teater:1481
palebné postavení,gun emplacement,teater,1632,1481,Feature,teater:1481
palisáda,palisade,teater,1633,1481,Feature,teater:1481
palác,palace,teater,1540,1481,Feature,teater:1481
papežská rezidence,residence of pope,teater,1546,1481,Feature,teater:1481
parkán,zwinger,teater,1634,1481,Feature,teater:1481
parodos,parodos,teater,1592,1481,Feature,teater:1481
pec,kiln,teater,1696,1481,Feature,teater:1481
pec na chléb,bake oven,teater,1697,1481,Feature,teater:1481
pekárna,bakery,teater,1548,1481,Feature,teater:1481
peristyl,peristyle,teater,1593,1481,Feature,teater:1481
pilotové základy,piled foundations,teater,1594,1481,Feature,teater:1481
pinakothéka,pinacotheca,teater,1549,1481,Feature,teater:1481
pinka,binge,teater,1742,1481,Feature,teater:1481
piscina,piscina,teater,1616,1481,Feature,teater:1481
plot,fence,teater,1635,1481,Feature,teater:1481
plošina,platform,teater,1708,1481,Feature,teater:1481
podlaha,floor,teater,1595,1481,Feature,teater:1481
podlaha (vrstva),floor layer,teater,1756,1481,Feature,teater:1481
podzemní štola,drift,teater,1743,1481,Feature,teater:1481
pohřeb v sídlištním objektu,burial in settlement context,teater,1668,1481,Feature,teater:1481
pohřeb zvířete,animal burial,teater,1669,1481,Feature,teater:1481
pohřební objekt,funerary feature,teater,1649,1481,Feature,teater:1481
portál,doorway,teater,1596,1481,Feature,teater:1481
poustevna,hermitage,teater,1729,1481,Feature,teater:1481
pozemní komunikace (objekty),land communication (objects),teater,1672,1481,Feature,teater:1481
praetorium,praetorium,teater,1550,1481,Feature,teater:1481
pranýř,pillory,teater,1551,1481,Feature,teater:1481
presbytář,presbytery,teater,1730,1481,Feature,teater:1481
pronáos,pronaos,teater,1731,1481,Feature,teater:1481
propylaje,propylaea,teater,1732,1481,Feature,teater:1481
proskénion,proscenium,teater,1488,1481,Feature,teater:1481
prytaneion,prytaneion,teater,1555,1481,Feature,teater:1481
puteál,puteal,teater,1733,1481,Feature,teater:1481
pylón,pylon,teater,1734,1481,Feature,teater:1481
pyramida,pyramid,teater,1670,1481,Feature,teater:1481
pyrotechnické zařízení,pyrotechnic device,teater,1688,1481,Feature,teater:1481
předhradí,bailey,teater,1636,1481,Feature,teater:1481
příkop,ditch,teater,1637,1481,Feature,teater:1481
přírodní útvar,natural feature,teater,1680,1481,Feature,teater:1481
radnice,town hall,teater,1552,1481,Feature,teater:1481
regia,regia,teater,1556,1481,Feature,teater:1481
reliéfní útvar,relief feature,teater,1702,1481,Feature,teater:1481
renesanční oltář,renaissance altar,teater,1726,1481,Feature,teater:1481
renesanční portál,renaissance doorway,teater,1599,1481,Feature,teater:1481
retábl,retable,teater,1727,1481,Feature,teater:1481
románský portál,Romanesque doorway,teater,1600,1481,Feature,teater:1481
rostra,rostra,teater,1610,1481,Feature,teater:1481
sakrální architektura,sacred architecture,teater,1710,1481,Feature,teater:1481
schodiště,staircase,teater,1601,1481,Feature,teater:1481
sejp,spoil heap,teater,1744,1481,Feature,teater:1481
seník,hayloft,teater,1557,1481,Feature,teater:1481
sklep,cellar,teater,1781,1481,Feature,teater:1481
sklářská pec,glass furnace,teater,1698,1481,Feature,teater:1481
skriptorium,scriptorium,teater,1769,1481,Feature,teater:1481
skéné,skene,teater,1494,1481,Feature,teater:1481
skříňkový hrob,cist grave,teater,1659,1481,Feature,teater:1481
sloup,column,teater,1602,1481,Feature,teater:1481
sloupořadí,colonnade,teater,1611,1481,Feature,teater:1481
smírčí kamen,reconciliation stone,teater,1735,1481,Feature,teater:1481
smírčí kříž,cross of reconciliation,teater,1736,1481,Feature,teater:1481
součást domu,component of the house,teater,1501,1481,Feature,teater:1481
splach,solifluction,teater,1757,1481,Feature,teater:1481
stadion,stadion,teater,1558,1481,Feature,teater:1481
stavební jáma,construction pit,teater,1782,1481,Feature,teater:1481
stodola,barn,teater,1560,1481,Feature,teater:1481
stoá,stoa,teater,1612,1481,Feature,teater:1481
strop,ceiling,teater,1605,1481,Feature,teater:1481
studna,well,teater,1783,1481,Feature,teater:1481
stáj,stable,teater,1559,1481,Feature,teater:1481
stéla (objekt),stele (feature),teater,1671,1481,Feature,teater:1481
sýpka,granary (sýpka/Getreidespeiche),teater,1561,1481,Feature,teater:1481
tablinum,tablinum,teater,1509,1481,Feature,teater:1481
telegrafie,telegraphy,teater,1678,1481,Feature,teater:1481
terminus,terminus,teater,1677,1481,Feature,teater:1481
terénní hrana,terrain edge,teater,1709,1481,Feature,teater:1481
theokoleion,theocoleon,teater,1564,1481,Feature,teater:1481
thésauros,thesauros,teater,1737,1481,Feature,teater:1481
topný kanál,heating channel,teater,1647,1481,Feature,teater:1481
trativod,drainage,teater,1577,1481,Feature,teater:1481
triclinium,triclinium,teater,1510,1481,Feature,teater:1481
tropaeum,tropaion,teater,1568,1481,Feature,teater:1481
těžební jáma,mining pit,teater,1746,1481,Feature,teater:1481
těžební místo,mining site,teater,1747,1481,Feature,teater:1481
těžební objekt,mining feature,teater,1739,1481,Feature,teater:1481
ulice,street,teater,1572,1481,Feature,teater:1481
val,rampart (val/Wall),teater,1638,1481,Feature,teater:1481
veřejná knihovna,public library,teater,1525,1481,Feature,teater:1481
vitráž,stained glass,teater,1738,1481,Feature,teater:1481
vodní mlýn,watermill,teater,1533,1481,Feature,teater:1481
vodní pramen,spring,teater,1685,1481,Feature,teater:1481
vodoteč,water channel,teater,1686,1481,Feature,teater:1481
vodovod,water pipeline,teater,1578,1481,Feature,teater:1481
vrstva (objekt),layer,teater,1748,1481,Feature,teater:1481
vytápění,heating,teater,1648,1481,Feature,teater:1481
vápenická jáma,lime pit,teater,1770,1481,Feature,teater:1481
vápenická pec,lime kiln,teater,1699,1481,Feature,teater:1481
vítězný oblouk,triumphal arch,teater,1569,1481,Feature,teater:1481
výheň,furnace,teater,1700,1481,Feature,teater:1481
výkop,trench (výkop/Aushub),teater,1784,1481,Feature,teater:1481
výplň zahloubeného objektu,filling,teater,1758,1481,Feature,teater:1481
výrobní objekt,production feature,teater,1760,1481,Feature,teater:1481
vývrat,windthrow,teater,1687,1481,Feature,teater:1481
větrný mlýn,windmill,teater,1532,1481,Feature,teater:1481
věznice,prison,teater,1565,1481,Feature,teater:1481
věž,tower,teater,1639,1481,Feature,teater:1481
věžice,half tower,teater,1640,1481,Feature,teater:1481
zahloubený objekt,sunken feature,teater,1771,1481,Feature,teater:1481
zemnice,pithouse,teater,1786,1481,Feature,teater:1481
zeď,wall,teater,1642,1481,Feature,teater:1481
zvonice,bell tower,teater,1570,1481,Feature,teater:1481
záchod,toilet,teater,1511,1481,Feature,teater:1481
základová konstrukce,foundation,teater,1607,1481,Feature,teater:1481
zákop,trench (zákop/Graben),teater,1641,1481,Feature,teater:1481
zásobní jáma,storage pit,teater,1785,1481,Feature,teater:1481
ódeion,odeon,teater,1539,1481,Feature,teater:1481
úvoz,hollow way,teater,1679,1481,Feature,teater:1481
šachta,shaft,teater,1745,1481,Feature,teater:1481
šibenice,gallows,teater,1562,1481,Feature,teater:1481
špýchar,granary (špýchar/Speicher),teater,1563,1481,Feature,teater:1481
žalář,jailhouse,teater,1566,1481,Feature,teater:1481
železářská pec,iron furnace,teater,1701,1481,Feature,teater:1481
žlab,gutter,teater,1787,1481,Feature,teater:1481
žároviště,cremation place,teater,1759,1481,Feature,teater:1481
žárový hrob,burnt grave,teater,1660,1481,Feature,teater:1481
archeologická památka,archaeological monument,teater,259,140,Location & Admin,teater:253
archeologická sbírka,archaeological collection,teater,223,140,Location & Admin,teater:220
archeologické dědicství,archaeological heritage,teater,256,140,Location & Admin,teater:253
archeologické muzeum,archaeological museum,teater,243,140,Location & Admin,teater:220
archeoskanzen,archaeological open-air museum,teater,254,140,Location & Admin,teater:253
botanická sbírka,plant collection,teater,224,140,Location & Admin,teater:220
doplňování muzejních sbírek,museum collections acquisition,teater,234,140,Location & Admin,teater:220
druhy muzeí,types of museums,teater,242,140,Location & Admin,teater:220
etnografická sbírka,ethnological collection,teater,225,140,Location & Admin,teater:220
etnografické muzeum,ethnological museum,teater,244,140,Location & Admin,teater:220
evidence sbírkových předmětů,regisry of collection objects,teater,235,140,Location & Admin,teater:220
geologická sbírka,geological collection,teater,226,140,Location & Admin,teater:220
historické muzeum,historical museum,teater,245,140,Location & Admin,teater:220
hornické muzeum,mining museum,teater,246,140,Location & Admin,teater:220
kulturní památka,cultural monument,teater,260,140,Location & Admin,teater:253
kurátorství sbírek,collection curatorship,teater,227,140,Location & Admin,teater:220
kurátorství výstav,exhibition curatorship,teater,241,140,Location & Admin,teater:220
mezinárodní smlouva,international treaty,teater,257,140,Location & Admin,teater:253
mineralogická sbírka,mineral collection,teater,228,140,Location & Admin,teater:220
muzejní dokumentace,museum documentation,teater,229,140,Location & Admin,teater:220
muzejní sbírky,museum collection,teater,222,140,Location & Admin,teater:220
muzejní spolek,museum association,teater,251,140,Location & Admin,teater:220
muzejní společnost,museum society,teater,250,140,Location & Admin,teater:220
muzejní výstava,museum exhibitions,teater,239,140,Location & Admin,teater:220
muzeum,museum,teater,220,140,Location & Admin,teater:220
městská památková rezervace,urban monument reserve,teater,262,140,Location & Admin,teater:253
městské historické centrum,historical town centre,teater,261,140,Location & Admin,teater:253
numismatická sbírka,numismatic collection,teater,230,140,Location & Admin,teater:220
národní kulturní památka,national cultural monument,teater,263,140,Location & Admin,teater:253
objekty (památková péče),objects (historic preservation),teater,255,140,Location & Admin,teater:253
obnova a rekonstrukce památek,renewal and reconstruction of monuments,teater,271,140,Location & Admin,teater:253
ochrana památek,protection of monuments,teater,272,140,Location & Admin,teater:253
paleontologická sbírka,paleontological collection,teater,231,140,Location & Admin,teater:220
památková péče,historic preservation,teater,253,140,Location & Admin,teater:253
památkový objekt,listed monument,teater,264,140,Location & Admin,teater:253
památkový ústav,heritage institute,teater,269,140,Location & Admin,teater:253
památkově chráněné území,historically preserved area,teater,265,140,Location & Admin,teater:253
památkář,preservationist,teater,267,140,Location & Admin,teater:253
památkářka,woman preservationist,teater,268,140,Location & Admin,teater:253
předmět (památková péče),object (historic preservation),teater,270,140,Location & Admin,teater:253
přírodovědná sbírka,natural history collection,teater,232,140,Location & Admin,teater:220
regionální muzeum,regional museum,teater,247,140,Location & Admin,teater:220
rekonstrukce staveb,reconstruction of buildings,teater,273,140,Location & Admin,teater:253
sbírkotvorná činnost,collection of specimens,teater,233,140,Location & Admin,teater:220
sbírkový předmět,collection’s objects,teater,236,140,Location & Admin,teater:220
skanzen,open-air museum,teater,248,140,Location & Admin,teater:220
stavební právo,building law,teater,258,140,Location & Admin,teater:253
stálá expozice,permanent exhibitions,teater,240,140,Location & Admin,teater:220
uměleckoprůmyslové muzeum,museums of decorative arts,teater,249,140,Location & Admin,teater:220
umělecká památka,artistic monument,teater,266,140,Location & Admin,teater:253
umělecká sbírka,art collection,teater,237,140,Location & Admin,teater:220
zoologická sbírka,zoological collection,teater,238,140,Location & Admin,teater:220
činnosti muzeí,activities of museums,teater,221,140,Location & Admin,teater:220
barvivo,dye,teater,2432,2430,Material,teater:2430
bavlna,cotton,teater,2434,2430,Material,teater:2430
borka,bark,teater,2435,2430,Material,teater:2430
bronz,bronze,teater,2478,2430,Material,teater:2430
bucchero,bucchero,teater,2465,2430,Material,teater:2430
chalcedon,chalcedony,teater,2447,2430,Material,teater:2430
chronologické členění (keramika),chronological classification (ceramics),teater,2458,2430,Material,teater:2430
cihelné zdivo,brick masonry,teater,2554,2430,Material,teater:2430
cypřiš,Cupressus,teater,2444,2430,Material,teater:2430
cín,tin,teater,2479,2430,Material,teater:2430
dehet,tar,teater,2436,2430,Material,teater:2430
diamant,diamond,teater,2439,2430,Material,teater:2430
drahý kámen,precious stone,teater,2437,2430,Material,teater:2430
dřevo,wood,teater,2443,2430,Material,teater:2430
dřevěná konstrukce,wooden structure,teater,2555,2430,Material,teater:2430
dřevěné uhlí,charcoal,teater,2441,2430,Material,teater:2430
dřevěné výrobky,wood products,teater,2442,2430,Material,teater:2430
elektron,electrum,teater,2480,2430,Material,teater:2430
fajáns,faience,teater,2452,2430,Material,teater:2430
fosilní měkkýš,fossil mollusks,teater,2503,2430,Material,teater:2430
grafit,graphite,teater,2445,2430,Material,teater:2430
habánská fajáns,Haban faience,teater,2453,2430,Material,teater:2430
hedvábí,silk,teater,2446,2430,Material,teater:2430
historická keramika,historical pottery,teater,2459,2430,Material,teater:2430
hliněná destička,clay tablet,teater,2532,2430,Material,teater:2430
hlína,clay,teater,2454,2430,Material,teater:2430
hrázděná stavba,half-timbered building,teater,2556,2430,Material,teater:2430
jadeit,jadeite,teater,2440,2430,Material,teater:2430
jantar,amber,teater,2448,2430,Material,teater:2430
jaspis,jasper,teater,2449,2430,Material,teater:2430
jíl,loam,teater,2455,2430,Material,teater:2430
kamenina,stoneware,teater,2456,2430,Material,teater:2430
keramický materiál,ceramic material,teater,2451,2430,Material,teater:2430
keramika,ceramic,teater,2457,2430,Material,teater:2430
korál,coral,teater,2475,2430,Material,teater:2430
kost,bone,teater,2476,2430,Material,teater:2430
kov,metal,teater,2477,2430,Material,teater:2430
kožešina,fur,teater,2490,2430,Material,teater:2430
kámen,stone,teater,2450,2430,Material,teater:2430
křemen,quartz,teater,2491,2430,Material,teater:2430
křemenec,quartzite,teater,2492,2430,Material,teater:2430
křišťál,quartz crystal,teater,2493,2430,Material,teater:2430
kůže,leather,teater,2494,2430,Material,teater:2430
lastura,shell,teater,2496,2430,Material,teater:2430
len,linen,teater,2497,2430,Material,teater:2430
lidová keramika,folk pottery,teater,2460,2430,Material,teater:2430
majolika,maiolica,teater,2471,2430,Material,teater:2430
makrozbytky,macroremains,teater,2498,2430,Material,teater:2430
malta,mortar,teater,2499,2430,Material,teater:2430
mamutovina,mammoth ivory,teater,2500,2430,Material,teater:2430
materiál objektu/předmětu,feature/object material,teater,2431,2430,Material,teater:2430
mazanice,daub,teater,2501,2430,Material,teater:2430
mosaz,brass,teater,2482,2430,Material,teater:2430
mořský měkkýš,sea mollusc,teater,2506,2430,Material,teater:2430
mramor,marble,teater,2508,2430,Material,teater:2430
měkkýš,Mollusca,teater,2502,2430,Material,teater:2430
měď,copper,teater,2481,2430,Material,teater:2430
neželezný kov,nonferrous metal,teater,2483,2430,Material,teater:2430
nikl,nickel,teater,2484,2430,Material,teater:2430
obsidián,obsidian,teater,2509,2430,Material,teater:2430
okr,ochre,teater,2433,2430,Material,teater:2430
olovo,lead,teater,2485,2430,Material,teater:2430
opál,opal,teater,2510,2430,Material,teater:2430
ovčí vlna,sheep wool,teater,2550,2430,Material,teater:2430
papyrus,papyrus,teater,2530,2430,Material,teater:2430
papír,paper,teater,2529,2430,Material,teater:2430
paroh,antler,teater,2511,2430,Material,teater:2430
pazourek,flint,teater,2512,2430,Material,teater:2430
pecka,pit,teater,2513,2430,Material,teater:2430
pergamen,parchment,teater,2531,2430,Material,teater:2430
perla,pearl,teater,2514,2430,Material,teater:2430
plast,plastic,teater,2516,2430,Material,teater:2430
porcelán,porcelain,teater,2472,2430,Material,teater:2430
pravěká keramika,prehistoric pottery,teater,2461,2430,Material,teater:2430
proutí,wattle,teater,2518,2430,Material,teater:2430
proutěné výrobky,basketry,teater,2517,2430,Material,teater:2430
pryskyřice,resin,teater,2519,2430,Material,teater:2430
psací materiál,writing material,teater,2528,2430,Material,teater:2430
pyl,pollen,teater,2533,2430,Material,teater:2430
pískovec,sandstone,teater,2515,2430,Material,teater:2430
předmět z bronzu,bronze object,teater,2520,2430,Material,teater:2430
předmět z kamene,stone object,teater,2521,2430,Material,teater:2430
předmět z kosti,bone object,teater,2522,2430,Material,teater:2430
předmět z kovu,metal object,teater,2523,2430,Material,teater:2430
předmět z mědi,copper object,teater,2524,2430,Material,teater:2430
předmět ze stříbra,silver object,teater,2525,2430,Material,teater:2430
předmět ze zlata,gold object,teater,2526,2430,Material,teater:2430
předmět ze železa,iron object,teater,2527,2430,Material,teater:2430
renesanční keramika,renaissance pottery,teater,2462,2430,Material,teater:2430
roh,horn,teater,2535,2430,Material,teater:2430
rohovec,chert,teater,2534,2430,Material,teater:2430
sapropelit,sapropel,teater,2536,2430,Material,teater:2430
semeno,seed,teater,2537,2430,Material,teater:2430
skleněný výrobek,glassware,teater,2538,2430,Material,teater:2430
sklo,glass,teater,2539,2430,Material,teater:2430
sladkovodní měkkýš,freshwater mollusc,teater,2507,2430,Material,teater:2430
slonovina,elephant ivory,teater,2540,2430,Material,teater:2430
slovanská keramika,Slavic pottery,teater,2463,2430,Material,teater:2430
spilit,spilite,teater,2541,2430,Material,teater:2430
spondylus,Spondylus,teater,2542,2430,Material,teater:2430
starověká keramika,ancient pottery,teater,2464,2430,Material,teater:2430
stavební kámen,building stone,teater,2543,2430,Material,teater:2430
středověká keramika,medieval pottery,teater,2468,2430,Material,teater:2430
stříbro,silver,teater,2486,2430,Material,teater:2430
suchozemský měkkýš,terrestrial mollusc,teater,2504,2430,Material,teater:2430
sukno,cloth,teater,2544,2430,Material,teater:2430
terakota,terracotta,teater,2473,2430,Material,teater:2430
terra sigillata,terra sigillata,teater,2474,2430,Material,teater:2430
textil,textile,teater,2545,2430,Material,teater:2430
uhličitan draselný,potash,teater,2547,2430,Material,teater:2430
uhlí,coal,teater,2546,2430,Material,teater:2430
umělecká keramika,art pottery,teater,2469,2430,Material,teater:2430
useň,hides and skins,teater,2495,2430,Material,teater:2430
užitková keramika,utiliarian ceramics,teater,2470,2430,Material,teater:2430
vlna,wool,teater,2549,2430,Material,teater:2430
vltavín,moldavite,teater,2551,2430,Material,teater:2430
vodní měkkýš,aquatic mollusc,teater,2505,2430,Material,teater:2430
vosk,wax,teater,2552,2430,Material,teater:2430
vápno,lime,teater,2548,2430,Material,teater:2430
zinek,zinc,teater,2487,2430,Material,teater:2430
zlato,gold,teater,2488,2430,Material,teater:2430
způsob provedení (objekty),method of implementation (features),teater,2553,2430,Material,teater:2430
černofigurová keramika,black-figure ware,teater,2466,2430,Material,teater:2430
červenofigurová keramika,red-figure ware,teater,2467,2430,Material,teater:2430
český granát,Czech garnet,teater,2438,2430,Material,teater:2430
železo,iron,teater,2489,2430,Material,teater:2430
GPS (navigační systém),global positioning system,teater,130,102,Methods,teater:102
Galileo (navigační systém),Galileo (navigation system),teater,129,102,Methods,teater:102
Ramanova spektrometrie,Raman spectroscopy,teater,184,140,Methods,teater:140
absolutní chronologie,absolute chronology,teater,190,140,Methods,teater:140
analogie,analogy,teater,207,140,Methods,teater:140
analýza hlavních komponent,principal components analysis,teater,276,140,Methods,teater:140
analýza rozptylu,analysis of variance,teater,277,140,Methods,teater:140
"analýzy, posudky (metody spracování)","analyses, reviews (processing methods)",teater,141,140,Methods,teater:140
antrakologická analýza,anthracological analysis,teater,142,140,Methods,teater:140
antropologický výzkum,anthropological research,teater,143,140,Methods,teater:140
archeogenetická analýza,archaeogenetic analysis,teater,144,140,Methods,teater:140
archeologická klasifikace,archaeological classification,teater,205,140,Methods,teater:140
archeologická mapa,archaeological map,teater,198,140,Methods,teater:140
archeologické datování,archaeological dating,teater,189,140,Methods,teater:140
archeologické výzkumy,archaeological research,teater,103,102,Methods,teater:102
atomová absorbční spektrometrie,atomic absorption spectroscopy,teater,178,140,Methods,teater:140
atomová emisní spektrometrie,atomic emission spectroscopy,teater,179,140,Methods,teater:140
chemická analýza,chemical analysis,teater,155,140,Methods,teater:140
chromatografická analýza,chromatographic analysis,teater,156,140,Methods,teater:140
dendrochronologická analýza,tree-ring analysis,teater,145,140,Methods,teater:140
destruktivní metoda výzkumu,destructive method,teater,104,102,Methods,teater:102
detekce kovů,metal detection,teater,112,102,Methods,teater:102
diatomární analýza,diatom analysis,teater,146,140,Methods,teater:140
digitální model terénu,digital elevation model,teater,124,102,Methods,teater:102
diskriminační analýza,discriminant analysis,teater,278,140,Methods,teater:140
dokumentace,documentation,teater,195,140,Methods,teater:140
družicová geodezie,satellite geodesy,teater,120,102,Methods,teater:102
dálkový průzkum Země,remote sensing,teater,119,102,Methods,teater:102
elektronová mikroskopie,electron microscopy,teater,147,140,Methods,teater:140
environmentální skenovací elektronová mikroskopie,environmental scanning electron microscopy,teater,149,140,Methods,teater:140
faktorová analýza,factor analysis,teater,279,140,Methods,teater:140
fosfátová analýza,phosphate analysis,teater,151,140,Methods,teater:140
fotografická dokumentace,photodocumentation,teater,196,140,Methods,teater:140
fytolitová analýza,phytolith analysis,teater,152,140,Methods,teater:140
geoarcheologická analýza,geoarchaeological analysis,teater,153,140,Methods,teater:140
geochemická metoda,geochemical prospecting method,teater,138,102,Methods,teater:102
geoelektrický průzkum,electric prospecting,teater,133,102,Methods,teater:102
geofyzikální průzkum,geophysical survey,teater,132,102,Methods,teater:102
geografické informační systémy,geographic information systems,teater,197,140,Methods,teater:140
geologický výzkum,geological research,teater,154,140,Methods,teater:140
gravimetrie,gravimetry,teater,134,102,Methods,teater:102
hmotnostní spektrometrie,mass spectrometry,teater,180,140,Methods,teater:140
hmotnostní spektrometrie s indukčně vázaným plazmatem,inductively coupled plasma mass spectrometry,teater,181,140,Methods,teater:140
hmotnostní spektrometrie s indukčně vázaným plazmatem a laserovou ablací,inductively coupled plasma mass spectrometry with laser ablation,teater,182,140,Methods,teater:140
horizontální stratigrafie,horizontal stratigraphy,teater,193,140,Methods,teater:140
infračervená spektroskopie,infrared spectroscopy,teater,183,140,Methods,teater:140
izotopový výzkum,isotopic analysis,teater,157,140,Methods,teater:140
kategorizace a klasifikace,categorization and classification,teater,204,140,Methods,teater:140
komparativní výzkum,comparative research,teater,206,140,Methods,teater:140
konzervace,conservation,teater,210,140,Methods,teater:140
konzervování muzejních exponátů,conservation of museum exhibits,teater,211,140,Methods,teater:140
konzervování památek,antiquities conservation,teater,212,140,Methods,teater:140
konzervátorsko-restaurátorské metody,conservation-restoration methods,teater,209,140,Methods,teater:140
kopie,facsimile,teater,213,140,Methods,teater:140
korespondeční analýza,correspondence analysis,teater,280,140,Methods,teater:140
koroze,corrosion,teater,216,140,Methods,teater:140
kresebná dokumentace,drawn documentation,teater,199,140,Methods,teater:140
letecká fotogrammetrie,aerial photogrammetry,teater,122,102,Methods,teater:102
letecké laserové skenování,irborne laser scanning survey,teater,123,102,Methods,teater:102
letecké snímkování,aerial photography,teater,126,102,Methods,teater:102
letecký průzkum,aerial surveying,teater,121,102,Methods,teater:102
magnetometr,magnetometer,teater,136,102,Methods,teater:102
magnetometrie,magnetometry,teater,135,102,Methods,teater:102
makrozbytková analýza,macro - residual analysis,teater,159,140,Methods,teater:140
malakozoologická analýza,malacozoological analysis,teater,158,140,Methods,teater:140
metalografická analýza,metallographic analysis,teater,160,140,Methods,teater:140
metalurgická analýza,metallurgical analysis,teater,161,140,Methods,teater:140
mikrosondáž,shovel test,teater,113,102,Methods,teater:102
mineralogická analýza,mineralogical analysis,teater,162,140,Methods,teater:140
málo destruktivní metoda,less destructive method,teater,111,102,Methods,teater:102
nedestruktivní metoda výzkumu,non-destructive method,teater,118,102,Methods,teater:102
neurónová aktivační analýza,neutron activation analysis,teater,163,140,Methods,teater:140
numismatická analýza,numismatic analysis,teater,164,140,Methods,teater:140
náhodný nález,chance find,teater,114,102,Methods,teater:102
nálezová správa,site report,teater,252,140,Methods,teater:140
odlitek,casting,teater,200,140,Methods,teater:140
ortofotomapa,orthophotomap,teater,125,102,Methods,teater:102
osteologická analýza,osteological analysis,teater,165,140,Methods,teater:140
paleoentomologická analýza,palaeoentomology,teater,166,140,Methods,teater:140
parazitologická diagnostika,parasitological diagnostics,teater,167,140,Methods,teater:140
pedologický výzkum,pedological research,teater,168,140,Methods,teater:140
petrografická analýza,petrological analysis,teater,169,140,Methods,teater:140
plošný odkryv,open area excavation,teater,105,102,Methods,teater:102
povrchový nález,surface find,teater,115,102,Methods,teater:102
povrchový sběr,fieldwalking survey,teater,116,102,Methods,teater:102
počítačová tomografie,computed tomography,teater,170,140,Methods,teater:140
pravděpodobnostní metoda,probabilistic methods,teater,281,140,Methods,teater:140
predikční model,predictive model,teater,282,140,Methods,teater:140
prostorová analýza,spatial analysis,teater,274,140,Methods,teater:140
prostorová statistika,spatial statistics,teater,283,140,Methods,teater:140
pylová analýza,pollen analysis,teater,171,140,Methods,teater:140
předstihový archeologický výzkum,development-led excavation,teater,106,102,Methods,teater:102
radiokarbonové datování,radiocarbon dating,teater,172,140,Methods,teater:140
relativní chronologie,relative chronology,teater,191,140,Methods,teater:140
rentgenová fluorescenční analýza,X-ray fluorescence analysis,teater,173,140,Methods,teater:140
replika,replica,teater,214,140,Methods,teater:140
restaurování,restoration,teater,217,140,Methods,teater:140
restaurování muzejních exponátů,restoration of museum exhibits,teater,218,140,Methods,teater:140
restaurování památek,antiquities restoration,teater,219,140,Methods,teater:140
restaurátorský průzkum,restoration research,teater,174,140,Methods,teater:140
revizní výzkum,revision excavation,teater,107,102,Methods,teater:102
satelitní navigační systém,satellite navigation system,teater,128,102,Methods,teater:102
satelitní snímek,satellite imaging,teater,131,102,Methods,teater:102
shluková analýza,cluster analysis,teater,284,140,Methods,teater:140
skenovací elektronová mikroskopie,scanning electron microscopy,teater,148,140,Methods,teater:140
sonda,test pit,teater,108,102,Methods,teater:102
spektrografická analýza,spectrograph analysis,teater,176,140,Methods,teater:140
spektrometrie,spectrometry,teater,177,140,Methods,teater:140
spektrometrie s indukčně vázaným plazmatem,inductively coupled plasma spectrometry,teater,185,140,Methods,teater:140
spektrální analýza,spectrum analysis,teater,175,140,Methods,teater:140
srovnávací metoda,comparative methods,teater,208,140,Methods,teater:140
statistická analýza,statistical analysis,teater,275,140,Methods,teater:140
statistické vzorkování,statistical sampling,teater,285,140,Methods,teater:140
stavebně-historický průzkum,constructional-historical research,teater,186,140,Methods,teater:140
stratigrafie,stratigraphy,teater,192,140,Methods,teater:140
sádrový odlitek,gypsum casting,teater,215,140,Methods,teater:140
technologický proces,chaine operatoire,teater,187,140,Methods,teater:140
teorie systémů,system theory,teater,286,140,Methods,teater:140
termografie,thermography,teater,127,102,Methods,teater:102
termoluminiscenční datování,thermoluminiscence dating,teater,188,140,Methods,teater:140
termometrie,thermometry,teater,137,102,Methods,teater:102
terénní archeologická dokumentace,field archaeological documentation,teater,201,140,Methods,teater:140
topografické mapování,topographical mapping,teater,139,102,Methods,teater:102
transmisní elektronová mikroskopie,transmission electron microscopy,teater,150,140,Methods,teater:140
trojrozměrné modelování,three-dimensional modelling,teater,202,140,Methods,teater:140
typologie,typology,teater,287,140,Methods,teater:140
vertikální stratigrafie,vertical stratigraphy,teater,194,140,Methods,teater:140
vertikální řez,vertical section,teater,117,102,Methods,teater:102
videozáznam,video recording,teater,203,140,Methods,teater:140
zjišťovací archeologický výzkum,evaluation excavation,teater,109,102,Methods,teater:102
záchranný výzkum (archeologie),rescue excavation,teater,110,102,Methods,teater:102
