source_lemma,target_translation,source,source_id,uri,scheme,broader,sort
1) teorie a přístupy,1) Theory and approaches,teater,1,https://teater.aiscr.cz/id/1,1,,
archeologie,archaeology,teater,2,https://teater.aiscr.cz/id/2,1,1,
dějiny archeologie,history of archaeology,teater,3,https://teater.aiscr.cz/id/3,1,1 2,
archeolog,archaeologist,teater,4,https://teater.aiscr.cz/id/4,1,1 2 3,
archeoložka,women archaeologist,teater,5,https://teater.aiscr.cz/id/5,1,1 2 3,
evolucionistická archeologie,evolutionary archaeology,teater,6,https://teater.aiscr.cz/id/6,1,1 2 3,
kulturně historická archeologie,cultural-historical archeology,teater,7,https://teater.aiscr.cz/id/7,1,1 2 3,
postprocesuální archeologie,post-processual archaeology,teater,8,https://teater.aiscr.cz/id/8,1,1 2 3,
procesuální archeologie,processual archaeology,teater,9,https://teater.aiscr.cz/id/9,1,1 2 3,
romantická archeologie,romantic archeology,teater,10,https://teater.aiscr.cz/id/10,1,1 2 3,
předmět bádání (archeologie),research subject,teater,11,https://teater.aiscr.cz/id/11,1,1 2,
společnost,society,teater,12,https://teater.aiscr.cz/id/12,1,1 2 11,
duchovní život,spiritual life,teater,13,https://teater.aiscr.cz/id/13,1,1 2 11 12,
hospodářské poměry,economic conditions,teater,14,https://teater.aiscr.cz/id/14,1,1 2 11 12,
společenské poměry,social conditions,teater,15,https://teater.aiscr.cz/id/15,1,1 2 11 12,
sociální struktura,social structure,teater,16,https://teater.aiscr.cz/id/16,1,1 2 11 12 15,
přístupy (archeologie),approaches,teater,17,https://teater.aiscr.cz/id/17,1,1 2,
subobory průřezové (tematické) (archeologie),cross-sectional subfields (thematic) (archeology),teater,18,https://teater.aiscr.cz/id/18,1,1 2 17,
amatérska archeologie,amateur archaeology,teater,19,https://teater.aiscr.cz/id/19,1,1 2 17 18,
archeogenetika,archaeogenetics,teater,20,https://teater.aiscr.cz/id/20,1,1 2 17 18,
archeologie skalních převisů,rockshelter archaeology,teater,21,https://teater.aiscr.cz/id/21,1,1 2 17 18,
archeometrie,archaeometry,teater,22,https://teater.aiscr.cz/id/22,1,1 2 17 18,
cirkevní archeologie,Christian archaeology,teater,23,https://teater.aiscr.cz/id/23,1,1 2 17 18,
environmentální archeologie,environmental archaeology,teater,24,https://teater.aiscr.cz/id/24,1,1 2 17 18,
experimentální archeologie,experimental archaeology,teater,25,https://teater.aiscr.cz/id/25,1,1 2 17 18,
geoarcheologie,geoarchaeology,teater,26,https://teater.aiscr.cz/id/26,1,1 2 17 18,
kastelologie,castellology,teater,27,https://teater.aiscr.cz/id/27,1,1 2 17 18,
kognitivní archeologie,cognitive archaeology,teater,28,https://teater.aiscr.cz/id/28,1,1 2 17 18,
krajinná archeologie,landscape archaeology,teater,29,https://teater.aiscr.cz/id/29,1,1 2 17 18,
letecká archeologie,aerial archaeology,teater,30,https://teater.aiscr.cz/id/30,1,1 2 17 18,
montánní archeologie,mining archaeology,teater,31,https://teater.aiscr.cz/id/31,1,1 2 17 18,
nedestruktivní archeologie,non-destructive archaeology,teater,32,https://teater.aiscr.cz/id/32,1,1 2 17 18,
podmořská archeologie,maritime archaeology,teater,33,https://teater.aiscr.cz/id/33,1,1 2 17 18,
podvodní archeologie,underwater archaeology,teater,34,https://teater.aiscr.cz/id/34,1,1 2 17 18,
prostorová archeologie,spatial archaeology,teater,35,https://teater.aiscr.cz/id/35,1,1 2 17 18,
průmyslová archeologie,industrial archaeology,teater,36,https://teater.aiscr.cz/id/36,1,1 2 17 18,
říční archeologie,river archaeology,teater,37,https://teater.aiscr.cz/id/37,1,1 2 17 18,
sídelní archeologie,settlement archaeology,teater,38,https://teater.aiscr.cz/id/38,1,1 2 17 18,
speleoarcheologie,speleoarchaeology,teater,39,https://teater.aiscr.cz/id/39,1,1 2 17 18,
trasologie,traceology,teater,40,https://teater.aiscr.cz/id/40,1,1 2 17 18,
"subobory systémové (chronologické, historické) (archeologie)","system subfields (chronological, historical) (archeology)",teater,41,https://teater.aiscr.cz/id/41,1,1 2 17,
archeologie starověku,ancient archeology,teater,42,https://teater.aiscr.cz/id/42,1,1 2 17 41,
archeologie středověku,medieval archaeology,teater,43,https://teater.aiscr.cz/id/43,1,1 2 17 41,
biblická archeologie,biblical archaeology,teater,44,https://teater.aiscr.cz/id/44,1,1 2 17 41,
germánská archeologie,Germanic archeology,teater,45,https://teater.aiscr.cz/id/45,1,1 2 17 41,
historická archeologie,historical archaeology,teater,46,https://teater.aiscr.cz/id/46,1,1 2 17 41,
klasická archeologie,classical archaeology,teater,47,https://teater.aiscr.cz/id/47,1,1 2 17 41,
prehistorická archeologie,prehistoric archaeology,teater,48,https://teater.aiscr.cz/id/48,1,1 2 17 41,
římská archeologie,Roman archaeology,teater,49,https://teater.aiscr.cz/id/49,1,1 2 17 41,
slovanská archeologie,Slavic archaeology,teater,50,https://teater.aiscr.cz/id/50,1,1 2 17 41,
teorie - terminologie (archeologie),theory - terminology (archaeology),teater,51,https://teater.aiscr.cz/id/51,1,1 2,
abraze,abrasion,teater,52,https://teater.aiscr.cz/id/52,1,1 2 51,
archeologická data,archaeological data,teater,53,https://teater.aiscr.cz/id/53,1,1 2 51,
archeologická kultura,archaeological culture,teater,54,https://teater.aiscr.cz/id/54,1,1 2 51,
archeologická lokalita,archaeological site,teater,55,https://teater.aiscr.cz/id/55,1,1 2 51,
archeologický nález,archaeological find,teater,56,https://teater.aiscr.cz/id/56,1,1 2 51,
archeologický pramen,archaeological source,teater,57,https://teater.aiscr.cz/id/57,1,1 2 51,
artefakt,artefact,teater,58,https://teater.aiscr.cz/id/58,1,1 2 51 57,
ekofakt,ecofact,teater,59,https://teater.aiscr.cz/id/59,1,1 2 51 57,
falzifikát,forgery,teater,60,https://teater.aiscr.cz/id/60,1,1 2 51 57,
přírodní fakt,biofact,teater,61,https://teater.aiscr.cz/id/61,1,1 2 51 57,
archeologická transformace,archaeological transformation,teater,62,https://teater.aiscr.cz/id/62,1,1 2 51,
kvantitativní transformace,quantitative transformation,teater,63,https://teater.aiscr.cz/id/63,1,1 2 51 62,
fragmentarizace (archeologická transformace),fragmentarization (archaeological transformation),teater,64,https://teater.aiscr.cz/id/64,1,1 2 51 62 63,
redukce (archeologická transformace),reduction (archaeological transformation),teater,65,https://teater.aiscr.cz/id/65,1,1 2 51 62 63,
postdepoziční transformace,post-depositional transformation,teater,66,https://teater.aiscr.cz/id/66,1,1 2 51 62,
predepoziční transformace,pre-depositional transformation,teater,67,https://teater.aiscr.cz/id/67,1,1 2 51 62,
archeologický kontext,archaeological context,teater,68,https://teater.aiscr.cz/id/68,1,1 2 51,
horizont (archeologie),horizon (archaeology),teater,69,https://teater.aiscr.cz/id/69,1,1 2 51,
import,import,teater,70,https://teater.aiscr.cz/id/70,1,1 2 51,
industrie,industry,teater,71,https://teater.aiscr.cz/id/71,1,1 2 51,
intruze,intrusion,teater,72,https://teater.aiscr.cz/id/72,1,1 2 51,
věda - obecná hesla,science - general entries,teater,73,https://teater.aiscr.cz/id/73,1,1,
databáze,database,teater,74,https://teater.aiscr.cz/id/74,1,1 73,
asep (databáze),ASEP (database),teater,75,https://teater.aiscr.cz/id/75,1,1 73 74,
diskurzivní analýza,discourse analysis,teater,76,https://teater.aiscr.cz/id/76,1,1 73,
názorný model,visual model,teater,77,https://teater.aiscr.cz/id/77,1,1 73,
paradigma vědy,paradigma of science,teater,78,https://teater.aiscr.cz/id/78,1,1 73,
popularizace vědy,popularization of science,teater,79,https://teater.aiscr.cz/id/79,1,1 73,
poststrukturalismus,post-structuralism,teater,80,https://teater.aiscr.cz/id/80,1,1 73,
strukturalismus,structuralism,teater,81,https://teater.aiscr.cz/id/81,1,1 73,
struktura,structure,teater,82,https://teater.aiscr.cz/id/82,1,1 73 81,
symbol,symbol,teater,83,https://teater.aiscr.cz/id/83,1,1 73,
sympozium,symposium,teater,84,https://teater.aiscr.cz/id/84,1,1 73,
terminologie,terminology,teater,85,https://teater.aiscr.cz/id/85,1,1 73,
oborová terminologie,terminology (professional),teater,86,https://teater.aiscr.cz/id/86,1,1 73 85,
vědecká metodologie,scientific methodology,teater,87,https://teater.aiscr.cz/id/87,1,1 73,
analýza,analysis,teater,88,https://teater.aiscr.cz/id/88,1,1 73 87,
kontextuální analýza,contextual analysis,teater,89,https://teater.aiscr.cz/id/89,1,1 73 87 88,
heuristika,heuristic,teater,90,https://teater.aiscr.cz/id/90,1,1 73 87,
kritika (vědecká metodologie),critics (scientific methodology),teater,91,https://teater.aiscr.cz/id/91,1,1 73 87,
syntéza (vědecká metodologie),synthesis (scientific methodology),teater,92,https://teater.aiscr.cz/id/92,1,1 73 87,
vědecká teorie,scientific theory,teater,93,https://teater.aiscr.cz/id/93,1,1 73,
vědecký časopis,scientific journal,teater,94,https://teater.aiscr.cz/id/94,1,1 73,
vědecká informace,scientific information,teater,95,https://teater.aiscr.cz/id/95,1,1 73,
vědecké instituce a organizace,scientific institutions and organizations,teater,96,https://teater.aiscr.cz/id/96,1,1 73,
vědecký omyl,scientific error,teater,97,https://teater.aiscr.cz/id/97,1,1 73,
vědecký podvod,scientific falsification,teater,98,https://teater.aiscr.cz/id/98,1,1 73,
vědecký program,scientific program,teater,99,https://teater.aiscr.cz/id/99,1,1 73,
vědecká publikace,scientific publication,teater,100,https://teater.aiscr.cz/id/100,1,1 73,
vědní politika,scientific policy,teater,101,https://teater.aiscr.cz/id/101,1,1 73,
2) terénní metody,2) Field methods,teater,102,https://teater.aiscr.cz/id/102,102,,
archeologické výzkumy,archaeological research,teater,103,https://teater.aiscr.cz/id/103,102,102,
destruktivní metoda výzkumu,destructive method,teater,104,https://teater.aiscr.cz/id/104,102,102 103,
plošný odkryv,open area excavation,teater,105,https://teater.aiscr.cz/id/105,102,102 103 104,
předstihový archeologický výzkum,development-led excavation,teater,106,https://teater.aiscr.cz/id/106,102,102 103 104,
revizní výzkum,revision excavation,teater,107,https://teater.aiscr.cz/id/107,102,102 103 104,
sonda,test pit,teater,108,https://teater.aiscr.cz/id/108,102,102 103 104,
zjišťovací archeologický výzkum,evaluation excavation,teater,109,https://teater.aiscr.cz/id/109,102,102 103 104,
záchranný výzkum (archeologie),rescue excavation,teater,110,https://teater.aiscr.cz/id/110,102,102 103 104,
málo destruktivní metoda,less destructive method,teater,111,https://teater.aiscr.cz/id/111,102,102 103,
detekce kovů,metal detection,teater,112,https://teater.aiscr.cz/id/112,102,102 103 111,
mikrosondáž,shovel test,teater,113,https://teater.aiscr.cz/id/113,102,102 103 111,
náhodný nález,chance find,teater,114,https://teater.aiscr.cz/id/114,102,102 103 111,
povrchový nález,surface find,teater,115,https://teater.aiscr.cz/id/115,102,102 103 111,
povrchový sběr,fieldwalking survey,teater,116,https://teater.aiscr.cz/id/116,102,102 103 111,
vertikální řez,vertical section,teater,117,https://teater.aiscr.cz/id/117,102,102 103 111,
nedestruktivní metoda výzkumu,non-destructive method,teater,118,https://teater.aiscr.cz/id/118,102,102 103,
dálkový průzkum země,remote sensing,teater,119,https://teater.aiscr.cz/id/119,102,102 103 118,
družicová geodezie,satellite geodesy,teater,120,https://teater.aiscr.cz/id/120,102,102 103 118 119,
letecký průzkum,aerial surveying,teater,121,https://teater.aiscr.cz/id/121,102,102 103 118 119,
letecká fotogrammetrie,aerial photogrammetry,teater,122,https://teater.aiscr.cz/id/122,102,102 103 118 119 121,
letecké laserové skenování,irborne laser scanning survey,teater,123,https://teater.aiscr.cz/id/123,102,102 103 118 119 121 122,
digitální model terénu,digital elevation model,teater,124,https://teater.aiscr.cz/id/124,102,102 103 118 119 121 122 123,
ortofotomapa,orthophotomap,teater,125,https://teater.aiscr.cz/id/125,102,102 103 118 119 121 122,
letecké snímkování,aerial photography,teater,126,https://teater.aiscr.cz/id/126,102,102 103 118 119 121,
termografie,thermography,teater,127,https://teater.aiscr.cz/id/127,102,102 103 118 119 121,
satelitní navigační systém,satellite navigation system,teater,128,https://teater.aiscr.cz/id/128,102,102 103 118 119,
galileo (navigační systém),Galileo (navigation system),teater,129,https://teater.aiscr.cz/id/129,102,102 103 118 119 128,
gps (navigační systém),global positioning system,teater,130,https://teater.aiscr.cz/id/130,102,102 103 118 119 128,
satelitní snímek,satellite imaging,teater,131,https://teater.aiscr.cz/id/131,102,102 103 118 119,
geofyzikální průzkum,geophysical survey,teater,132,https://teater.aiscr.cz/id/132,102,102 103 118,
geoelektrický průzkum,electric prospecting,teater,133,https://teater.aiscr.cz/id/133,102,102 103 118 132,
gravimetrie,gravimetry,teater,134,https://teater.aiscr.cz/id/134,102,102 103 118 132,
magnetometrie,magnetometry,teater,135,https://teater.aiscr.cz/id/135,102,102 103 118 132,
magnetometr,magnetometer,teater,136,https://teater.aiscr.cz/id/136,102,102 103 118 132 135,
termometrie,thermometry,teater,137,https://teater.aiscr.cz/id/137,102,102 103 118 132,
geochemická metoda,geochemical prospecting method,teater,138,https://teater.aiscr.cz/id/138,102,102 103 118,
topografické mapování,topographical mapping,teater,139,https://teater.aiscr.cz/id/139,102,102 103 118,
3) metody zpracování,3) Processing methods,teater,140,https://teater.aiscr.cz/id/140,140,,
"analýzy, posudky (metody spracování)","analyses, reviews (processing methods)",teater,141,https://teater.aiscr.cz/id/141,140,140,
antrakologická analýza,anthracological analysis,teater,142,https://teater.aiscr.cz/id/142,140,140 141,
antropologický výzkum,anthropological research,teater,143,https://teater.aiscr.cz/id/143,140,140 141,
archeogenetická analýza,archaeogenetic analysis,teater,144,https://teater.aiscr.cz/id/144,140,140 141,
dendrochronologická analýza,tree-ring analysis,teater,145,https://teater.aiscr.cz/id/145,140,140 141,
diatomární analýza,diatom analysis,teater,146,https://teater.aiscr.cz/id/146,140,140 141,
elektronová mikroskopie,electron microscopy,teater,147,https://teater.aiscr.cz/id/147,140,140 141,
skenovací elektronová mikroskopie,scanning electron microscopy,teater,148,https://teater.aiscr.cz/id/148,140,140 141 147,
environmentální skenovací elektronová mikroskopie,environmental scanning electron microscopy,teater,149,https://teater.aiscr.cz/id/149,140,140 141 147 148,
transmisní elektronová mikroskopie,transmission electron microscopy,teater,150,https://teater.aiscr.cz/id/150,140,140 141 147 148,
fosfátová analýza,phosphate analysis,teater,151,https://teater.aiscr.cz/id/151,140,140 141,
fytolitová analýza,phytolith analysis,teater,152,https://teater.aiscr.cz/id/152,140,140 141,
geoarcheologická analýza,geoarchaeological analysis,teater,153,https://teater.aiscr.cz/id/153,140,140 141,
geologický výzkum,geological research,teater,154,https://teater.aiscr.cz/id/154,140,140 141,
chemická analýza,chemical analysis,teater,155,https://teater.aiscr.cz/id/155,140,140 141,
chromatografická analýza,chromatographic analysis,teater,156,https://teater.aiscr.cz/id/156,140,140 141,
izotopový výzkum,isotopic analysis,teater,157,https://teater.aiscr.cz/id/157,140,140 141,
malakozoologická analýza,malacozoological analysis,teater,158,https://teater.aiscr.cz/id/158,140,140 141,
makrozbytková analýza,macro - residual analysis,teater,159,https://teater.aiscr.cz/id/159,140,140 141,
metalografická analýza,metallographic analysis,teater,160,https://teater.aiscr.cz/id/160,140,140 141,
metalurgická analýza,metallurgical analysis,teater,161,https://teater.aiscr.cz/id/161,140,140 141,
mineralogická analýza,mineralogical analysis,teater,162,https://teater.aiscr.cz/id/162,140,140 141,
neurónová aktivační analýza,neutron activation analysis,teater,163,https://teater.aiscr.cz/id/163,140,140 141,
numismatická analýza,numismatic analysis,teater,164,https://teater.aiscr.cz/id/164,140,140 141,
osteologická analýza,osteological analysis,teater,165,https://teater.aiscr.cz/id/165,140,140 141,
paleoentomologická analýza,palaeoentomology,teater,166,https://teater.aiscr.cz/id/166,140,140 141,
parazitologická diagnostika,parasitological diagnostics,teater,167,https://teater.aiscr.cz/id/167,140,140 141,
pedologický výzkum,pedological research,teater,168,https://teater.aiscr.cz/id/168,140,140 141,
petrografická analýza,petrological analysis,teater,169,https://teater.aiscr.cz/id/169,140,140 141,
počítačová tomografie,computed tomography,teater,170,https://teater.aiscr.cz/id/170,140,140 141,
pylová analýza,pollen analysis,teater,171,https://teater.aiscr.cz/id/171,140,140 141,
radiokarbonové datování,radiocarbon dating,teater,172,https://teater.aiscr.cz/id/172,140,140 141,
rentgenová fluorescenční analýza,X-ray fluorescence analysis,teater,173,https://teater.aiscr.cz/id/173,140,140 141,
restaurátorský průzkum,restoration research,teater,174,https://teater.aiscr.cz/id/174,140,140 141,
spektrální analýza,spectrum analysis,teater,175,https://teater.aiscr.cz/id/175,140,140 141,
spektrografická analýza,spectrograph analysis,teater,176,https://teater.aiscr.cz/id/176,140,140 141,
spektrometrie,spectrometry,teater,177,https://teater.aiscr.cz/id/177,140,140 141,
atomová absorbční spektrometrie,atomic absorption spectroscopy,teater,178,https://teater.aiscr.cz/id/178,140,140 141 177,
atomová emisní spektrometrie,atomic emission spectroscopy,teater,179,https://teater.aiscr.cz/id/179,140,140 141 177,
hmotnostní spektrometrie,mass spectrometry,teater,180,https://teater.aiscr.cz/id/180,140,140 141 177,
hmotnostní spektrometrie s indukčně vázaným plazmatem,inductively coupled plasma mass spectrometry,teater,181,https://teater.aiscr.cz/id/181,140,140 141 177,
hmotnostní spektrometrie s indukčně vázaným plazmatem a laserovou ablací,inductively coupled plasma mass spectrometry with laser ablation,teater,182,https://teater.aiscr.cz/id/182,140,140 141 177,
infračervená spektroskopie,infrared spectroscopy,teater,183,https://teater.aiscr.cz/id/183,140,140 141 177,
ramanova spektrometrie,Raman spectroscopy,teater,184,https://teater.aiscr.cz/id/184,140,140 141 177,
spektrometrie s indukčně vázaným plazmatem,inductively coupled plasma spectrometry,teater,185,https://teater.aiscr.cz/id/185,140,140 141 177,
stavebně-historický průzkum,constructional-historical research,teater,186,https://teater.aiscr.cz/id/186,140,140 141,
technologický proces,chaine operatoire,teater,187,https://teater.aiscr.cz/id/187,140,140 141,
termoluminiscenční datování,thermoluminiscence dating,teater,188,https://teater.aiscr.cz/id/188,140,140 141,
archeologické datování,archaeological dating,teater,189,https://teater.aiscr.cz/id/189,140,140,
absolutní chronologie,absolute chronology,teater,190,https://teater.aiscr.cz/id/190,140,140 189,
relativní chronologie,relative chronology,teater,191,https://teater.aiscr.cz/id/191,140,140 189,
stratigrafie,stratigraphy,teater,192,https://teater.aiscr.cz/id/192,140,140 189 191,
horizontální stratigrafie,horizontal stratigraphy,teater,193,https://teater.aiscr.cz/id/193,140,140 189 191 192,
vertikální stratigrafie,vertical stratigraphy,teater,194,https://teater.aiscr.cz/id/194,140,140 189 191 192,
dokumentace,documentation,teater,195,https://teater.aiscr.cz/id/195,140,140,
fotografická dokumentace,photodocumentation,teater,196,https://teater.aiscr.cz/id/196,140,140 195,
geografické informační systémy,geographic information systems,teater,197,https://teater.aiscr.cz/id/197,140,140 195,
archeologická mapa,archaeological map,teater,198,https://teater.aiscr.cz/id/198,140,140 195 197,
kresebná dokumentace,drawn documentation,teater,199,https://teater.aiscr.cz/id/199,140,140 195,
odlitek,casting,teater,200,https://teater.aiscr.cz/id/200,140,140 195,
terénní archeologická dokumentace,field archaeological documentation,teater,201,https://teater.aiscr.cz/id/201,140,140 195,
trojrozměrné modelování,three-dimensional modelling,teater,202,https://teater.aiscr.cz/id/202,140,140 195,
videozáznam,video recording,teater,203,https://teater.aiscr.cz/id/203,140,140 195,
kategorizace a klasifikace,categorization and classification,teater,204,https://teater.aiscr.cz/id/204,140,140,
archeologická klasifikace,archaeological classification,teater,205,https://teater.aiscr.cz/id/205,140,140 204,
komparativní výzkum,comparative research,teater,206,https://teater.aiscr.cz/id/206,140,140,
analogie,analogy,teater,207,https://teater.aiscr.cz/id/207,140,140 206,
srovnávací metoda,comparative methods,teater,208,https://teater.aiscr.cz/id/208,140,140 206,
konzervátorsko-restaurátorské metody,conservation-restoration methods,teater,209,https://teater.aiscr.cz/id/209,140,140,
konzervace,conservation,teater,210,https://teater.aiscr.cz/id/210,140,140 209,
konzervování muzejních exponátů,conservation of museum exhibits,teater,211,https://teater.aiscr.cz/id/211,140,140 209 210,
konzervování památek,antiquities conservation,teater,212,https://teater.aiscr.cz/id/212,140,140 209 210,
kopie,facsimile,teater,213,https://teater.aiscr.cz/id/213,140,140 209,
replika,replica,teater,214,https://teater.aiscr.cz/id/214,140,140 209 213,
sádrový odlitek,gypsum casting,teater,215,https://teater.aiscr.cz/id/215,140,140 209 213,
koroze,corrosion,teater,216,https://teater.aiscr.cz/id/216,140,140 209,
restaurování,restoration,teater,217,https://teater.aiscr.cz/id/217,140,140 209,
restaurování muzejních exponátů,restoration of museum exhibits,teater,218,https://teater.aiscr.cz/id/218,140,140 209 217,
restaurování památek,antiquities restoration,teater,219,https://teater.aiscr.cz/id/219,140,140 209 217,
muzeum,museum,teater,220,https://teater.aiscr.cz/id/220,140,140,
činnosti muzeí,activities of museums,teater,221,https://teater.aiscr.cz/id/221,140,140 220,
muzejní sbírky,museum collection,teater,222,https://teater.aiscr.cz/id/222,140,140 220 221,
archeologická sbírka,archaeological collection,teater,223,https://teater.aiscr.cz/id/223,140,140 220 221 222,
botanická sbírka,plant collection,teater,224,https://teater.aiscr.cz/id/224,140,140 220 221 222,
etnografická sbírka,ethnological collection,teater,225,https://teater.aiscr.cz/id/225,140,140 220 221 222,
geologická sbírka,geological collection,teater,226,https://teater.aiscr.cz/id/226,140,140 220 221 222,
kurátorství sbírek,collection curatorship,teater,227,https://teater.aiscr.cz/id/227,140,140 220 221 222,
mineralogická sbírka,mineral collection,teater,228,https://teater.aiscr.cz/id/228,140,140 220 221 222,
muzejní dokumentace,museum documentation,teater,229,https://teater.aiscr.cz/id/229,140,140 220 221 222,
numismatická sbírka,numismatic collection,teater,230,https://teater.aiscr.cz/id/230,140,140 220 221 222,
paleontologická sbírka,paleontological collection,teater,231,https://teater.aiscr.cz/id/231,140,140 220 221 222,
přírodovědná sbírka,natural history collection,teater,232,https://teater.aiscr.cz/id/232,140,140 220 221 222,
sbírkotvorná činnost,collection of specimens,teater,233,https://teater.aiscr.cz/id/233,140,140 220 221 222,
doplňování muzejních sbírek,museum collections acquisition,teater,234,https://teater.aiscr.cz/id/234,140,140 220 221 222 233,
evidence sbírkových předmětů,regisry of collection objects,teater,235,https://teater.aiscr.cz/id/235,140,140 220 221 222 233,
sbírkový předmět,collection’s objects,teater,236,https://teater.aiscr.cz/id/236,140,140 220 221 222 233,
umělecká sbírka,art collection,teater,237,https://teater.aiscr.cz/id/237,140,140 220 221 222,
zoologická sbírka,zoological collection,teater,238,https://teater.aiscr.cz/id/238,140,140 220 221 222,
muzejní výstava,museum exhibitions,teater,239,https://teater.aiscr.cz/id/239,140,140 220 221,
stálá expozice,permanent exhibitions,teater,240,https://teater.aiscr.cz/id/240,140,140 220 221 239,
kurátorství výstav,exhibition curatorship,teater,241,https://teater.aiscr.cz/id/241,140,140 220 221 239,
druhy muzeí,types of museums,teater,242,https://teater.aiscr.cz/id/242,140,140 220,
archeologické muzeum,archaeological museum,teater,243,https://teater.aiscr.cz/id/243,140,140 220 242,
etnografické muzeum,ethnological museum,teater,244,https://teater.aiscr.cz/id/244,140,140 220 242,
historické muzeum,historical museum,teater,245,https://teater.aiscr.cz/id/245,140,140 220 242,
hornické muzeum,mining museum,teater,246,https://teater.aiscr.cz/id/246,140,140 220 242,
regionální muzeum,regional museum,teater,247,https://teater.aiscr.cz/id/247,140,140 220 242,
skanzen,open-air museum,teater,248,https://teater.aiscr.cz/id/248,140,140 220 242,
uměleckoprůmyslové muzeum,museums of decorative arts,teater,249,https://teater.aiscr.cz/id/249,140,140 220 242,
muzejní společnost,museum society,teater,250,https://teater.aiscr.cz/id/250,140,140 220,
muzejní spolek,museum association,teater,251,https://teater.aiscr.cz/id/251,140,140 220,
nálezová správa,site report,teater,252,https://teater.aiscr.cz/id/252,140,140,
památková péče,historic preservation,teater,253,https://teater.aiscr.cz/id/253,140,140,
archeoskanzen,archaeological open-air museum,teater,254,https://teater.aiscr.cz/id/254,140,140 253,
objekty (památková péče),objects (historic preservation),teater,255,https://teater.aiscr.cz/id/255,140,140 253,
archeologické dědicství,archaeological heritage,teater,256,https://teater.aiscr.cz/id/256,140,140 253 255,
mezinárodní smlouva,international treaty,teater,257,https://teater.aiscr.cz/id/257,140,140 253 255 256,
stavební právo,building law,teater,258,https://teater.aiscr.cz/id/258,140,140 253 255 256,
archeologická památka,archaeological monument,teater,259,https://teater.aiscr.cz/id/259,140,140 253 255,
kulturní památka,cultural monument,teater,260,https://teater.aiscr.cz/id/260,140,140 253 255,
městské historické centrum,historical town centre,teater,261,https://teater.aiscr.cz/id/261,140,140 253 255,
městská památková rezervace,urban monument reserve,teater,262,https://teater.aiscr.cz/id/262,140,140 253 255,
národní kulturní památka,national cultural monument,teater,263,https://teater.aiscr.cz/id/263,140,140 253 255,
památkový objekt,listed monument,teater,264,https://teater.aiscr.cz/id/264,140,140 253 255,
památkově chráněné území,historically preserved area,teater,265,https://teater.aiscr.cz/id/265,140,140 253 255,
umělecká památka,artistic monument,teater,266,https://teater.aiscr.cz/id/266,140,140 253 255,
památkář,preservationist,teater,267,https://teater.aiscr.cz/id/267,140,140 253,
památkářka,woman preservationist,teater,268,https://teater.aiscr.cz/id/268,140,140 253,
památkový ústav,heritage institute,teater,269,https://teater.aiscr.cz/id/269,140,140 253,
předmět (památková péče),object (historic preservation),teater,270,https://teater.aiscr.cz/id/270,140,140 253,
obnova a rekonstrukce památek,renewal and reconstruction of monuments,teater,271,https://teater.aiscr.cz/id/271,140,140 253 270,
ochrana památek,protection of monuments,teater,272,https://teater.aiscr.cz/id/272,140,140 253 270,
rekonstrukce staveb,reconstruction of buildings,teater,273,https://teater.aiscr.cz/id/273,140,140 253 270,
prostorová analýza,spatial analysis,teater,274,https://teater.aiscr.cz/id/274,140,140,
statistická analýza,statistical analysis,teater,275,https://teater.aiscr.cz/id/275,140,140,
analýza hlavních komponent,principal components analysis,teater,276,https://teater.aiscr.cz/id/276,140,140 275,
analýza rozptylu,analysis of variance,teater,277,https://teater.aiscr.cz/id/277,140,140 275,
diskriminační analýza,discriminant analysis,teater,278,https://teater.aiscr.cz/id/278,140,140 275,
faktorová analýza,factor analysis,teater,279,https://teater.aiscr.cz/id/279,140,140 275,
korespondeční analýza,correspondence analysis,teater,280,https://teater.aiscr.cz/id/280,140,140 275,
pravděpodobnostní metoda,probabilistic methods,teater,281,https://teater.aiscr.cz/id/281,140,140 275,
predikční model,predictive model,teater,282,https://teater.aiscr.cz/id/282,140,140 275,
prostorová statistika,spatial statistics,teater,283,https://teater.aiscr.cz/id/283,140,140 275,
shluková analýza,cluster analysis,teater,284,https://teater.aiscr.cz/id/284,140,140 275,
statistické vzorkování,statistical sampling,teater,285,https://teater.aiscr.cz/id/285,140,140 275,
teorie systémů,system theory,teater,286,https://teater.aiscr.cz/id/286,140,140 275,
typologie,typology,teater,287,https://teater.aiscr.cz/id/287,140,140,
4) hraniční obory a přidružené obory,4) Cross-border and related disciplines,teater,288,https://teater.aiscr.cz/id/288,288,,
hraniční obory,cross-bordering disciplines,teater,289,https://teater.aiscr.cz/id/289,288,288,
archeoastronomie,archaeoastronomy,teater,290,https://teater.aiscr.cz/id/290,288,288 289,
archeobiologie,archaeobiology,teater,291,https://teater.aiscr.cz/id/291,288,288 289,
archeobotanika,archaeobotany,teater,292,https://teater.aiscr.cz/id/292,288,288 289 291,
"metody, analýzy (archeobotanika)","methods, analyses (archaeobotany)",teater,293,https://teater.aiscr.cz/id/293,288,288 289 291 292,
dendrochronologie,dendrochronology,teater,294,https://teater.aiscr.cz/id/294,288,288 289 291 292 293,
letokruh,tree ring,teater,295,https://teater.aiscr.cz/id/295,288,288 289 291 292 293 294,
palynologie,palynology,teater,296,https://teater.aiscr.cz/id/296,288,288 289 291 292 293,
objekt (archeobotanika),object (archaeobotany),teater,297,https://teater.aiscr.cz/id/297,288,288 289 291 292,
fytolit,phytolith,teater,298,https://teater.aiscr.cz/id/298,288,288 289 291 292 297,
předmět (archeobotanika),subject (archaeobotany),teater,299,https://teater.aiscr.cz/id/299,288,288 289 291 292,
rostlina,plant,teater,300,https://teater.aiscr.cz/id/300,288,288 289 291 292 299,
archeozoologie,archaeozoology,teater,301,https://teater.aiscr.cz/id/301,288,288 289 291,
domácí zvíře,domestic animal,teater,302,https://teater.aiscr.cz/id/302,288,288 289 291 301,
domestifikace živočichů,animal domestication,teater,303,https://teater.aiscr.cz/id/303,288,288 289 291 301,
chov hospodářských zvířat,livestock keeping,teater,304,https://teater.aiscr.cz/id/304,288,288 289 291 301,
malé hospodářské zvíře,small livestock,teater,305,https://teater.aiscr.cz/id/305,288,288 289 291 301 304,
porážka zvířat,slaughter,teater,306,https://teater.aiscr.cz/id/306,288,288 289 291 301 304,
velké hospodářské zvíře,big livestock,teater,307,https://teater.aiscr.cz/id/307,288,288 289 291 301 304,
lovná zvěř,game,teater,308,https://teater.aiscr.cz/id/308,288,288 289 291 301,
malakologie,malacology,teater,309,https://teater.aiscr.cz/id/309,288,288 289 291 301,
konchologie,conchology,teater,310,https://teater.aiscr.cz/id/310,288,288 289 291 301 309,
sexuální dimorfismus,sexual dimorphism,teater,311,https://teater.aiscr.cz/id/311,288,288 289 291 301,
archeometalurgie,archaeometallurgy,teater,312,https://teater.aiscr.cz/id/312,288,288 289,
dějiny metalurgie,history of metallurgy,teater,313,https://teater.aiscr.cz/id/313,288,288 289 312,
metalografie,metallography,teater,314,https://teater.aiscr.cz/id/314,288,288 289 312,
metalurgie,metallurgy,teater,315,https://teater.aiscr.cz/id/315,288,288 289 312,
etnoarcheologie,ethnoarchaeology,teater,316,https://teater.aiscr.cz/id/316,288,288 289,
geoarcheologie,geoarchaeology,teater,317,https://teater.aiscr.cz/id/317,288,288 289,
paleontologie,paleontology,teater,318,https://teater.aiscr.cz/id/318,288,288 289,
objekt (paleontologie),object (palaeontology),teater,319,https://teater.aiscr.cz/id/319,288,288 289 318,
fosilie,fossil,teater,320,https://teater.aiscr.cz/id/320,288,288 289 318 319,
subobor (paleontologie),subfield (palaentology),teater,321,https://teater.aiscr.cz/id/321,288,288 289 318,
tafonomie,taphonomy,teater,322,https://teater.aiscr.cz/id/322,288,288 289 318 321,
paleoantropologie,paleoanthropology,teater,323,https://teater.aiscr.cz/id/323,288,288 352 353 392,
paleodermatoglyfika,paleodermatoglyphics,teater,324,https://teater.aiscr.cz/id/324,288,288 289 318 321,
paleobiogeografie,paleobiogeography,teater,325,https://teater.aiscr.cz/id/325,288,288 289 318 321,
paleobiologie,paleobiology,teater,326,https://teater.aiscr.cz/id/326,288,288 289 318 321,
evoluční paleobiologie,evolutionary paleobiology,teater,327,https://teater.aiscr.cz/id/327,288,288 289 318 321 326,
paleobotanika,paleobotany,teater,328,https://teater.aiscr.cz/id/328,288,288 289 318 321 326,
fosilní pyl,fossil pollen,teater,329,https://teater.aiscr.cz/id/329,288,288 289 318 321 326 328,
subobor (paleobotanika),subfield (palaeobotany),teater,330,https://teater.aiscr.cz/id/330,288,288 289 318 321 326 328,
obecná paleobotanika,general paleobotany,teater,331,https://teater.aiscr.cz/id/331,288,288 289 318 321 326 328 330,
systematická paleobotanika,systematic paleobotany,teater,332,https://teater.aiscr.cz/id/332,288,288 289 318 321 326 328 330,
paleozoologie,zoopaleontology,teater,333,https://teater.aiscr.cz/id/333,288,288 289 318 321 326,
fosilní živočich,fossil animal,teater,334,https://teater.aiscr.cz/id/334,288,288 289 318 321 326 333,
fosilní červ,fossil worm,teater,335,https://teater.aiscr.cz/id/335,288,288 289 318 321 326 333 334,
fosilní hmyz,fossil insect,teater,336,https://teater.aiscr.cz/id/336,288,288 289 318 321 326 333 334,
fosilní savec,fossil mammal,teater,337,https://teater.aiscr.cz/id/337,288,288 289 318 321 326 333 334,
fosilní spóra,fossil spore,teater,338,https://teater.aiscr.cz/id/338,288,288 289 318 321 326 333 334,
mikrofosilie,microfossil,teater,339,https://teater.aiscr.cz/id/339,288,288 289 318 321 326 333 334,
subobor (paleozoologie),subfield (paleozoology),teater,340,https://teater.aiscr.cz/id/340,288,288 289 318 321 326 333,
obecná paleozoologie,general paleozoology,teater,341,https://teater.aiscr.cz/id/341,288,288 289 318 321 326 333 340,
paleozoogeografie,paleozoogeography,teater,342,https://teater.aiscr.cz/id/342,288,288 289 318 321 326 333 340,
systematická paleozoologie,systematic zoopaleontology,teater,343,https://teater.aiscr.cz/id/343,288,288 289 318 321 326 333 340,
paleodemografie,palaeodemography,teater,344,https://teater.aiscr.cz/id/344,288,288 289 318 321,
paleoekologie,paleoecology,teater,345,https://teater.aiscr.cz/id/345,288,288 289 318 321,
paleogeografie,paleogeography,teater,346,https://teater.aiscr.cz/id/346,288,288 289 318 321,
paleoklimatologie,paleoclimatology,teater,347,https://teater.aiscr.cz/id/347,288,288 289 318 321,
paleopatologie,paleopathology,teater,348,https://teater.aiscr.cz/id/348,288,288 289 318 321,
paleopedologie,palaeopedology,teater,349,https://teater.aiscr.cz/id/349,288,288 289 318 321,
paleopůda,paleosol,teater,350,https://teater.aiscr.cz/id/350,288,288 289 318 321 349,
petroarcheologie,petroarchaeology,teater,351,https://teater.aiscr.cz/id/351,288,288 289,
příbuzné obory,Related disciplines,teater,352,https://teater.aiscr.cz/id/352,288,288,
antropologie,anthropology,teater,353,https://teater.aiscr.cz/id/353,288,288 352,
"metody, analýzy (antropologie)","methods, analysis (anthropology)",teater,354,https://teater.aiscr.cz/id/354,288,288 352 353,
antropometrie,anthropometry,teater,356,https://teater.aiscr.cz/id/356,288,288 352 353 354,
kraniometrie,craniometry,teater,357,https://teater.aiscr.cz/id/357,288,288 352 353 354 356,
rekonstrukce podoby podle lebky,forensic facial reconstruction,teater,358,https://teater.aiscr.cz/id/358,288,288 352 353 354,
srovnávací anatomie,comparative anatomy,teater,359,https://teater.aiscr.cz/id/359,288,288 352 353 354,
objekt (antropologie),object (anthropology),teater,360,https://teater.aiscr.cz/id/360,288,288 352 353,
člověk,human,teater,361,https://teater.aiscr.cz/id/361,288,288 352 353 360,
anatomie člověka,human anatomy,teater,362,https://teater.aiscr.cz/id/362,288,288 352 353 360 361,
antropogeneze,anthropogenesis,teater,363,https://teater.aiscr.cz/id/363,288,288 352 353 360 361,
fosilní člověk,fossil man,teater,364,https://teater.aiscr.cz/id/364,288,288 352 353 360 361,
australopithecus,australopithecus,teater,365,https://teater.aiscr.cz/id/365,288,288 352 353 360 361 364,
homo neanderthalensis,Homo neanderthalensis,teater,366,https://teater.aiscr.cz/id/366,288,288 352 353 360 361 364,
homo erectus,Homo erectus,teater,367,https://teater.aiscr.cz/id/367,288,288 352 353 360 361 364,
homo habilis,Homo habilis,teater,368,https://teater.aiscr.cz/id/368,288,288 352 353 360 361 364,
homo heidelbergensis,Homo heidelbergensis,teater,369,https://teater.aiscr.cz/id/369,288,288 352 353 360 361 364,
homo naledi,Homo naledi,teater,370,https://teater.aiscr.cz/id/370,288,288 352 353 360 361 364,
homo sapiens,Homo sapiens,teater,371,https://teater.aiscr.cz/id/371,288,288 352 353 360 361 364,
lidská rasa,human race,teater,372,https://teater.aiscr.cz/id/372,288,288 352 353 360 361,
morfologie člověka,human morphology,teater,373,https://teater.aiscr.cz/id/373,288,288 352 353 360 361,
kultura,culture,teater,374,https://teater.aiscr.cz/id/374,288,288 352 353 360,
kulturní identita,cultural identity,teater,376,https://teater.aiscr.cz/id/376,288,288 352 353 360 374,
kulturní systém,cultural system,teater,377,https://teater.aiscr.cz/id/377,288,288 352 353 360 374,
kulturní tradice,cultural tradition,teater,378,https://teater.aiscr.cz/id/378,288,288 352 353 360 374,
přechodový rituál,rite of passage,teater,379,https://teater.aiscr.cz/id/379,288,288 352 353 360 374,
korunovace,coronation,teater,380,https://teater.aiscr.cz/id/380,288,288 352 353 360 374 379,
křest,baptism,teater,381,https://teater.aiscr.cz/id/381,288,288 352 353 360 374 379,
křest dětí,Infant baptism,teater,382,https://teater.aiscr.cz/id/382,288,288 352 353 360 374 379 381,
pohřeb,burial,teater,383,https://teater.aiscr.cz/id/383,288,288 352 353 360 374 379,
pohřební obřad,funeral ceremony,teater,384,https://teater.aiscr.cz/id/384,288,288 352 353 360 374 379 383,
porod,childbirth,teater,385,https://teater.aiscr.cz/id/385,288,288 352 353 360 374 379,
svatba,wedding,teater,386,https://teater.aiscr.cz/id/386,288,288 352 353 360 374 379,
svatební zvyk,wedding custom,teater,387,https://teater.aiscr.cz/id/387,288,288 352 353 360 374 379 386,
biřmování,confirmation,teater,388,https://teater.aiscr.cz/id/388,288,288 352 353 360 374 379,
svěcení kněží,ordination,teater,389,https://teater.aiscr.cz/id/389,288,288 352 353 360 374 379,
těhotenství,pregnancy,teater,390,https://teater.aiscr.cz/id/390,288,288 352 353 360 374 379,
zásnuby,betrothal,teater,391,https://teater.aiscr.cz/id/391,288,288 352 353 360 374 379,
subobor (antropologie),subfield (anthropology),teater,392,https://teater.aiscr.cz/id/392,288,288 352 353,
antropologie krajiny,landscape anthropology,teater,393,https://teater.aiscr.cz/id/393,288,288 352 353 392,
ekonomická antropologie,economic anthropology,teater,394,https://teater.aiscr.cz/id/394,288,288 352 353 392,
fyzická antropologie,physical anthropology,teater,395,https://teater.aiscr.cz/id/395,288,288 352 353 392,
historická antropologie,historical antropology,teater,396,https://teater.aiscr.cz/id/396,288,288 352 353 392,
kulturní antropologie,cultural anthropology,teater,397,https://teater.aiscr.cz/id/397,288,288 352 353 392,
sociální antropologie,social anthropology,teater,398,https://teater.aiscr.cz/id/398,288,288 352 353 392,
strukturální antropologie,structural anthropology,teater,399,https://teater.aiscr.cz/id/399,288,288 352 353 392,
demografie,demography,teater,400,https://teater.aiscr.cz/id/400,288,288 352,
"metody, analýzy (demografie)","methods, analyses (demography)",teater,401,https://teater.aiscr.cz/id/401,288,288 352 400,
demografický výzkum,population research,teater,402,https://teater.aiscr.cz/id/402,288,288 352 400 401,
objekt (demografie),object (demography),teater,403,https://teater.aiscr.cz/id/403,288,288 352 400,
demografické chování,demographic behavior,teater,404,https://teater.aiscr.cz/id/404,288,288 352 400 403,
demografický vývoj,demographic transition,teater,405,https://teater.aiscr.cz/id/405,288,288 352 400 403 404,
věk obyvatelstva,age of population,teater,406,https://teater.aiscr.cz/id/406,288,288 352 400 403 404 405,
populační růst,population growth,teater,407,https://teater.aiscr.cz/id/407,288,288 352 400 403 404 405,
přelidnění,overpopulation,teater,408,https://teater.aiscr.cz/id/408,288,288 352 400 403 404 405,
populační hustota,population density,teater,409,https://teater.aiscr.cz/id/409,288,288 352 400 403 404,
porodnost,natality,teater,410,https://teater.aiscr.cz/id/410,288,288 352 400 403 404,
úmrtnost,mortality,teater,411,https://teater.aiscr.cz/id/411,288,288 352 400 403 404,
dětská úmrtnost,children mortality,teater,412,https://teater.aiscr.cz/id/412,288,288 352 400 403 404 411,
kojenecká úmrtnost,infant mortality,teater,413,https://teater.aiscr.cz/id/413,288,288 352 400 403 404 411 412,
úmrtnostní tabulka,bill of mortality,teater,414,https://teater.aiscr.cz/id/414,288,288 352 400 403 404 411,
evidence obyvatelstva,civil registration,teater,415,https://teater.aiscr.cz/id/415,288,288 352 400 403,
migrace obyvatelstva,migration,teater,416,https://teater.aiscr.cz/id/416,288,288 352 400 403,
asimilace (sociologie),assimilation,teater,417,https://teater.aiscr.cz/id/417,288,288 352 400 403 416,
kolonizace,colonization,teater,418,https://teater.aiscr.cz/id/418,288,288 352 400 403 416,
vnitřní migrace,internal migration,teater,419,https://teater.aiscr.cz/id/419,288,288 352 400 403 416,
migrace do měst,cityward migration,teater,420,https://teater.aiscr.cz/id/420,288,288 352 400 403 416 419,
migrace na venkov,countryward migration,teater,421,https://teater.aiscr.cz/id/421,288,288 352 400 403 416 419,
sčítání obyvatelstva,population census,teater,422,https://teater.aiscr.cz/id/422,288,288 352 400 403,
předmět (demografie),subject (demography),teater,423,https://teater.aiscr.cz/id/423,288,288 352 400,
obyvatelstvo,population,teater,424,https://teater.aiscr.cz/id/424,288,288 352 400 423,
subobor (demografie),subfield (demography),teater,425,https://teater.aiscr.cz/id/425,288,288 352 400,
historická demografie,historical demography,teater,426,https://teater.aiscr.cz/id/426,288,288 352 400 425,
dějiny umění,art history,teater,427,https://teater.aiscr.cz/id/427,288,288 352,
dějiny architektury,architectural history,teater,428,https://teater.aiscr.cz/id/428,288,288 352 427,
antická architektura,classical architecture,teater,429,https://teater.aiscr.cz/id/429,288,288 352 427 428,
raně křesťanská architektura,early christian architecture,teater,430,https://teater.aiscr.cz/id/430,288,288 352 427 428 429,
barokní architektura,baroque architecture,teater,432,https://teater.aiscr.cz/id/432,288,288 352 427 428,
renesanční architektura,renaissance architecture,teater,433,https://teater.aiscr.cz/id/433,288,288 352 427 428,
středověká architektura,medieval architecture,teater,434,https://teater.aiscr.cz/id/434,288,288 352 427 428,
gotická architektura,gothic architecture,teater,435,https://teater.aiscr.cz/id/435,288,288 352 427 428 434,
románská architektura,romanesque architecture,teater,436,https://teater.aiscr.cz/id/436,288,288 352 427 428 434,
dějiny fotografie,history of photography,teater,437,https://teater.aiscr.cz/id/437,288,288 352 427,
dějiny malířství,history of painting,teater,438,https://teater.aiscr.cz/id/438,288,288 352 427,
barokní malířství,baroque painting,teater,439,https://teater.aiscr.cz/id/439,288,288 352 427 438,
renesanční malířství,renaissance painting,teater,441,https://teater.aiscr.cz/id/441,288,288 352 427 438,
středověké malířství,medieval painting,teater,442,https://teater.aiscr.cz/id/442,288,288 352 427 438,
gotické malířství,gothic painting,teater,443,https://teater.aiscr.cz/id/443,288,288 352 427 438 442,
románské malířství,romanesque painting,teater,444,https://teater.aiscr.cz/id/444,288,288 352 427 438 442,
dějiny sochařství,history of sculpture,teater,445,https://teater.aiscr.cz/id/445,288,288 352 427,
antické sochařství,ancient sculpture,teater,446,https://teater.aiscr.cz/id/446,288,288 352 427 445,
řecké antické sochařství,ancient Greek sculpture,teater,447,https://teater.aiscr.cz/id/447,288,288 352 427 445 446,
římské antické sochařství,ancient Roman sculpture,teater,448,https://teater.aiscr.cz/id/448,288,288 352 427 445 446,
barokní sochařství,baroque sculpture,teater,449,https://teater.aiscr.cz/id/449,288,288 352 427 445,
gotické sochařství,gothic sculpture,teater,450,https://teater.aiscr.cz/id/450,288,288 352 427 445 3769,
renesanční sochařství,renaissance sculpture,teater,451,https://teater.aiscr.cz/id/451,288,288 352 427 445,
románské sochařství,romanesque sculpture,teater,452,https://teater.aiscr.cz/id/452,288,288 352 427 445 3769,
"metody, analýzy (dějiny umění)","methods, analyses (art history)",teater,453,https://teater.aiscr.cz/id/453,288,288 352 427,
ikonografie,iconography,teater,454,https://teater.aiscr.cz/id/454,288,288 352 427 453,
ikonologie,iconology,teater,455,https://teater.aiscr.cz/id/455,288,288 352 427 453,
interpretace uměleckého díla,art interpretation,teater,456,https://teater.aiscr.cz/id/456,288,288 352 427 453,
objekt (dějiny umění),object (art history),teater,457,https://teater.aiscr.cz/id/457,288,288 352 427,
umění,art,teater,458,https://teater.aiscr.cz/id/458,288,288 352 427 457,
akční umění,action art,teater,459,https://teater.aiscr.cz/id/459,288,288 352 427 457,
architektura,architecture,teater,460,https://teater.aiscr.cz/id/460,288,288 352 427 457,
fotografie,photography,teater,461,https://teater.aiscr.cz/id/461,288,288 352 427 457,
grafická technika,printmaking techniques,teater,462,https://teater.aiscr.cz/id/462,288,288 352 427 457,
happening (umění),happening (art),teater,463,https://teater.aiscr.cz/id/463,288,288 352 427 457,
kresba,drawing,teater,465,https://teater.aiscr.cz/id/465,288,288 352 427 457,
malířství,painting,teater,466,https://teater.aiscr.cz/id/466,288,288 352 427 457,
sochařství,sculpture,teater,468,https://teater.aiscr.cz/id/468,288,288 352 427 457,
umělecké dílo,art work,teater,469,https://teater.aiscr.cz/id/469,288,288 352 427 457,
datování uměleckého díla,dating of art works,teater,470,https://teater.aiscr.cz/id/470,288,288 352 427 457 469,
forma (estetika,form (aesthetics),teater,471,https://teater.aiscr.cz/id/471,288,288 352 427 457 469,
kompozice (umění),composition (art),teater,472,https://teater.aiscr.cz/id/472,288,288 352 427 457 469,
konvence (umění),convention (art),teater,474,https://teater.aiscr.cz/id/474,288,288 352 427 457 469,
obsah (estetika),content (aesthetics),teater,475,https://teater.aiscr.cz/id/475,288,288 352 427 457 469,
provenience uměleckého díla,provenance of art works,teater,476,https://teater.aiscr.cz/id/476,288,288 352 427 457 469,
umělecký padělek,art forgeries,teater,477,https://teater.aiscr.cz/id/477,288,288 352 427 457 469,
umělecký styl,artistic style,teater,478,https://teater.aiscr.cz/id/478,288,288 352 427 457 469,
význam (umění),significance (art),teater,479,https://teater.aiscr.cz/id/479,288,288 352 427 457 469,
užité umění,applied art,teater,480,https://teater.aiscr.cz/id/480,288,288 352 427 457,
předmět (dějiny umění),subject (art history),teater,481,https://teater.aiscr.cz/id/481,288,288 352 427,
galerijní pedagogika,gallery education,teater,482,https://teater.aiscr.cz/id/482,288,288 352 427 481,
historiografie umění,art historiography,teater,483,https://teater.aiscr.cz/id/483,288,288 352 427 481,
umělecká kritika,art criticism,teater,484,https://teater.aiscr.cz/id/484,288,288 352 427 481,
sociální kontext (dějiny umění),social context (art history),teater,486,https://teater.aiscr.cz/id/486,288,288 352 427,
mecenáš,maecenas,teater,488,https://teater.aiscr.cz/id/488,288,288 352 427 486,
mecenáška,maecenas (female),teater,489,https://teater.aiscr.cz/id/489,288,288 352 427 486,
patronace,patronage,teater,490,https://teater.aiscr.cz/id/490,288,288 352 427 486,
publikum,audience,teater,491,https://teater.aiscr.cz/id/491,288,288 352 427 486,
umělec,artist,teater,492,https://teater.aiscr.cz/id/492,288,288 352 427 486,
grafik,printmaker,teater,493,https://teater.aiscr.cz/id/493,288,288 352 427 486 492,
malíř,painter,teater,494,https://teater.aiscr.cz/id/494,288,288 352 427 486 492,
sochař,sculptor,teater,495,https://teater.aiscr.cz/id/495,288,288 352 427 486 492,
umělkyně,artist (female),teater,497,https://teater.aiscr.cz/id/497,288,288 352 427 486,
grafička,printmaker (female),teater,498,https://teater.aiscr.cz/id/498,288,288 352 427 486 497,
malířka,painter (female),teater,499,https://teater.aiscr.cz/id/499,288,288 352 427 486 497,
sochařka,sculptor (female),teater,500,https://teater.aiscr.cz/id/500,288,288 352 427 486 497,
umělecký sloh,art styles,teater,502,https://teater.aiscr.cz/id/502,288,288 352 427,
antické umění,classical art,teater,503,https://teater.aiscr.cz/id/503,288,288 352 427 502,
barokní umění,baroque,teater,504,https://teater.aiscr.cz/id/504,288,288 352 427 502,
gotické umění,gothic art,teater,505,https://teater.aiscr.cz/id/505,288,288 352 427 502 3738,
pravěké umění,prehistoric art,teater,506,https://teater.aiscr.cz/id/506,288,288 352 427 502,
renesance,renaissance,teater,507,https://teater.aiscr.cz/id/507,288,288 352 427 502,
románské umění,romanesque art,teater,508,https://teater.aiscr.cz/id/508,288,288 352 427 502 3738,
biedermeier,biedermeier,teater,510,https://teater.aiscr.cz/id/510,288,288 352 427 438 3761,
dadaismus (umění),dadaism (art),teater,511,https://teater.aiscr.cz/id/511,288,288 352 427 3778,
eklekticismus (umění),eclecticism,teater,512,https://teater.aiscr.cz/id/512,288,288 352 427 3778,
expresionismus (umění),expressionism (art),teater,513,https://teater.aiscr.cz/id/513,288,288 352 427 3778,
fauvismus (umění),fauvism,teater,514,https://teater.aiscr.cz/id/514,288,288 352 427 3778,
futurismus (umění),futurism (art),teater,515,https://teater.aiscr.cz/id/515,288,288 352 427 3778,
klasicismus,classicism,teater,516,https://teater.aiscr.cz/id/516,288,288 352 427 502 3740,
kubismus (umění),cubism,teater,517,https://teater.aiscr.cz/id/517,288,288 352 427 3778,
manýrismus,mannerism,teater,518,https://teater.aiscr.cz/id/518,288,288 352 427 502 507,
naturalismus (umění),naturalism (art),teater,519,https://teater.aiscr.cz/id/519,288,288 352 427 3778,
nazarénismus (umění),nazarene movement,teater,520,https://teater.aiscr.cz/id/520,288,288 352 427 3778,
nová věcnost (umění),Neue Sachlichkeit,teater,523,https://teater.aiscr.cz/id/523,288,288 352 427 3778,
orfismus (umění),orphism (art),teater,524,https://teater.aiscr.cz/id/524,288,288 352 427 3778,
pointilismus (umění),pointilism (art),teater,525,https://teater.aiscr.cz/id/525,288,288 352 427 3778,
postimpresionismus,post-impressionism,teater,526,https://teater.aiscr.cz/id/526,288,288 352 427 438 3761,
secesní umění,art nouveau,teater,529,https://teater.aiscr.cz/id/529,288,288 352 427 502 3740 3741,
surrealismus (umění),surrealism (art),teater,530,https://teater.aiscr.cz/id/530,288,288 352 427 3778,
etnologie,ethnology,teater,531,https://teater.aiscr.cz/id/531,288,288 352,
etnicita,ethnicity,teater,532,https://teater.aiscr.cz/id/532,288,288 352 531,
etnická hranice,ethnic boundary,teater,533,https://teater.aiscr.cz/id/533,288,288 352 531 532,
etnický konflikt,ethnic conflict,teater,534,https://teater.aiscr.cz/id/534,288,288 352 531 532,
etnická skupina,ethnic group,teater,535,https://teater.aiscr.cz/id/535,288,288 352 531 532,
etnogeneze,ethnogenesis,teater,536,https://teater.aiscr.cz/id/536,288,288 352 531 532,
etnografie,ethnography,teater,537,https://teater.aiscr.cz/id/537,288,288 352 531,
etnografický aspekt,ethnographical aspect,teater,538,https://teater.aiscr.cz/id/538,288,288 352 531 537,
etnografický výzkum,ethnographical research,teater,539,https://teater.aiscr.cz/id/539,288,288 352 531 537,
folklor,folklore,teater,540,https://teater.aiscr.cz/id/540,288,288 352 531 537,
městský folklor,urban folklore,teater,541,https://teater.aiscr.cz/id/541,288,288 352 531 537 540,
slavnost,festival,teater,542,https://teater.aiscr.cz/id/542,288,288 352 531 537 540,
dožínky,harvest festival,teater,543,https://teater.aiscr.cz/id/543,288,288 352 531 537 540 542,
folklorní slavnost,folklore festivity,teater,544,https://teater.aiscr.cz/id/544,288,288 352 531 537 540 542,
historická slavnost,historical celebration,teater,545,https://teater.aiscr.cz/id/545,288,288 352 531 537 540 542,
hody (etnografie),feast,teater,546,https://teater.aiscr.cz/id/546,288,288 352 531 537 540 542,
karneval,carnival,teater,547,https://teater.aiscr.cz/id/547,288,288 352 531 537 540 542,
náboženská slavnost,religious festival,teater,548,https://teater.aiscr.cz/id/548,288,288 352 531 537 540 542,
posvícení,kermesse,teater,549,https://teater.aiscr.cz/id/549,288,288 352 531 537 540 542,
slavnostní průvod,festive procession,teater,550,https://teater.aiscr.cz/id/550,288,288 352 531 537 540 542,
slavnostní vjezd,festive entry,teater,551,https://teater.aiscr.cz/id/551,288,288 352 531 537 540 542,
studentská slavnost,student celebration,teater,552,https://teater.aiscr.cz/id/552,288,288 352 531 537 540 542,
střelecká slavnost,shooting festival,teater,553,https://teater.aiscr.cz/id/553,288,288 352 531 537 540 542,
školní slavnost,school festival,teater,554,https://teater.aiscr.cz/id/554,288,288 352 531 537 540 542,
univerzitní slavnost,university ceremony,teater,555,https://teater.aiscr.cz/id/555,288,288 352 531 537 540 542,
vinobraní,vintage,teater,556,https://teater.aiscr.cz/id/556,288,288 352 531 537 540 542,
vzpomínková slavnost,commemorative celebration,teater,557,https://teater.aiscr.cz/id/557,288,288 352 531 537 540 542,
lidová kultura,folk culture,teater,558,https://teater.aiscr.cz/id/558,288,288 352 531 537,
lidová tradice,folk tradition,teater,559,https://teater.aiscr.cz/id/559,288,288 352 531 537 558,
lidové umění,folk art,teater,560,https://teater.aiscr.cz/id/560,288,288 352 531 537 558,
pověra,superstition,teater,561,https://teater.aiscr.cz/id/561,288,288 352 531 537 558,
komunita (sociologie),community,teater,562,https://teater.aiscr.cz/id/562,288,288 352 531,
kmenové společenství,tribal society,teater,563,https://teater.aiscr.cz/id/563,288,288 352 531 562,
kanibalismus,cannibalism,teater,564,https://teater.aiscr.cz/id/564,288,288 352 531 562 563,
kanibal,cannibal,teater,565,https://teater.aiscr.cz/id/565,288,288 352 531 562 563,
kmen (etnografie),tribe,teater,566,https://teater.aiscr.cz/id/566,288,288 352 531 562 563,
přírodní národy,indigenous people,teater,567,https://teater.aiscr.cz/id/567,288,288 352 531 562 563,
tribalismus,tribalism,teater,568,https://teater.aiscr.cz/id/568,288,288 352 531 562 563,
regionální identita,regional identity,teater,569,https://teater.aiscr.cz/id/569,288,288 352 531 562,
venkov,rural area,teater,570,https://teater.aiscr.cz/id/570,288,288 352 531 562,
kulturní vliv,cultural influence,teater,571,https://teater.aiscr.cz/id/571,288,288 352 531,
subkultura,subculture,teater,572,https://teater.aiscr.cz/id/572,288,288 352 531,
genetika,genetics,teater,573,https://teater.aiscr.cz/id/573,288,288 352,
členění dle objektu výzkumu (genetika),classification according to research theme,teater,574,https://teater.aiscr.cz/id/574,288,288 352 573,
cytogenetika,cytogenetics,teater,575,https://teater.aiscr.cz/id/575,288,288 352 573 574,
genetika člověka,human genetics,teater,576,https://teater.aiscr.cz/id/576,288,288 352 573 574,
genetika rostlin,plant genetics,teater,577,https://teater.aiscr.cz/id/577,288,288 352 573 574,
genetika živočichů,animal genetics,teater,578,https://teater.aiscr.cz/id/578,288,288 352 573 574,
klasické členění (genetika),classical classification,teater,579,https://teater.aiscr.cz/id/579,288,288 352 573,
evoluční genetika,evolutionary genetics,teater,580,https://teater.aiscr.cz/id/580,288,288 352 573 579,
molekulární genetika,molecular genetics,teater,581,https://teater.aiscr.cz/id/581,288,288 352 573 579,
obecná genetika,general genetics,teater,582,https://teater.aiscr.cz/id/582,288,288 352 573 579,
historiografie,historiography,teater,583,https://teater.aiscr.cz/id/583,288,288 352,
metody (historiografie),methods (historiography),teater,584,https://teater.aiscr.cz/id/584,288,288 352 583,
interpretace textů,interpretation of texts,teater,585,https://teater.aiscr.cz/id/585,288,288 352 583 584,
prosopografie,prosopography,teater,586,https://teater.aiscr.cz/id/586,288,288 352 583 584,
objekt/subobor (historiografie),object/subfield (historiography),teater,587,https://teater.aiscr.cz/id/587,288,288 352 583,
dějiny,history,teater,588,https://teater.aiscr.cz/id/588,288,288 352 583 587,
církevní dějiny,church history,teater,589,https://teater.aiscr.cz/id/589,288,288 352 583 587 588,
hospodářské dějiny,economic history,teater,590,https://teater.aiscr.cz/id/590,288,288 352 583 587 588,
kulturní dějiny,cultural history,teater,591,https://teater.aiscr.cz/id/591,288,288 352 583 587 588,
politické dějiny,political history,teater,592,https://teater.aiscr.cz/id/592,288,288 352 583 587 588,
právní dějiny,history of law,teater,593,https://teater.aiscr.cz/id/593,288,288 352 583 587 588,
regionální dějiny,regional history,teater,594,https://teater.aiscr.cz/id/594,288,288 352 583 587 588,
sociální dějiny,social history,teater,595,https://teater.aiscr.cz/id/595,288,288 352 583 587 588,
vojenské dějiny,military history,teater,596,https://teater.aiscr.cz/id/596,288,288 352 583 587 588,
pramen (historiografie),source (historiography),teater,597,https://teater.aiscr.cz/id/597,288,288 352 583,
historický pramen,historical source,teater,598,https://teater.aiscr.cz/id/598,288,288 352 583 597,
písemný pramen,written source,teater,599,https://teater.aiscr.cz/id/599,288,288 352 583 597 598,
hospodářská písemnost,business document,teater,600,https://teater.aiscr.cz/id/600,288,288 352 583 597 598 599,
soukromá písemnost,private letter,teater,601,https://teater.aiscr.cz/id/601,288,288 352 583 597 598 599,
úřední písemnost,official document,teater,602,https://teater.aiscr.cz/id/602,288,288 352 583 597 598 599,
chemie,chemistry,teater,603,https://teater.aiscr.cz/id/603,288,288 352,
látky (chemie),substances (chemistry),teater,604,https://teater.aiscr.cz/id/604,288,288 352 603,
olej,oil,teater,605,https://teater.aiscr.cz/id/605,288,288 352 603 604,
pokrmové tuky,food lipids,teater,606,https://teater.aiscr.cz/id/606,288,288 352 603 604,
subobor (chemie),subfield (chemistry),teater,607,https://teater.aiscr.cz/id/607,288,288 352 603,
analytická chemie,analytical chemistry,teater,608,https://teater.aiscr.cz/id/608,288,288 352 603 607,
chromatografie,chromatography,teater,609,https://teater.aiscr.cz/id/609,288,288 352 603 607 608,
organická chemie,organic chemistry,teater,610,https://teater.aiscr.cz/id/610,288,288 352 603 607,
lingvistika,linguistics,teater,611,https://teater.aiscr.cz/id/611,288,288 352,
etymologie,etymology,teater,612,https://teater.aiscr.cz/id/612,288,288 352 611,
onomastika,onomastics,teater,613,https://teater.aiscr.cz/id/613,288,288 352 611 612,
vlastní jméno,proper name,teater,614,https://teater.aiscr.cz/id/614,288,288 352 611 612 613,
toponomastika,toponymy,teater,615,https://teater.aiscr.cz/id/615,288,288 352 611 612,
geografické jméno,geographical name,teater,616,https://teater.aiscr.cz/id/616,288,288 352 611 612 615,
historická lingvistika,historical linguistics,teater,617,https://teater.aiscr.cz/id/617,288,288 352 611,
vývoj jazyka,language evolution,teater,618,https://teater.aiscr.cz/id/618,288,288 352 611 617,
vznik jazyka,origin of language,teater,619,https://teater.aiscr.cz/id/619,288,288 352 611 617,
komparativní lingvistika,comparative linguistics,teater,620,https://teater.aiscr.cz/id/620,288,288 352 611,
glottochronologie,glottochronology,teater,621,https://teater.aiscr.cz/id/621,288,288 352 611 620,
sémiotika,semiotics,teater,622,https://teater.aiscr.cz/id/622,288,288 352 611,
jazykový znak,language sign,teater,623,https://teater.aiscr.cz/id/623,288,288 352 611 622,
pomocné vědy historické,auxiliary sciences of history,teater,624,https://teater.aiscr.cz/id/624,288,288 352,
archeografie,archaeography,teater,625,https://teater.aiscr.cz/id/625,288,288 352 624,
archivnictví,keeping archives,teater,626,https://teater.aiscr.cz/id/626,288,288 352 624,
archiválie,records,teater,627,https://teater.aiscr.cz/id/627,288,288 352 624 626,
archivní výzkum,archival research,teater,628,https://teater.aiscr.cz/id/628,288,288 352 624 626,
autograf,autograph,teater,629,https://teater.aiscr.cz/id/629,288,288 352 624 626,
dějiny archivnictví,history of keeping archives,teater,630,https://teater.aiscr.cz/id/630,288,288 352 624 626,
faksimile,facsimile,teater,631,https://teater.aiscr.cz/id/631,288,288 352 624 626,
diplomatika,diplomacy,teater,632,https://teater.aiscr.cz/id/632,288,288 352 624,
monogram,monogram,teater,633,https://teater.aiscr.cz/id/633,288,288 352 624 632,
emblematika,emblematics,teater,634,https://teater.aiscr.cz/id/634,288,288 352 624,
emblém,emblem,teater,635,https://teater.aiscr.cz/id/635,288,288 352 624 634,
epigrafika,epigraphy,teater,636,https://teater.aiscr.cz/id/636,288,288 352 624,
chronogram,chronogram,teater,637,https://teater.aiscr.cz/id/637,288,288 352 624 636,
nápis,inscription,teater,638,https://teater.aiscr.cz/id/638,288,288 352 624 636,
faleristika,faleristics,teater,639,https://teater.aiscr.cz/id/639,288,288 352 624,
genealogie,genealogy,teater,640,https://teater.aiscr.cz/id/640,288,288 352 624,
rodokmen,genealogical table,teater,641,https://teater.aiscr.cz/id/641,288,288 352 624 640,
heraldika,heraldry,teater,642,https://teater.aiscr.cz/id/642,288,288 352 624,
rodový znak,family coat of arms,teater,643,https://teater.aiscr.cz/id/643,288,288 352 624 642,
chronologie,chronology,teater,644,https://teater.aiscr.cz/id/644,288,288 352 624,
den v týdnu,day of the week,teater,645,https://teater.aiscr.cz/id/645,288,288 352 624 644,
historická chronologie,historical chronology,teater,646,https://teater.aiscr.cz/id/646,288,288 352 624 644,
gregoriánský kalendář,Gregorian calendar,teater,647,https://teater.aiscr.cz/id/647,288,288 352 624 644 646,
juliánský kalendář,Julian calendar,teater,648,https://teater.aiscr.cz/id/648,288,288 352 624 644 646,
kalendář,calendar,teater,649,https://teater.aiscr.cz/id/649,288,288 352 624 644,
kalendářní měsíc,month,teater,650,https://teater.aiscr.cz/id/650,288,288 352 624 644,
nový rok,New Year,teater,651,https://teater.aiscr.cz/id/651,288,288 352 624 644,
týden,week,teater,652,https://teater.aiscr.cz/id/652,288,288 352 624 644,
kodikologie,codicology,teater,653,https://teater.aiscr.cz/id/653,288,288 352 624,
kožená knižní vazba,leather binding,teater,654,https://teater.aiscr.cz/id/654,288,288 352 624 653,
prvotisk,incunabula,teater,655,https://teater.aiscr.cz/id/655,288,288 352 624 653,
rukopis,manuscript,teater,656,https://teater.aiscr.cz/id/656,288,288 352 624 653,
fragmenty rukopisů,manuscript fragments,teater,657,https://teater.aiscr.cz/id/657,288,288 352 624 653 656,
iluminace rukopisu,illumination of manuscript,teater,658,https://teater.aiscr.cz/id/658,288,288 352 624 653 656,
kodex,codex,teater,659,https://teater.aiscr.cz/id/659,288,288 352 624 653 656,
marginálie,marginalia,teater,660,https://teater.aiscr.cz/id/660,288,288 352 624 653 656,
pergamenový rukopis,parchment manuscript,teater,661,https://teater.aiscr.cz/id/661,288,288 352 624 653 656,
pergamenový svitek,parchment scroll,teater,662,https://teater.aiscr.cz/id/662,288,288 352 624 653 656,
pergamenový papír,greaseproof paper,teater,663,https://teater.aiscr.cz/id/663,288,288 352 624 653 656,
rukopisná iniciála,initial,teater,664,https://teater.aiscr.cz/id/664,288,288 352 624 653 656,
stránkování,pagination,teater,665,https://teater.aiscr.cz/id/665,288,288 352 624 653 656,
středověký rukopis,medieval manuscript,teater,666,https://teater.aiscr.cz/id/666,288,288 352 624 653 656,
numismatika,numismatics,teater,667,https://teater.aiscr.cz/id/667,288,288 352 624,
dějiny peněz,history of money,teater,668,https://teater.aiscr.cz/id/668,288,288 352 624 667,
měna,currency,teater,669,https://teater.aiscr.cz/id/669,288,288 352 624 667,
platidlo,money,teater,670,https://teater.aiscr.cz/id/670,288,288 352 624 667 669,
paleografie,paleography,teater,671,https://teater.aiscr.cz/id/671,288,288 352 624,
filigrán (papír),watermark,teater,672,https://teater.aiscr.cz/id/672,288,288 352 624 671,
psací potřeba,writer’s tool,teater,673,https://teater.aiscr.cz/id/673,288,288 352 624 671,
papyrologie,papyrology,teater,674,https://teater.aiscr.cz/id/674,288,288 352 624,
papyrový rukopis,papyrus manuscript,teater,675,https://teater.aiscr.cz/id/675,288,288 352 624 674,
papyrový svitek,papyrus scroll,teater,676,https://teater.aiscr.cz/id/676,288,288 352 624 674,
sfragistika,sphragistics,teater,677,https://teater.aiscr.cz/id/677,288,288 352 624,
pečeť,seal,teater,678,https://teater.aiscr.cz/id/678,288,288 352 624 677,
pečetidlo,sealing-stick,teater,679,https://teater.aiscr.cz/id/679,288,288 352 624 677,
religionistika,religious science,teater,680,https://teater.aiscr.cz/id/680,288,288 352,
objekt (religionistika),object (religious science),teater,681,https://teater.aiscr.cz/id/681,288,288 352 680,
náboženský kult,cultic act,teater,682,https://teater.aiscr.cz/id/682,288,288 352 680 681,
náboženství,religion,teater,683,https://teater.aiscr.cz/id/683,288,288 352 680 681,
nejstarší náboženské systémy,oldest religious systems,teater,684,https://teater.aiscr.cz/id/684,288,288 352 680 681 683,
animismus,animism,teater,685,https://teater.aiscr.cz/id/685,288,288 352 680 681 683 684,
démonismus,demonism,teater,686,https://teater.aiscr.cz/id/686,288,288 352 680 681 683 684,
dynamismus,dynamism,teater,687,https://teater.aiscr.cz/id/687,288,288 352 680 681 683 684,
kult předků,ancestor cult,teater,688,https://teater.aiscr.cz/id/688,288,288 352 680 681 683 684,
šamanismus,shamanism,teater,689,https://teater.aiscr.cz/id/689,288,288 352 680 681 683 684,
totemismus,totemism,teater,690,https://teater.aiscr.cz/id/690,288,288 352 680 681 683 684,
teismus,theism,teater,691,https://teater.aiscr.cz/id/691,288,288 352 680 681 683,
monoteismus,monotheism,teater,692,https://teater.aiscr.cz/id/692,288,288 352 680 681 683 691,
křesťanství,Christianity,teater,693,https://teater.aiscr.cz/id/693,288,288 352 680 681 683 691 692,
členění (křesťanství),classification (Christianity),teater,694,https://teater.aiscr.cz/id/694,288,288 352 680 681 683 691 692 693,
hereze,heresy,teater,695,https://teater.aiscr.cz/id/695,288,288 352 680 681 683 691 692 693 694,
adamité,Adamites,teater,696,https://teater.aiscr.cz/id/696,288,288 352 680 681 683 691 692 693 694 695,
antitrinitarismus,antitrinitarism,teater,697,https://teater.aiscr.cz/id/697,288,288 352 680 681 683 691 692 693 694 695,
arianismus,Arianism,teater,698,https://teater.aiscr.cz/id/698,288,288 352 680 681 683 691 692 693 694 695,
beghardi,Beghards,teater,699,https://teater.aiscr.cz/id/699,288,288 352 680 681 683 691 692 693 694 695,
bekyně (křesťanské hnutí),Beguines,teater,700,https://teater.aiscr.cz/id/700,288,288 352 680 681 683 691 692 693 694 695,
bogomilové,Bogomil,teater,701,https://teater.aiscr.cz/id/701,288,288 352 680 681 683 691 692 693 694 695,
čeští bratři,Bohemian Brethren,teater,702,https://teater.aiscr.cz/id/702,288,288 352 680 681 683 691 692 693 694 695,
donatismus,Donatism,teater,703,https://teater.aiscr.cz/id/703,288,288 352 680 681 683 691 692 693 694 695,
heretik,heretic,teater,704,https://teater.aiscr.cz/id/704,288,288 352 680 681 683 691 692 693 694 695,
husitství,Hussitism,teater,705,https://teater.aiscr.cz/id/705,288,288 352 680 681 683 691 692 693 694 695,
chlystové (sekta),Khlysty,teater,706,https://teater.aiscr.cz/id/706,288,288 352 680 681 683 691 692 693 694 695,
ikonoklasmus,iconoclasm,teater,707,https://teater.aiscr.cz/id/707,288,288 352 680 681 683 691 692 693 694 695,
jansenismus,Jansenism,teater,708,https://teater.aiscr.cz/id/708,288,288 352 680 681 683 691 692 693 694 695,
karaismus,Karaism,teater,709,https://teater.aiscr.cz/id/709,288,288 352 680 681 683 691 692 693 694 695,
kataři,Cathari,teater,710,https://teater.aiscr.cz/id/710,288,288 352 680 681 683 691 692 693 694 695,
kvietismus,quietism,teater,711,https://teater.aiscr.cz/id/711,288,288 352 680 681 683 691 692 693 694 695,
lollardi,Lollards,teater,712,https://teater.aiscr.cz/id/712,288,288 352 680 681 683 691 692 693 694 695,
manicheismus,Manichaeism,teater,713,https://teater.aiscr.cz/id/713,288,288 352 680 681 683 691 692 693 694 695,
markionismus,Marcionism,teater,714,https://teater.aiscr.cz/id/714,288,288 352 680 681 683 691 692 693 694 695,
monofyzitismus,Monophysitism,teater,715,https://teater.aiscr.cz/id/715,288,288 352 680 681 683 691 692 693 694 695,
montanismus,Montanism,teater,716,https://teater.aiscr.cz/id/716,288,288 352 680 681 683 691 692 693 694 695,
nestoriánství,Nestorian,teater,717,https://teater.aiscr.cz/id/717,288,288 352 680 681 683 691 692 693 694 695,
nestoriánská církev,Nestorian church,teater,718,https://teater.aiscr.cz/id/718,288,288 352 680 681 683 691 692 693 694 695 717,
pataréni,Patarines,teater,719,https://teater.aiscr.cz/id/719,288,288 352 680 681 683 691 692 693 694 695,
paulikiánství,Paulician,teater,720,https://teater.aiscr.cz/id/720,288,288 352 680 681 683 691 692 693 694 695,
pelagianismus,Pelagianism,teater,721,https://teater.aiscr.cz/id/721,288,288 352 680 681 683 691 692 693 694 695,
skopci,Skoptsy,teater,722,https://teater.aiscr.cz/id/722,288,288 352 680 681 683 691 692 693 694 695,
spirituální františkáni,Franciscan Spirituals,teater,723,https://teater.aiscr.cz/id/723,288,288 352 680 681 683 691 692 693 694 695,
staroobřadnictví,Old Belief,teater,724,https://teater.aiscr.cz/id/724,288,288 352 680 681 683 691 692 693 694 695,
strigolnici,strigolniki,teater,725,https://teater.aiscr.cz/id/725,288,288 352 680 681 683 691 692 693 694 695,
valdenští,Waldenses,teater,726,https://teater.aiscr.cz/id/726,288,288 352 680 681 683 691 692 693 694 695,
židovstvujuščije,Judaizers,teater,727,https://teater.aiscr.cz/id/727,288,288 352 680 681 683 691 692 693 694 695,
rané křesťanství,early Christianity,teater,728,https://teater.aiscr.cz/id/728,288,288 352 680 681 683 691 692 693 694,
východní křesťanství,Eastern Christianity,teater,729,https://teater.aiscr.cz/id/729,288,288 352 680 681 683 691 692 693 694,
křesťanská civilizace východní,Eastern Christian civilization,teater,730,https://teater.aiscr.cz/id/730,288,288 352 680 681 683 691 692 693 694 729,
pravoslaví,Orthodox Eastern,teater,731,https://teater.aiscr.cz/id/731,288,288 352 680 681 683 691 692 693 694 729,
pravoslavné církve,Orthodox Eastern churches,teater,732,https://teater.aiscr.cz/id/732,288,288 352 680 681 683 691 692 693 694 729,
západní křesťanství,Western Christianity,teater,733,https://teater.aiscr.cz/id/733,288,288 352 680 681 683 691 692 693 694,
konfese (vyznání),religious confession,teater,734,https://teater.aiscr.cz/id/734,288,288 352 680 681 683 691 692 693 694 733,
anabaptisté,Anabaptism,teater,735,https://teater.aiscr.cz/id/735,288,288 352 680 681 683 691 692 693 694 733 734,
augsburská konfese,Augsburg Confession,teater,736,https://teater.aiscr.cz/id/736,288,288 352 680 681 683 691 692 693 694 733 734,
helvetská konfese,Helvetic Confession,teater,737,https://teater.aiscr.cz/id/737,288,288 352 680 681 683 691 692 693 694 733 734,
konfesionalizace,confessionalisation,teater,738,https://teater.aiscr.cz/id/738,288,288 352 680 681 683 691 692 693 694 733 734,
křesťanská civilizace západní,Western Christian civilization,teater,739,https://teater.aiscr.cz/id/739,288,288 352 680 681 683 691 692 693 694 733,
evangelium,gospel,teater,740,https://teater.aiscr.cz/id/740,288,288 352 680 681 683 691 692 693,
exkomunikace,excommunication,teater,741,https://teater.aiscr.cz/id/741,288,288 352 680 681 683 691 692 693,
křesťanská teologie,Christian theology,teater,742,https://teater.aiscr.cz/id/742,288,288 352 680 681 683 691 692 693,
bůh (křesťanství),God (Christianity),teater,743,https://teater.aiscr.cz/id/743,288,288 352 680 681 683 691 692 693 742,
bůh (teologie),God (theology),teater,744,https://teater.aiscr.cz/id/744,288,288 352 680 681 683 691 692 693 742,
trojice,Trinity,teater,745,https://teater.aiscr.cz/id/745,288,288 352 680 681 683 691 692 693 742,
bůh otec,God the Father,teater,746,https://teater.aiscr.cz/id/746,288,288 352 680 681 683 691 692 693 742 745,
bůh syn,God the Son,teater,747,https://teater.aiscr.cz/id/747,288,288 352 680 681 683 691 692 693 742 745,
duch svatý,Holy Spirit,teater,748,https://teater.aiscr.cz/id/748,288,288 352 680 681 683 691 692 693 742 745,
křesťanská misie,Christian mission,teater,749,https://teater.aiscr.cz/id/749,288,288 352 680 681 683 691 692 693,
evangelizace,evangelization,teater,750,https://teater.aiscr.cz/id/750,288,288 352 680 681 683 691 692 693 749,
christianizace,Christianization,teater,751,https://teater.aiscr.cz/id/751,288,288 352 680 681 683 691 692 693 749,
křesťanský světec,Christian saint,teater,752,https://teater.aiscr.cz/id/752,288,288 352 680 681 683 691 692 693,
atribut světce,attribute of saint,teater,753,https://teater.aiscr.cz/id/753,288,288 352 680 681 683 691 692 693 752,
kanonizace,canonization,teater,754,https://teater.aiscr.cz/id/754,288,288 352 680 681 683 691 692 693 752,
ostatky svatých,relics of saints,teater,755,https://teater.aiscr.cz/id/755,288,288 352 680 681 683 691 692 693 752,
liturgie,liturgy,teater,756,https://teater.aiscr.cz/id/756,288,288 352 680 681 683 691 692 693,
členění (liturgie),classification (liturgy),teater,757,https://teater.aiscr.cz/id/757,288,288 352 680 681 683 691 692 693 756,
ekumenická liturgie,ecumenical liturgy,teater,758,https://teater.aiscr.cz/id/758,288,288 352 680 681 683 691 692 693 756 757,
husitská liturgie,Hussite liturgy,teater,759,https://teater.aiscr.cz/id/759,288,288 352 680 681 683 691 692 693 756 757,
katolická liturgie,Catholic liturgy,teater,760,https://teater.aiscr.cz/id/760,288,288 352 680 681 683 691 692 693 756 757,
křesťanská liturgie,Christian liturgy,teater,761,https://teater.aiscr.cz/id/761,288,288 352 680 681 683 691 692 693 756 757,
pravoslavná liturgie,Orthodox liturgy,teater,762,https://teater.aiscr.cz/id/762,288,288 352 680 681 683 691 692 693 756 757,
protestantská liturgie,Protestant liturgy,teater,763,https://teater.aiscr.cz/id/763,288,288 352 680 681 683 691 692 693 756 757,
řeckokatolická liturgie,Greek Catholic liturgy,teater,764,https://teater.aiscr.cz/id/764,288,288 352 680 681 683 691 692 693 756 757,
slovanská liturgie,Slavic liturgy,teater,765,https://teater.aiscr.cz/id/765,288,288 352 680 681 683 691 692 693 756 757,
utrakvistická liturgie,Utraquist liturgy,teater,766,https://teater.aiscr.cz/id/766,288,288 352 680 681 683 691 692 693 756 757,
východní křesťanská liturgie,Eastern Christian liturgy,teater,767,https://teater.aiscr.cz/id/767,288,288 352 680 681 683 691 692 693 756 757,
západní křesťanská liturgie,Western Christian liturgy,teater,768,https://teater.aiscr.cz/id/768,288,288 352 680 681 683 691 692 693 756 757,
liturgická symbolika,liturgical symbolism,teater,769,https://teater.aiscr.cz/id/769,288,288 352 680 681 683 691 692 693 756,
liturgické jazyky,liturgical languages,teater,770,https://teater.aiscr.cz/id/770,288,288 352 680 681 683 691 692 693 756,
liturgický obřad,liturgical ceremony,teater,771,https://teater.aiscr.cz/id/771,288,288 352 680 681 683 691 692 693 756,
liturgický úkon,liturgical act,teater,772,https://teater.aiscr.cz/id/772,288,288 352 680 681 683 691 692 693 756,
liturgický prostor,liturgical space,teater,773,https://teater.aiscr.cz/id/773,288,288 352 680 681 683 691 692 693 756,
náboženská symbolika,religious symbolism,teater,774,https://teater.aiscr.cz/id/774,288,288 352 680 681 683 691 692 693,
správní aspekty (křesťanství),administrative aspects (Christianity),teater,775,https://teater.aiscr.cz/id/775,288,288 352 680 681 683 691 692 693,
arcidiecéze,archdiocese,teater,776,https://teater.aiscr.cz/id/776,288,288 352 680 681 683 691 692 693 775,
arcibiskupský úřad,archbishops' office,teater,777,https://teater.aiscr.cz/id/777,288,288 352 680 681 683 691 692 693 775 776,
diecéze,diocese,teater,778,https://teater.aiscr.cz/id/778,288,288 352 680 681 683 691 692 693 775,
biskupský úřad,bishops' office,teater,779,https://teater.aiscr.cz/id/779,288,288 352 680 681 683 691 692 693 775 778,
farnost,parish,teater,780,https://teater.aiscr.cz/id/780,288,288 352 680 681 683 691 692 693 775,
koncil,council,teater,781,https://teater.aiscr.cz/id/781,288,288 352 680 681 683 691 692 693 775,
ekumenický koncil,ecumenical council,teater,782,https://teater.aiscr.cz/id/782,288,288 352 680 681 683 691 692 693 775 781,
obročí,benefice,teater,783,https://teater.aiscr.cz/id/783,288,288 352 680 681 683 691 692 693 775,
papežství,papacy,teater,784,https://teater.aiscr.cz/id/784,288,288 352 680 681 683 691 692 693 775,
avignonské zajetí (1309-1378),Avignon Papacy,teater,785,https://teater.aiscr.cz/id/785,288,288 352 680 681 683 691 692 693 775 784,
konkláve,conclave,teater,786,https://teater.aiscr.cz/id/786,288,288 352 680 681 683 691 692 693 775 784,
schizma,Schism,teater,787,https://teater.aiscr.cz/id/787,288,288 352 680 681 683 691 692 693 775,
synoda,synod,teater,788,https://teater.aiscr.cz/id/788,288,288 352 680 681 683 691 692 693 775,
vikariát,vicariate,teater,789,https://teater.aiscr.cz/id/789,288,288 352 680 681 683 691 692 693 775,
stát a církev,church and state,teater,790,https://teater.aiscr.cz/id/790,288,288 352 680 681 683 691 692 693,
konkordát,concordat,teater,791,https://teater.aiscr.cz/id/791,288,288 352 680 681 683 691 692 693 790,
zbožnost,devotion,teater,792,https://teater.aiscr.cz/id/792,288,288 352 680 681 683 691 692 693,
křížová výprava,crusade,teater,793,https://teater.aiscr.cz/id/793,288,288 352 680 681 683 691 692 693 792,
mnišství,monasticism,teater,794,https://teater.aiscr.cz/id/794,288,288 352 680 681 683 691 692 693 792,
křesťanské mnišství,Christian monachism,teater,795,https://teater.aiscr.cz/id/795,288,288 352 680 681 683 691 692 693 792 794,
mnišský život,monkish life,teater,796,https://teater.aiscr.cz/id/796,288,288 352 680 681 683 691 692 693 792 794,
mše,Holy Mass,teater,797,https://teater.aiscr.cz/id/797,288,288 352 680 681 683 691 692 693 792,
náboženská pouť,religious pilgrimage,teater,798,https://teater.aiscr.cz/id/798,288,288 352 680 681 683 691 692 693 792,
poustevnictví,hermitage,teater,799,https://teater.aiscr.cz/id/799,288,288 352 680 681 683 691 692 693 792,
spiritualita,spirituality,teater,800,https://teater.aiscr.cz/id/800,288,288 352 680 681 683 691 692 693 792,
dějiny spirituality,history of spirituality,teater,801,https://teater.aiscr.cz/id/801,288,288 352 680 681 683 691 692 693 792 800,
křesťanská spiritualita,Christian spirituality,teater,802,https://teater.aiscr.cz/id/802,288,288 352 680 681 683 691 692 693 792 800,
kněžská spiritualita,priest’s spirituality,teater,803,https://teater.aiscr.cz/id/803,288,288 352 680 681 683 691 692 693 792 800 802,
mužská spiritualita,men’s spirituality,teater,804,https://teater.aiscr.cz/id/804,288,288 352 680 681 683 691 692 693 792 800 802,
řeholní spiritualita,regular spirituality,teater,805,https://teater.aiscr.cz/id/805,288,288 352 680 681 683 691 692 693 792 800 802,
augustiniánská spiritualita,Augustinian spirituality,teater,806,https://teater.aiscr.cz/id/806,288,288 352 680 681 683 691 692 693 792 800 802 805,
benediktinská spiritualita,Benedictine spirituality,teater,807,https://teater.aiscr.cz/id/807,288,288 352 680 681 683 691 692 693 792 800 802 805,
cisterciácká spiritualita,Cistercian spirituality,teater,808,https://teater.aiscr.cz/id/808,288,288 352 680 681 683 691 692 693 792 800 802 805,
dominikánská spiritualita,Dominican spirituality,teater,809,https://teater.aiscr.cz/id/809,288,288 352 680 681 683 691 692 693 792 800 802 805,
františkánská spiritualita,Franciscan spirituality,teater,810,https://teater.aiscr.cz/id/810,288,288 352 680 681 683 691 692 693 792 800 802 805,
ignaciánská spiritualita,Ignatian spirituality,teater,811,https://teater.aiscr.cz/id/811,288,288 352 680 681 683 691 692 693 792 800 802 805,
jezuitská spiritualita,Jezuit spirituality,teater,812,https://teater.aiscr.cz/id/812,288,288 352 680 681 683 691 692 693 792 800 802 805,
karmelitánská spiritualita,Carmelite spirituality,teater,813,https://teater.aiscr.cz/id/813,288,288 352 680 681 683 691 692 693 792 800 802 805,
kartuziánská spiritualita,Carthusian spirituality,teater,814,https://teater.aiscr.cz/id/814,288,288 352 680 681 683 691 692 693 792 800 802 805,
premonstrátská spiritualita,Premonstratensian spirituality,teater,815,https://teater.aiscr.cz/id/815,288,288 352 680 681 683 691 692 693 792 800 802 805,
salesiánská spiritualita,Salesian spirituality,teater,816,https://teater.aiscr.cz/id/816,288,288 352 680 681 683 691 692 693 792 800 802 805,
trapistická spiritualita,Trappist spirituality,teater,817,https://teater.aiscr.cz/id/817,288,288 352 680 681 683 691 692 693 792 800 802 805,
východní křesťanská spiritualita,Eastern Christian spirituality,teater,818,https://teater.aiscr.cz/id/818,288,288 352 680 681 683 691 692 693 792 800 802,
západní křesťanská spiritualita,Western Christian spirituality,teater,819,https://teater.aiscr.cz/id/819,288,288 352 680 681 683 691 692 693 792 800 802,
ženská spiritualita,women’s spirituality,teater,820,https://teater.aiscr.cz/id/820,288,288 352 680 681 683 691 692 693 792 800 802,
záduší,Fabrica ecclesiae,teater,821,https://teater.aiscr.cz/id/821,288,288 352 680 681 683 691 692 693 792,
polyteismus,polytheism,teater,822,https://teater.aiscr.cz/id/822,288,288 352 680 681 683 691,
hinduismus,Hinduism,teater,823,https://teater.aiscr.cz/id/823,288,288 352 680 681 683 691 822,
východní náboženství,Oriental religion,teater,824,https://teater.aiscr.cz/id/824,288,288 352 680 681 683 691 822,
pohanství,paganism,teater,825,https://teater.aiscr.cz/id/825,288,288 352 680 681 683 691 822,
pohan,pagan,teater,826,https://teater.aiscr.cz/id/826,288,288 352 680 681 683 691 822 825,
religiozita,religiosity,teater,827,https://teater.aiscr.cz/id/827,288,288 352 680 681,
modlářství,idolatry,teater,828,https://teater.aiscr.cz/id/828,288,288 352 680 681 827,
rituály a obřady,rites and ceremonies,teater,829,https://teater.aiscr.cz/id/829,288,288 352 680 681,
oběť,sacrifice,teater,830,https://teater.aiscr.cz/id/830,288,288 352 680 681 829,
krvavá oběť,blood sacrifice,teater,831,https://teater.aiscr.cz/id/831,288,288 352 680 681 829 830,
lidská oběť,human sacrifice,teater,832,https://teater.aiscr.cz/id/832,288,288 352 680 681 829 830,
zvířecí oběť,animal offering,teater,833,https://teater.aiscr.cz/id/833,288,288 352 680 681 829 830,
rituální vražda,ritual murder,teater,834,https://teater.aiscr.cz/id/834,288,288 352 680 681 829,
teologie,theology,teater,835,https://teater.aiscr.cz/id/835,288,288 352 680 681,
předmět (religionistika),subject (religious science),teater,836,https://teater.aiscr.cz/id/836,288,288 352 680,
náboženství a společnost,religion and society,teater,837,https://teater.aiscr.cz/id/837,288,288 352 680 836,
statistika,statistics,teater,838,https://teater.aiscr.cz/id/838,288,288 352,
aplikovaná statistika,applied statistics,teater,839,https://teater.aiscr.cz/id/839,288,288 352 838,
ekonomická statistika,economic statistics,teater,840,https://teater.aiscr.cz/id/840,288,288 352 838,
popisná statistika,descriptive statistics,teater,841,https://teater.aiscr.cz/id/841,288,288 352 838,
prostorová statistika,spatial statistics,teater,842,https://teater.aiscr.cz/id/842,288,288 352 838,
statistická klasifikace,statistical classification,teater,843,https://teater.aiscr.cz/id/843,288,288 352 838,
statistické šetření,statistical inquiry,teater,844,https://teater.aiscr.cz/id/844,288,288 352 838,
statistická databáze,statistical database,teater,845,https://teater.aiscr.cz/id/845,288,288 352 838,
statistická metoda,statistical methods,teater,846,https://teater.aiscr.cz/id/846,288,288 352 838,
statistický model,statistical model,teater,847,https://teater.aiscr.cz/id/847,288,288 352 838,
statistické vzorkování,statistical sampling,teater,848,https://teater.aiscr.cz/id/848,288,288 352 838,
statistický výběr,statistical sampling,teater,849,https://teater.aiscr.cz/id/849,288,288 352 838,
vědy o zemi,Earth sciences,teater,850,https://teater.aiscr.cz/id/850,288,288 352,
geografie,geography,teater,851,https://teater.aiscr.cz/id/851,288,288 352 850,
geografie krajiny,landscape geography,teater,852,https://teater.aiscr.cz/id/852,288,288 352 850 851,
les,forest,teater,853,https://teater.aiscr.cz/id/853,288,288 352 850 851 852,
jehličnatý les,coniferous forest,teater,854,https://teater.aiscr.cz/id/854,288,288 352 850 851 852 853,
listnatý les,leaf forest,teater,855,https://teater.aiscr.cz/id/855,288,288 352 850 851 852 853,
lužní les,floodplain forest,teater,856,https://teater.aiscr.cz/id/856,288,288 352 850 851 852 853,
prales,primeval forest,teater,857,https://teater.aiscr.cz/id/857,288,288 352 850 851 852 853,
smíšený les,mixed forest,teater,858,https://teater.aiscr.cz/id/858,288,288 352 850 851 852 853,
mokřad,wetland,teater,859,https://teater.aiscr.cz/id/859,288,288 352 850 851 852,
rašeliniště,peat bog,teater,860,https://teater.aiscr.cz/id/860,288,288 352 850 851 852,
slatina,fen,teater,861,https://teater.aiscr.cz/id/861,288,288 352 850 851 852,
step,steppe,teater,862,https://teater.aiscr.cz/id/862,288,288 352 850 851 852,
obecná hesla (geografie),general entries (geography),teater,863,https://teater.aiscr.cz/id/863,288,288 352 850 851,
geografická data,geographical data,teater,864,https://teater.aiscr.cz/id/864,288,288 352 850 851 863,
geografická databáze,geographical database,teater,865,https://teater.aiscr.cz/id/865,288,288 352 850 851 863,
geografické informace,geographical information,teater,866,https://teater.aiscr.cz/id/866,288,288 352 850 851 863,
geografický prostor,geographical space,teater,868,https://teater.aiscr.cz/id/868,288,288 352 850 851 863,
objekt (geografie),object (geography),teater,869,https://teater.aiscr.cz/id/869,288,288 352 850 851,
krajina,landscape,teater,870,https://teater.aiscr.cz/id/870,288,288 352 850 851 869,
kulturní krajina,cultural landscape,teater,871,https://teater.aiscr.cz/id/871,288,288 352 850 851 869 870,
městská krajina,urban landscape,teater,872,https://teater.aiscr.cz/id/872,288,288 352 850 851 869 870,
subobor (geografie),subfield (geography),teater,873,https://teater.aiscr.cz/id/873,288,288 352 850 851,
aplikovaná geografie,applied geography,teater,875,https://teater.aiscr.cz/id/875,288,288 352 850 851 873,
behaviorální geografie,behavioral geography,teater,877,https://teater.aiscr.cz/id/877,288,288 352 850 851 873,
biogeografie,biogeography,teater,878,https://teater.aiscr.cz/id/878,288,288 352 850 851 873,
biogeografické členění,biogeographical classification,teater,879,https://teater.aiscr.cz/id/879,288,288 352 850 851 873 878,
fylogeografie,phylogeography,teater,880,https://teater.aiscr.cz/id/880,288,288 352 850 851 873 878,
zoogeografie,zoogeography,teater,881,https://teater.aiscr.cz/id/881,288,288 352 850 851 873 878,
enviromentální geografie,environmental geography,teater,882,https://teater.aiscr.cz/id/882,288,288 352 850 851 873,
fyzická geografie,physical geography,teater,883,https://teater.aiscr.cz/id/883,288,288 352 850 851 873,
hydrogeografie,hydrogeography,teater,884,https://teater.aiscr.cz/id/884,288,288 352 850 851 873 883,
orografie,orography,teater,885,https://teater.aiscr.cz/id/885,288,288 352 850 851 873 883,
pedogeografie,pedogeography,teater,886,https://teater.aiscr.cz/id/886,288,288 352 850 851 873 883,
geografická kartografie,geographical cartography,teater,887,https://teater.aiscr.cz/id/887,288,288 352 850 851 873,
historická geografie,historical geography,teater,888,https://teater.aiscr.cz/id/888,288,288 352 850 851 873,
historický místopis,historical topography,teater,889,https://teater.aiscr.cz/id/889,288,288 352 850 851 873 888,
mytické území,mythical place,teater,890,https://teater.aiscr.cz/id/890,288,288 352 850 851 873 4150,
matematická geografie,mathematical geography,teater,891,https://teater.aiscr.cz/id/891,288,288 352 850 851 873,
regionální geografie,regional geography,teater,893,https://teater.aiscr.cz/id/893,288,288 352 850 851 873,
sociogeografická regionalizace,human regionalization,teater,895,https://teater.aiscr.cz/id/895,288,288 352 850 851 873 893,
socioekonomická geografie,socioeconomic geography,teater,896,https://teater.aiscr.cz/id/896,288,288 352 850 851 873,
ekonomická geografie,economic geography,teater,897,https://teater.aiscr.cz/id/897,288,288 352 850 851 873 896,
geografie náboženství,geography of religion,teater,898,https://teater.aiscr.cz/id/898,288,288 352 850 851 873 896,
geografie obchodu,trade geography,teater,899,https://teater.aiscr.cz/id/899,288,288 352 850 851 873 896,
geografie obyvatelstva,population geography,teater,900,https://teater.aiscr.cz/id/900,288,288 352 850 851 873 896,
kulturní geografie,cultural geography,teater,901,https://teater.aiscr.cz/id/901,288,288 352 850 851 873 896,
sídelní geografie,urban geography,teater,902,https://teater.aiscr.cz/id/902,288,288 352 850 851 873 896,
osídlování,land settlement,teater,903,https://teater.aiscr.cz/id/903,288,288 352 850 851 869 870 4137,
sociologie lidských sídel,sociology of settlements,teater,904,https://teater.aiscr.cz/id/904,288,288 352 850 851 873 896 902,
struktura osídlení,settlement patterns,teater,905,https://teater.aiscr.cz/id/905,288,288 352 850 851 869 870 4137,
sociální geografie,human geography,teater,906,https://teater.aiscr.cz/id/906,288,288 352 850 851 873 896,
topografie,topography,teater,908,https://teater.aiscr.cz/id/908,288,288 352 850 851 873,
topografická kartografie,topographical cartography,teater,909,https://teater.aiscr.cz/id/909,288,288 352 850 851 873 908,
topografické mapování,topographical mapping,teater,910,https://teater.aiscr.cz/id/910,288,288 352 850 851 873 908 909,
vojenská topografie,military topography,teater,911,https://teater.aiscr.cz/id/911,288,288 352 850 851 873 908,
zemědělská geografie,rural geography,teater,912,https://teater.aiscr.cz/id/912,288,288 352 850 851 873,
geologie,geology,teater,913,https://teater.aiscr.cz/id/913,288,288 352 850,
metody (geologie),methods (geology),teater,914,https://teater.aiscr.cz/id/914,288,288 352 850 913,
geologická kartografie,geological cartography,teater,915,https://teater.aiscr.cz/id/915,288,288 352 850 913 914,
geologické mapování,geological mapping,teater,916,https://teater.aiscr.cz/id/916,288,288 352 850 913 914 915,
geologická mapa,geological map,teater,917,https://teater.aiscr.cz/id/917,288,288 352 850 913 914 915,
geologický průzkum,geological survey,teater,918,https://teater.aiscr.cz/id/918,288,288 352 850 913 914,
geologický výzkum,geological research,teater,919,https://teater.aiscr.cz/id/919,288,288 352 850 913 914,
stratigrafie,stratigraphy,teater,920,https://teater.aiscr.cz/id/920,288,288 352 850 913 914,
strukturní geologie,structural geology,teater,921,https://teater.aiscr.cz/id/921,288,288 352 850 913 914,
obecné termíny (geologie),general terms (geology),teater,922,https://teater.aiscr.cz/id/922,288,288 352 850 913,
geologické těleso,geologic body,teater,923,https://teater.aiscr.cz/id/923,288,288 352 850 913 922,
geologické informace,geological information,teater,924,https://teater.aiscr.cz/id/924,288,288 352 850 913 922,
geologická katastrofa,geological disaster,teater,925,https://teater.aiscr.cz/id/925,288,288 352 850 913 922,
geosféra,geosphere,teater,926,https://teater.aiscr.cz/id/926,288,288 352 850 913 922,
litosféra,lithosphere,teater,927,https://teater.aiscr.cz/id/927,288,288 352 850 913 922 926,
zemská kůra,earth crust,teater,928,https://teater.aiscr.cz/id/928,288,288 352 850 913 922 926,
zemské jádro,earth core,teater,929,https://teater.aiscr.cz/id/929,288,288 352 850 913 922 926,
zemský plášť,earth mantle,teater,930,https://teater.aiscr.cz/id/930,288,288 352 850 913 922 926,
příbuzné disciplíny (geologie),related disciplines (geology),teater,931,https://teater.aiscr.cz/id/931,288,288 352 850 913,
environmentální geologie,environmental geology,teater,932,https://teater.aiscr.cz/id/932,288,288 352 850 913 931,
geodezie,geodesy,teater,933,https://teater.aiscr.cz/id/933,288,288 352 850 913 931,
geodetické měření,geodetic measurement,teater,934,https://teater.aiscr.cz/id/934,288,288 352 850 913 931 933,
geodetický přístroj,geodetical instrument,teater,935,https://teater.aiscr.cz/id/935,288,288 352 850 913 931 933,
geofyzika,geophysics,teater,936,https://teater.aiscr.cz/id/936,288,288 352 850 913 931,
geofyzikální informace,geophysical information,teater,937,https://teater.aiscr.cz/id/937,288,288 352 850 913 931 936,
geomagnetismus,geomagnetism,teater,938,https://teater.aiscr.cz/id/938,288,288 352 850 913 931 936,
magnetická susceptibilita,magnetic susceptibility,teater,939,https://teater.aiscr.cz/id/939,288,288 352 850 913 931 936 938,
georadar,ground-penetrating radar,teater,940,https://teater.aiscr.cz/id/940,288,288 352 850 913 931 936,
seizmologie,seismology,teater,941,https://teater.aiscr.cz/id/941,288,288 352 850 913 931 936,
seizmicita,seismicity,teater,942,https://teater.aiscr.cz/id/942,288,288 352 850 913 931 936 941,
tektonika,tectonics,teater,943,https://teater.aiscr.cz/id/943,288,288 352 850 913 931 936,
vulkanologie,volcanology,teater,944,https://teater.aiscr.cz/id/944,288,288 352 850 913 931 936,
geochemie,geochemistry,teater,945,https://teater.aiscr.cz/id/945,288,288 352 850 913 931,
biogeochemie,biogeochemistry,teater,946,https://teater.aiscr.cz/id/946,288,288 352 850 913 931 945,
geochronologie,geochronology,teater,947,https://teater.aiscr.cz/id/947,288,288 352 850 913 931,
geologický vývoj země,geological history of the Earth,teater,948,https://teater.aiscr.cz/id/948,288,288 352 850 913 931 947,
chronostratigrafie,chronostratigraphy,teater,949,https://teater.aiscr.cz/id/949,288,288 352 850 913 931 947,
geomikrobiologie,geomicrobiology,teater,950,https://teater.aiscr.cz/id/950,288,288 352 850 913 931,
geomorfologie,geomorphology,teater,951,https://teater.aiscr.cz/id/951,288,288 352 850 913 931,
antropogenní geomorfologie,anthropogenic geomorphology,teater,952,https://teater.aiscr.cz/id/952,288,288 352 850 913 931 951,
eroze (geologie),erosion,teater,953,https://teater.aiscr.cz/id/953,288,288 352 850 913 931 951,
geomorfologický útvar,geomorphological feature,teater,954,https://teater.aiscr.cz/id/954,288,288 352 850 913 931 951,
kras,karst,teater,955,https://teater.aiscr.cz/id/955,288,288 352 850 913 931 951 954,
krasová oblast,karst area,teater,956,https://teater.aiscr.cz/id/956,288,288 352 850 913 931 951 954,
krasový útvar,karst form,teater,957,https://teater.aiscr.cz/id/957,288,288 352 850 913 931 951 954,
lavina,avalanche,teater,958,https://teater.aiscr.cz/id/958,288,288 352 850 913 931 951 954,
ledovec,glacier,teater,959,https://teater.aiscr.cz/id/959,288,288 352 850 913 931 951 954,
pohoří,mountain range,teater,960,https://teater.aiscr.cz/id/960,288,288 352 850 913 931 951 954,
sesuv půdy,landslide,teater,961,https://teater.aiscr.cz/id/961,288,288 352 850 913 931 951 954,
údolí,valley,teater,962,https://teater.aiscr.cz/id/962,288,288 352 850 913 931 951 954,
glaciologie,glaciology,teater,963,https://teater.aiscr.cz/id/963,288,288 352 850 913 931,
historická geologie,historical geology,teater,964,https://teater.aiscr.cz/id/964,288,288 352 850 913 931,
hornická geologie,mining geology,teater,965,https://teater.aiscr.cz/id/965,288,288 352 850 913 931,
hydrogeologie,hydrogeology,teater,966,https://teater.aiscr.cz/id/966,288,288 352 850 913 931,
ložisková geologie,economic geology,teater,967,https://teater.aiscr.cz/id/967,288,288 352 850 913 931,
meteorologie,meteorology,teater,968,https://teater.aiscr.cz/id/968,288,288 352 850 913 931,
mineralogie,mineralogy,teater,969,https://teater.aiscr.cz/id/969,288,288 352 850 913 931,
minerální ložisko,mineral deposit,teater,970,https://teater.aiscr.cz/id/970,288,288 352 850 913 931 969,
objekt (mineralogie),object (mineralogy),teater,971,https://teater.aiscr.cz/id/971,288,288 352 850 913 931 969,
minerál,mineral,teater,972,https://teater.aiscr.cz/id/972,288,288 352 850 913 931 969 971,
horninotvorný minerál,rock-forming mineral,teater,973,https://teater.aiscr.cz/id/973,288,288 352 850 913 931 969 971 972,
jílový minerál,clay mineral,teater,974,https://teater.aiscr.cz/id/974,288,288 352 850 913 931 969 971 972,
organický minerál,organic mineral,teater,975,https://teater.aiscr.cz/id/975,288,288 352 850 913 931 969 971 972,
optické vlastnosti minerálu,optical properties of mineral,teater,976,https://teater.aiscr.cz/id/976,288,288 352 850 913 931 969,
subobor (mineralogie),subfield (mineralogy),teater,977,https://teater.aiscr.cz/id/977,288,288 352 850 913 931 969,
systematická mineralogie,systematic mineralogy,teater,978,https://teater.aiscr.cz/id/978,288,288 352 850 913 931 969 977,
oceánografie,oceanography,teater,979,https://teater.aiscr.cz/id/979,288,288 352 850 913 931,
pedologie,pedology,teater,980,https://teater.aiscr.cz/id/980,288,288 352 850 913 931,
kyselost půdy,soil acidity,teater,981,https://teater.aiscr.cz/id/981,288,288 352 850 913 931 980,
metody (pedologie),methods (mineralogy),teater,982,https://teater.aiscr.cz/id/982,288,288 352 850 913 931 980,
půdní rozbor,soil testing,teater,983,https://teater.aiscr.cz/id/983,288,288 352 850 913 931 980 982,
objekt (pedologie),object (pedology),teater,984,https://teater.aiscr.cz/id/984,288,288 352 850 913 931 980,
půda,soil,teater,985,https://teater.aiscr.cz/id/985,288,288 352 850 913 931 980 984,
nadloží,overburden,teater,986,https://teater.aiscr.cz/id/986,288,288 352 850 913 931 980 984 985,
podloží,bedrock,teater,987,https://teater.aiscr.cz/id/987,288,288 352 850 913 931 980 984 985,
půdní profil,soil profile,teater,988,https://teater.aiscr.cz/id/988,288,288 352 850 913 931 980 984 985,
typologie zemědělských půd,typology of agricultural land,teater,989,https://teater.aiscr.cz/id/989,288,288 352 850 913 931 980,
petrologie,petrography,teater,990,https://teater.aiscr.cz/id/990,288,288 352 850 913 931,
objekt (petrologie),object (petrography),teater,991,https://teater.aiscr.cz/id/991,288,288 352 850 913 931 990,
hornina,rock,teater,992,https://teater.aiscr.cz/id/992,288,288 352 850 913 931 990 991,
metamorfovaná hornina,metamorphic rock,teater,993,https://teater.aiscr.cz/id/993,288,288 352 850 913 931 990 991 992,
uhlíkatá hornina,carbon rock,teater,994,https://teater.aiscr.cz/id/994,288,288 352 850 913 931 990 991 992,
vyvřelá hornina,igneous rock,teater,995,https://teater.aiscr.cz/id/995,288,288 352 850 913 931 990 991 992,
regionální geologie,regional geology,teater,996,https://teater.aiscr.cz/id/996,288,288 352 850 913 931,
sedimentologie,sedimentology,teater,997,https://teater.aiscr.cz/id/997,288,288 352 850 913 931,
metody (sedimentologie),methods (sedimentology),teater,998,https://teater.aiscr.cz/id/998,288,288 352 850 913 931 997,
sedimentologický výzkum,sedimentological research,teater,999,https://teater.aiscr.cz/id/999,288,288 352 850 913 931 997 998,
objekt (sedimentologie),object (sedimentology),teater,1000,https://teater.aiscr.cz/id/1000,288,288 352 850 913 931 997,
sediment,sediment,teater,1001,https://teater.aiscr.cz/id/1001,288,288 352 850 913 931 997 1000,
fluviální sediment,fluviatile sediment,teater,1002,https://teater.aiscr.cz/id/1002,288,288 352 850 913 931 997 1000 1001,
glaciální sedimentace,glacial deposition,teater,1003,https://teater.aiscr.cz/id/1003,288,288 352 850 913 931 997 1000 1001,
ledovcový sediment,glacial deposit,teater,1004,https://teater.aiscr.cz/id/1004,288,288 352 850 913 931 997 1000 1001,
sedimentární hornina,sedimentary rock,teater,1005,https://teater.aiscr.cz/id/1005,288,288 352 850 913 931 997 1000 1001,
spraš,loess,teater,1006,https://teater.aiscr.cz/id/1006,288,288 352 850 913 931 997 1000 1001,
speleologie,speleology,teater,1007,https://teater.aiscr.cz/id/1007,288,288 352 850 913 931,
strukturní geologie,structural geology,teater,1008,https://teater.aiscr.cz/id/1008,288,288 352 850 913 931,
hydrologie,hydrology,teater,1009,https://teater.aiscr.cz/id/1009,288,288 352 850,
obecná hesla (hydrologie),general entries (hydrology),teater,1010,https://teater.aiscr.cz/id/1010,288,288 352 850 1009,
hydrologická mapa,hydrological map,teater,1011,https://teater.aiscr.cz/id/1011,288,288 352 850 1009 1010,
hydrologický model,hydrological model,teater,1012,https://teater.aiscr.cz/id/1012,288,288 352 850 1009 1010,
objekt (hydrologie),object (hydrology),teater,1013,https://teater.aiscr.cz/id/1013,288,288 352 850 1009,
hydrosféra,hydrosphere,teater,1014,https://teater.aiscr.cz/id/1014,288,288 352 850 1009 1013,
jezero,lake,teater,1015,https://teater.aiscr.cz/id/1015,288,288 352 850 1009 1013,
vodní nádrž,reservoir,teater,1016,https://teater.aiscr.cz/id/1016,288,288 352 850 1009 1013,
vodní tok,water stream,teater,1017,https://teater.aiscr.cz/id/1017,288,288 352 850 1009 1013,
prameniště,spring area,teater,1018,https://teater.aiscr.cz/id/1018,288,288 352 850 1009 1013 1017,
řeka,river,teater,1019,https://teater.aiscr.cz/id/1019,288,288 352 850 1009 1013 1017,
říční koryto,river channel,teater,1020,https://teater.aiscr.cz/id/1020,288,288 352 850 1009 1013 1017,
soutok,confluence,teater,1021,https://teater.aiscr.cz/id/1021,288,288 352 850 1009 1013 1017,
vodní pramen,spring,teater,1022,https://teater.aiscr.cz/id/1022,288,288 352 850 1009 1013 1017,
vodopád,waterfall,teater,1023,https://teater.aiscr.cz/id/1023,288,288 352 850 1009 1013 1017,
subobory (hydrologie),subfield (hydrology),teater,1024,https://teater.aiscr.cz/id/1024,288,288 352 850 1009,
fluviální geomorfologie,fluvial geomorphology,teater,1025,https://teater.aiscr.cz/id/1025,288,288 352 850 1009 1024,
historická hydrologie,historical hydrology,teater,1026,https://teater.aiscr.cz/id/1026,288,288 352 850 1009 1024,
hydrometrie,hydrometry,teater,1027,https://teater.aiscr.cz/id/1027,288,288 352 850 1009 1024,
kartografie,cartography,teater,1028,https://teater.aiscr.cz/id/1028,288,288 352 850,
historická kartografie,historical cartography,teater,1029,https://teater.aiscr.cz/id/1029,288,288 352 850 1028,
dějepisná mapa,history map,teater,1030,https://teater.aiscr.cz/id/1030,288,288 352 850 1028 1029,
stará mapa,old maps,teater,1031,https://teater.aiscr.cz/id/1031,288,288 352 850 1028 1029,
katastr nemovitostí,cadastre,teater,1032,https://teater.aiscr.cz/id/1032,288,288 352 850 1028,
katastrální mapa,cadastral maps,teater,1033,https://teater.aiscr.cz/id/1033,288,288 352 850 1028,
mapový archiv,map archive,teater,1034,https://teater.aiscr.cz/id/1034,288,288 352 850 1028,
mapová sbírka,map collection,teater,1035,https://teater.aiscr.cz/id/1035,288,288 352 850 1028,
klimatologie,climatology,teater,1036,https://teater.aiscr.cz/id/1036,288,288 352 850,
klima,climate,teater,1037,https://teater.aiscr.cz/id/1037,288,288 352 850 1036,
klimatické pásmo,climatic zone,teater,1038,https://teater.aiscr.cz/id/1038,288,288 352 850 1036 1037,
klimatické podmínky,climatic conditions,teater,1039,https://teater.aiscr.cz/id/1039,288,288 352 850 1036 1037,
klimatická změna,climate change,teater,1040,https://teater.aiscr.cz/id/1040,288,288 352 850 1036 1037,
vlastivěda,national history and geography,teater,1041,https://teater.aiscr.cz/id/1041,288,288 352,
vlastivědná mapa,national history map,teater,1042,https://teater.aiscr.cz/id/1042,288,288 352 1041,
vlastivědná společnost,national history and geography society,teater,1043,https://teater.aiscr.cz/id/1043,288,288 352 1041,
vlastivědná stezka,regional education trail,teater,1044,https://teater.aiscr.cz/id/1044,288,288 352 1041,
vlastivědné muzeum,national history and geography museum,teater,1045,https://teater.aiscr.cz/id/1045,288,288 352 1041,
vlastivědný spolek,national history and geography association,teater,1046,https://teater.aiscr.cz/id/1046,288,288 352 1041,
5) chronologie,5) Chronology,teater,1050,https://teater.aiscr.cz/id/1050,1050,,
geologická doba,geological era,teater,1051,https://teater.aiscr.cz/id/1051,1050,1050,
prahory,Archean,teater,1052,https://teater.aiscr.cz/id/1052,1050,1050 1051,
prvohory,palaeozoic,teater,1053,https://teater.aiscr.cz/id/1053,1050,1050 1051,
druhohory,mesozoic,teater,1054,https://teater.aiscr.cz/id/1054,1050,1050 1051,
kenozoikum,cenozoic,teater,1055,https://teater.aiscr.cz/id/1055,1050,1050 1051,
třetihory,tertiary,teater,1056,https://teater.aiscr.cz/id/1056,1050,1050 1051 1055,
paleogén,palaeogene,teater,1057,https://teater.aiscr.cz/id/1057,1050,1050 1051 1055 1056,
neogén,neogene,teater,1058,https://teater.aiscr.cz/id/1058,1050,1050 1051 1055 1056,
čtvrtohory,Quaternary,teater,1059,https://teater.aiscr.cz/id/1059,1050,1050 1051 1055,
pleistocén,pleistocene,teater,1060,https://teater.aiscr.cz/id/1060,1050,1050 1051 1055 1059,
doba ledová,glacial epoch,teater,1061,https://teater.aiscr.cz/id/1061,1050,1050 1051 1055 1059 1060,
doba meziledová,interglacial period,teater,1062,https://teater.aiscr.cz/id/1062,1050,1050 1051 1055 1059 1060,
holocén,holocene,teater,1063,https://teater.aiscr.cz/id/1063,1050,1050 1051 1055 1059,
preboreál (paleoklimatologie),Preboreal (paleoclimatology),teater,1064,https://teater.aiscr.cz/id/1064,1050,1050 1051 1055 1059 1063,
boreál (paleoklimatologie),Boreal (paleoclimatology),teater,1065,https://teater.aiscr.cz/id/1065,1050,1050 1051 1055 1059 1063,
atlantik (paleoklimatologie),Atlantic (paleoclimatology),teater,1066,https://teater.aiscr.cz/id/1066,1050,1050 1051 1055 1059 1063,
epiatlantik (paleoklimatologie),Epi-atlantic (paleoclimatology),teater,1067,https://teater.aiscr.cz/id/1067,1050,1050 1051 1055 1059 1063,
**suborál (paleoklimatologie),Subboreal (paleoclimatology),teater,1068,https://teater.aiscr.cz/id/1068,1050,1050 1051 1055 1059 1063,
subatlantik (paleoklimatologie),Subatlantic (paleoclimatology),teater,1069,https://teater.aiscr.cz/id/1069,1050,1050 1051 1055 1059 1063,
periodizace dějin,periodization in history,teater,1070,https://teater.aiscr.cz/id/1070,1050,1050,
archeologická periodizace,archaeological periodization,teater,1071,https://teater.aiscr.cz/id/1071,1050,1050 1070,
pravěk,prehistory,teater,1072,https://teater.aiscr.cz/id/1072,1050,1050 1070 1071,
paleolit-mezolit,Palaeolithic-Mesolithic,teater,1073,https://teater.aiscr.cz/id/1073,1050,1050 1070 1071 1072,
zemědelský pravěk,farming prehistory,teater,1074,https://teater.aiscr.cz/id/1074,1050,1050 1070 1071 1072,
doba kamenná,stone age,teater,1075,https://teater.aiscr.cz/id/1075,1050,1050 1070 1071,
paleolit,Palaeolithic,teater,1076,https://teater.aiscr.cz/id/1076,1050,1050 1070 1071,
starší paleolit,Lower Palaeolithic,teater,1077,https://teater.aiscr.cz/id/1077,1050,1050 1070 1071 1076,
acheuléen,Acheulian,teater,1078,https://teater.aiscr.cz/id/1078,1050,1050 1070 1071 1076 1077,
oldovan,Oldowan,teater,1079,https://teater.aiscr.cz/id/1079,1050,1050 1070 1071 1076 1077,
střední paleolit,Middle Palaeolithic,teater,1080,https://teater.aiscr.cz/id/1080,1050,1050 1070 1071 1076,
krumlovien,krumlovian,teater,1081,https://teater.aiscr.cz/id/1081,1050,1050 1070 1071 1076 1080,
micoquien,micoquien,teater,1082,https://teater.aiscr.cz/id/1082,1050,1050 1070 1071 1076 1080,
moustérien,mousterian,teater,1083,https://teater.aiscr.cz/id/1083,1050,1050 1070 1071 1076 1080,
taubachien,taubachian,teater,1084,https://teater.aiscr.cz/id/1084,1050,1050 1070 1071 1076 1080,
mladý paleolit,Upper Palaeolithic,teater,1085,https://teater.aiscr.cz/id/1085,1050,1050 1070 1071 1076,
aurignacien,aurignacian,teater,1086,https://teater.aiscr.cz/id/1086,1050,1050 1070 1071 1076 1085,
bohunicien,bohunician,teater,1087,https://teater.aiscr.cz/id/1087,1050,1050 1070 1071 1076 1085,
epigravettien,epigravettian,teater,1088,https://teater.aiscr.cz/id/1088,1050,1050 1070 1071 1076 1085,
gravettien,gravettian,teater,1089,https://teater.aiscr.cz/id/1089,1050,1050 1070 1071 1076 1085,
magdalénien,magdalenian,teater,1090,https://teater.aiscr.cz/id/1090,1050,1050 1070 1071 1076 1085,
pavlovien,pavlovian,teater,1091,https://teater.aiscr.cz/id/1091,1050,1050 1070 1071 1076 1085,
solutréen,solutrean,teater,1092,https://teater.aiscr.cz/id/1092,1050,1050 1070 1071 1076 1085,
szeletien,szeletian,teater,1093,https://teater.aiscr.cz/id/1093,1050,1050 1070 1071 1076 1085,
tišnovien,tišnovien,teater,1094,https://teater.aiscr.cz/id/1094,1050,1050 1070 1071 1076 1085,
pozdní paleolit,epipalaeolithic,teater,1095,https://teater.aiscr.cz/id/1095,1050,1050 1070 1071 1076,
epimagdalenien,epimagdalenian,teater,1096,https://teater.aiscr.cz/id/1096,1050,1050 1070 1071 1076 1095,
ostroměřská skupina,Ostroměř Group,teater,1097,https://teater.aiscr.cz/id/1097,1050,1050 1070 1071 1076 1095,
skupina federmesser,Federmesser group,teater,1098,https://teater.aiscr.cz/id/1098,1050,1050 1070 1071 1076 1095,
mezolit,mesolithic,teater,1099,https://teater.aiscr.cz/id/1099,1050,1050 1070 1071,
neolit-eneolit,neolithic-eneolithic,teater,1100,https://teater.aiscr.cz/id/1100,1050,1050 1070 1071,
neolit,neolithic,teater,1101,https://teater.aiscr.cz/id/1101,1050,1050 1070 1071,
starší neolit,early neolithic,teater,1102,https://teater.aiscr.cz/id/1102,1050,1050 1070 1071 1101,
kultura oberlauterbašská,Oberlauterbach culture,teater,1103,https://teater.aiscr.cz/id/1103,1050,1050 1070 1071 1101 1102,
kultura s lineární keramikou,linear pottery culture,teater,1104,https://teater.aiscr.cz/id/1104,1050,1050 1070 1071 1101 1102,
kultura s vypíchanou keramikou,stroke pottery culture,teater,1105,https://teater.aiscr.cz/id/1105,1050,1050 1070 1071 1101 1102,
kultura starčevo-kriš,Starčevo–Körös–Criș culture,teater,1106,https://teater.aiscr.cz/id/1106,1050,1050 1070 1071 1101 1102,
šárecký typ,Šárka type,teater,1107,https://teater.aiscr.cz/id/1107,1050,1050 1070 1071 1101 1102,
trypilská kultura,Trypilian culture,teater,1108,https://teater.aiscr.cz/id/1108,1050,1050 1070 1071 1101 1102,
vinčanská kultura,Vinca culture,teater,1109,https://teater.aiscr.cz/id/1109,1050,1050 1070 1071 1101 1102,
želiezovský typ,Želizovce group,teater,1110,https://teater.aiscr.cz/id/1110,1050,1050 1070 1071 1101 1102,
střední / mladší neolit,middle / late neolithic,teater,1111,https://teater.aiscr.cz/id/1111,1050,1050 1070 1071 1101,
bukovohorská kultura,Bükk culture,teater,1112,https://teater.aiscr.cz/id/1112,1050,1050 1070 1071 1101 1111,
butmirská kultura,Butmir culture,teater,1113,https://teater.aiscr.cz/id/1113,1050,1050 1070 1071 1101 1111,
kultura münchshöfenská,Münchshofen culture,teater,1114,https://teater.aiscr.cz/id/1114,1050,1050 1070 1071 1101 1111,
kultura s kardiovou keramikou,Cardial culture,teater,1115,https://teater.aiscr.cz/id/1115,1050,1050 1070 1071 1101 1111,
kultura s moravskou malovanou keramikou,Moravian painted ware culture,teater,1116,https://teater.aiscr.cz/id/1116,1050,1050 1070 1071 1101 1111,
kultura potiská,Tisza culture,teater,1117,https://teater.aiscr.cz/id/1117,1050,1050 1070 1071 1101 1111,
lengyelská kultura,Lengyel culture,teater,1118,https://teater.aiscr.cz/id/1118,1050,1050 1070 1071 1101 1111,
doba měděná,Chalcolithic,teater,1119,https://teater.aiscr.cz/id/1119,1050,1050 1070 1071,
eneolit,eneolithic,teater,1120,https://teater.aiscr.cz/id/1120,1050,1050 1070 1071,
časný eneolit,proto-eneolithic,teater,1121,https://teater.aiscr.cz/id/1121,1050,1050 1070 1071 1120,
jordanovská kultura,Jordanów culture,teater,1122,https://teater.aiscr.cz/id/1122,1050,1050 1070 1071 1120 1121,
kultura retz-bajč-křepice,Retz-Bajč-Křepice,teater,1123,https://teater.aiscr.cz/id/1123,1050,1050 1070 1071 1120 1121,
majkopská kultura,Maikop culture,teater,1124,https://teater.aiscr.cz/id/1124,1050,1050 1070 1071 1120 1121,
michelsberská kultura,Michelsberg culture,teater,1125,https://teater.aiscr.cz/id/1125,1050,1050 1070 1071 1120 1121,
schusseriedská kultura,Schussenried culture,teater,1126,https://teater.aiscr.cz/id/1126,1050,1050 1070 1071 1120 1121,
starší eneolit,early eneolithic,teater,1127,https://teater.aiscr.cz/id/1127,1050,1050 1070 1071 1120,
jámová kultura,Yamnaya culture,teater,1128,https://teater.aiscr.cz/id/1128,1050,1050 1070 1071 1120 1127,
kultura nálevkovitých pohárů,funnel beaker culture,teater,1129,https://teater.aiscr.cz/id/1129,1050,1050 1070 1071 1120 1127,
ohrozimský typ,Ohrozim Type,teater,1130,https://teater.aiscr.cz/id/1130,1050,1050 1070 1071 1120 1127,
střední eneolit,middle eneolithic,teater,1131,https://teater.aiscr.cz/id/1131,1050,1050 1070 1071 1120,
badenská kultura,Baden culture,teater,1132,https://teater.aiscr.cz/id/1132,1050,1050 1070 1071 1120 1131,
kultura s kanelovanou keramikou,cannelated ware culture,teater,1133,https://teater.aiscr.cz/id/1133,1050,1050 1070 1071 1120 1131 1132,
chamská kultura,Cham culture,teater,1134,https://teater.aiscr.cz/id/1134,1050,1050 1070 1071 1120 1131,
katakombní kultura,Catacomb culture,teater,1135,https://teater.aiscr.cz/id/1135,1050,1050 1070 1071 1120 1131,
kultura kulovitých amfor,Globular Amphora Culture,teater,1136,https://teater.aiscr.cz/id/1136,1050,1050 1070 1071 1120 1131,
řivnáčská kultura,Řivnáč culture,teater,1137,https://teater.aiscr.cz/id/1137,1050,1050 1070 1071 1120 1131,
mladší eneolit,late eneolithic,teater,1138,https://teater.aiscr.cz/id/1138,1050,1050 1070 1071 1120,
bošácká skupina,Bošáca Group,teater,1139,https://teater.aiscr.cz/id/1139,1050,1050 1070 1071 1120 1138,
jevišovická kultura,Jevišovice culture,teater,1140,https://teater.aiscr.cz/id/1140,1050,1050 1070 1071 1120 1138,
vučedolská kultura,Vučedol culture,teater,1141,https://teater.aiscr.cz/id/1141,1050,1050 1070 1071 1120 1138,
mladší / pozdní eneolit,late / final eneolithic,teater,1142,https://teater.aiscr.cz/id/1142,1050,1050 1070 1071 1120,
kultura chłopice-veselé,Chlopice-Veselé culture,teater,1143,https://teater.aiscr.cz/id/1143,1050,1050 1070 1071 1120 1142,
kultura kosihy-čaka,Kosihy-Čaka culture,teater,1144,https://teater.aiscr.cz/id/1144,1050,1050 1070 1071 1120 1142,
kultura se šňůrovou keramikou,corded ware culture,teater,1145,https://teater.aiscr.cz/id/1145,1050,1050 1070 1071 1120 1142,
kultura zvoncovitých pohárů,bell beaker culture,teater,1146,https://teater.aiscr.cz/id/1146,1050,1050 1070 1071 1120 1142,
doba bronzová - halštatská,bronze age-hallstatt,teater,1147,https://teater.aiscr.cz/id/1147,1050,1050 1070 1071,
doba bronzová,bronze age,teater,1148,https://teater.aiscr.cz/id/1148,1050,1050 1070 1071,
starší doba bronzová,early bronze age,teater,1149,https://teater.aiscr.cz/id/1149,1050,1050 1070 1071 1148,
andronovská kultura,Andronovo culture,teater,1150,https://teater.aiscr.cz/id/1150,1050,1050 1070 1071 1148 1149,
egejská kultura,Aegean culture,teater,1151,https://teater.aiscr.cz/id/1151,1050,1050 1070 1071 1148 1149,
helladská kultura,Helladic period,teater,1152,https://teater.aiscr.cz/id/1152,1050,1050 1070 1071 1148 1149 1151,
mykénská kultura,Mycenaean civilization,teater,1153,https://teater.aiscr.cz/id/1153,1050,1050 1070 1071 1148 1149 1151 1152,
kykladská kultura,Cycladic culture,teater,1154,https://teater.aiscr.cz/id/1154,1050,1050 1070 1071 1148 1149 1151,
minojská kultura,Minoan culture,teater,1155,https://teater.aiscr.cz/id/1155,1050,1050 1070 1071 1148 1149 1151,
hatvanská kultura,Hatvan Culture,teater,1156,https://teater.aiscr.cz/id/1156,1050,1050 1070 1071 1148 1149,
kargopolská kultura,Kargopol culture,teater,1157,https://teater.aiscr.cz/id/1157,1050,1050 1070 1071 1148 1149,
kobanská kultura,Koban culture,teater,1158,https://teater.aiscr.cz/id/1158,1050,1050 1070 1071 1148 1149,
maďarovská kultura,Maďarovce culture,teater,1159,https://teater.aiscr.cz/id/1159,1050,1050 1070 1071 1148 1149,
nitrianska kultura,Nitra culture,teater,1160,https://teater.aiscr.cz/id/1160,1050,1050 1070 1071 1148 1149,
nuragská kultura,Nuragic civilization,teater,1161,https://teater.aiscr.cz/id/1161,1050,1050 1070 1071 1148 1149,
otomanská kultura,Ottomany culture,teater,1162,https://teater.aiscr.cz/id/1162,1050,1050 1070 1071 1148 1149,
protoúnětická kultura,Proto-Únětice culture,teater,1163,https://teater.aiscr.cz/id/1163,1050,1050 1070 1071 1148 1149,
únětická kultura,Únětice culture,teater,1164,https://teater.aiscr.cz/id/1164,1050,1050 1070 1071 1148 1149,
věterovská kultura,Věteřov culture,teater,1165,https://teater.aiscr.cz/id/1165,1050,1050 1070 1071 1148 1149,
střední doba bronzová,middle bronze age,teater,1166,https://teater.aiscr.cz/id/1166,1050,1050 1070 1071 1148,
kultura sabatynivka,Sabatinovka culture,teater,1167,https://teater.aiscr.cz/id/1167,1050,1050 1070 1071 1148 1166,
mohylové kultury,Tumulus culture,teater,1168,https://teater.aiscr.cz/id/1168,1050,1050 1070 1071 1148 1166,
českofalcká mohylová kultura,Bohemian-Palatinate tumulus culture,teater,1169,https://teater.aiscr.cz/id/1169,1050,1050 1070 1071 1148 1166 1168,
karpatská mohylová kultura,Carpathian Tumuli culture,teater,1170,https://teater.aiscr.cz/id/1170,1050,1050 1070 1071 1148 1166 1168,
středodunajská mohylová kultura,Middle-Danubian tumulus culture,teater,1171,https://teater.aiscr.cz/id/1171,1050,1050 1070 1071 1148 1166 1168,
piliňská kultura,Piliny culture,teater,1172,https://teater.aiscr.cz/id/1172,1050,1050 1070 1071 1148 1166,
sejmský kulturní okruh,Seima-Turbino phenomenon,teater,1173,https://teater.aiscr.cz/id/1173,1050,1050 1070 1071 1148 1166,
trzciniecko-komarivský komplex,Trzciniec-Komariv culture,teater,1174,https://teater.aiscr.cz/id/1174,1050,1050 1070 1071 1148 1166,
mladší doba bronzová,late bronze age,teater,1175,https://teater.aiscr.cz/id/1175,1050,1050 1070 1071 1148,
kultury popelnicových polí,Urnfield culture,teater,1176,https://teater.aiscr.cz/id/1176,1050,1050 1070 1071 1148 1175,
hornodunajská popelnicová pole,Upper Danube Urnfield culture,teater,1177,https://teater.aiscr.cz/id/1177,1050,1050 1070 1071 1148 1175 1176,
knovízská kultura,Knovíz culture,teater,1178,https://teater.aiscr.cz/id/1178,1050,1050 1070 1071 1148 1175 1176 1177,
karpatská popelnicová pole,Carpathian Urnfield culture,teater,1179,https://teater.aiscr.cz/id/1179,1050,1050 1070 1071 1148 1175 1176,
čakanská kultura,Čakan culture,teater,1180,https://teater.aiscr.cz/id/1180,1050,1050 1070 1071 1148 1175 1176 1179,
gávská kultura,Gáva culture,teater,1181,https://teater.aiscr.cz/id/1181,1050,1050 1070 1071 1148 1175 1176 1179,
lužická kultura,Lusatian culture,teater,1182,https://teater.aiscr.cz/id/1182,1050,1050 1070 1071 1148 1175 1176,
saská lužická kultura,Saxonian-Lusatian culture,teater,1183,https://teater.aiscr.cz/id/1183,1050,1050 1070 1071 1148 1175 1176,
středodunajská popelnicová pole,Middle Danube Urnfield culture,teater,1184,https://teater.aiscr.cz/id/1184,1050,1050 1070 1071 1148 1175 1176,
velatická kultura,Velatice culture,teater,1185,https://teater.aiscr.cz/id/1185,1050,1050 1070 1071 1148 1175 1176 1184,
milavečská kultura,Milavče culture,teater,1186,https://teater.aiscr.cz/id/1186,1050,1050 1070 1071 1148 1175,
kultura dřevených srubů,Srubnaya culture,teater,1187,https://teater.aiscr.cz/id/1187,1050,1050 1070 1071 1148 1175,
pozdní doba bronzová,final bronze age,teater,1188,https://teater.aiscr.cz/id/1188,1050,1050 1070 1071 1148,
billendorfská kultúra,Billendorf culture,teater,1189,https://teater.aiscr.cz/id/1189,1050,1050 1070 1071 1148 1188,
kultura nuova,Noua culture,teater,1190,https://teater.aiscr.cz/id/1190,1050,1050 1070 1071 1148 1188,
kyjatická kultura,Kyjatice culture,teater,1191,https://teater.aiscr.cz/id/1191,1050,1050 1070 1071 1148 1188,
nynická kultura,Nynice culture,teater,1192,https://teater.aiscr.cz/id/1192,1050,1050 1070 1071 1148 1188,
podolská kultura,Podolí culture,teater,1193,https://teater.aiscr.cz/id/1193,1050,1050 1070 1071 1148 1188,
slezskoplatěnická kultura,Silesian-Platěnice culture,teater,1194,https://teater.aiscr.cz/id/1194,1050,1050 1070 1071 1148 1188,
štítarská kultura,Štítary culture,teater,1196,https://teater.aiscr.cz/id/1196,1050,1050 1070 1071 1148 1188,
tagarská kultura,Tagar culture,teater,1197,https://teater.aiscr.cz/id/1197,1050,1050 1070 1071 1148 1188,
d. halštatská - laténska nesp.,Hallstatt-La Tène period,teater,1198,https://teater.aiscr.cz/id/1198,1050,1050 1070 1071,
doba železná,Iron age,teater,1199,https://teater.aiscr.cz/id/1199,1050,1050 1070 1071,
doba halštatská,Hallstatt period,teater,1200,https://teater.aiscr.cz/id/1200,1050,1050 1070 1071,
starší doba halštatská (hac-d1),early Hallstatt period (HaC-D1),teater,1201,https://teater.aiscr.cz/id/1201,1050,1050 1070 1071 1200,
bylanská kultura,Bylany culture,teater,1202,https://teater.aiscr.cz/id/1202,1050,1050 1070 1071 1200 1201,
halštatská mohylová kultura,Hallstatt tumulus culture,teater,1203,https://teater.aiscr.cz/id/1203,1050,1050 1070 1071 1200 1201,
horákovská kultura,Horákov culture,teater,1204,https://teater.aiscr.cz/id/1204,1050,1050 1070 1071 1200 1201,
kultura billendorfská hac,Billendorf Culture (HaC),teater,1205,https://teater.aiscr.cz/id/1205,1050,1050 1070 1071 1200 1201,
slezskoplatěnická kultura hac-d,Silesian-Platěnice culture (HaC-D),teater,1206,https://teater.aiscr.cz/id/1206,1050,1050 1070 1071 1200 1201,
platěnická kultura,Platěnice culture,teater,1207,https://teater.aiscr.cz/id/1207,1050,1050 1070 1071 1200 1201 1206,
mladší doba halštatská (had2-3),late Hallstatt period (HaD2-3),teater,1208,https://teater.aiscr.cz/id/1208,1050,1050 1070 1071 1200,
halštatská kultura,Hallstatt culture,teater,1209,https://teater.aiscr.cz/id/1209,1050,1050 1070 1071 1200,
jastorfská kultura,Jastorf culture,teater,1210,https://teater.aiscr.cz/id/1210,1050,1050 1070 1071 1200,
kalenderberská kultura,Kalenderberg culture,teater,1211,https://teater.aiscr.cz/id/1211,1050,1050 1070 1071 1200,
kultura pomořanská,Pomeranian culture,teater,1212,https://teater.aiscr.cz/id/1212,1050,1050 1070 1071 1200,
villanovská kultura,Villanovan culture,teater,1213,https://teater.aiscr.cz/id/1213,1050,1050 1070 1071 1200,
doba laténska - římska,La Tène - Roman period,teater,1214,https://teater.aiscr.cz/id/1214,1050,1050 1070 1071,
doba laténska,La Tène period,teater,1215,https://teater.aiscr.cz/id/1215,1050,1050 1070 1071,
časná doba laténska (lta),early La Tène period,teater,1216,https://teater.aiscr.cz/id/1216,1050,1050 1070 1071 1215,
podmokelská kultura,Podmokly group,teater,1217,https://teater.aiscr.cz/id/1217,1050,1050 1070 1071 1215 1216,
turnovský typ,Turnov type,teater,1218,https://teater.aiscr.cz/id/1218,1050,1050 1070 1071 1215 1216,
střední doba laténská (ltb-c1),middle La Tène period (LtB-C1),teater,1219,https://teater.aiscr.cz/id/1219,1050,1050 1070 1071 1215,
mladší/pozdní doba laténská (ltc2-d),late/final La Tène period (LtC2-D),teater,1220,https://teater.aiscr.cz/id/1220,1050,1050 1070 1071 1215,
przeworská kultura,Przeworsk culture,teater,1221,https://teater.aiscr.cz/id/1221,1050,1050 1070 1071 1215 1220,
púchovská kultura,Púchov culture,teater,1222,https://teater.aiscr.cz/id/1222,1050,1050 1070 1071 1215 1220,
pozdní doba laténská (ltd),final La Tène period (LtD),teater,1223,https://teater.aiscr.cz/id/1223,1050,1050 1070 1071 1215,
kobylská skupina,Kobyly group,teater,1224,https://teater.aiscr.cz/id/1224,1050,1050 1070 1071 1215 1223,
laténska kultura,La Tène culture,teater,1225,https://teater.aiscr.cz/id/1225,1050,1050 1070 1071 1215,
doba římská - stěhování národů,roman - migration period,teater,1226,https://teater.aiscr.cz/id/1226,1050,1050 1070 1071,
doba římská,Roman period,teater,1227,https://teater.aiscr.cz/id/1227,1050,1050 1070 1071,
starší doba římská,early Roman period,teater,1228,https://teater.aiscr.cz/id/1228,1050,1050 1070 1071 1227,
plaňanský typ,Plaňany type,teater,1229,https://teater.aiscr.cz/id/1229,1050,1050 1070 1071 1227 1228,
mladší doba římská,late Roman period,teater,1230,https://teater.aiscr.cz/id/1230,1050,1050 1070 1071 1227,
stěhování národů,Migration period,teater,1231,https://teater.aiscr.cz/id/1231,1050,1050 1070 1071,
starší doba stěhování národů,Early migration period,teater,1232,https://teater.aiscr.cz/id/1232,1050,1050 1070 1071 1231,
dobrodzieńská skupina,Dobrodzień group,teater,1233,https://teater.aiscr.cz/id/1233,1050,1050 1070 1071 1231 1232,
vinařická skupina,Vinařice group,teater,1234,https://teater.aiscr.cz/id/1234,1050,1050 1070 1071 1231 1232,
mladší doba stěhování národů,Late migration period,teater,1235,https://teater.aiscr.cz/id/1235,1050,1050 1070 1071 1231,
středověk - novověk,Middle ages - modern period,teater,1236,https://teater.aiscr.cz/id/1236,1050,1050 1070 1071,
středověk,Medieval Period,teater,1237,https://teater.aiscr.cz/id/1237,1050,1050 1070 1071,
raný středověk,Early Middle Ages,teater,1238,https://teater.aiscr.cz/id/1238,1050,1050 1070 1071 1237,
doba hradištní,hillfort period,teater,1239,https://teater.aiscr.cz/id/1239,1050,1050 1070 1071 1237 1238,
starší doba hradištní,early hillfort period,teater,1240,https://teater.aiscr.cz/id/1240,1050,1050 1070 1071 1237 1238 1239,
střední doba hradištní,middle hillfort period,teater,1241,https://teater.aiscr.cz/id/1241,1050,1050 1070 1071 1237 1238 1239,
mladší doba hradištní,late hillfort period,teater,1242,https://teater.aiscr.cz/id/1242,1050,1050 1070 1071 1237 1238 1239,
kultura pražského typu,Prague-type pottery group,teater,1243,https://teater.aiscr.cz/id/1243,1050,1050 1070 1071 1237 1238,
čerňjachovská kultura,Chernyakhov culture,teater,1244,https://teater.aiscr.cz/id/1244,1050,1050 1070 1071 1237 1238,
kultura praha-korčak,Prague-Korchak culture,teater,1245,https://teater.aiscr.cz/id/1245,1050,1050 1070 1071 1237 1238,
zarubiněcká kultura,Zarubintsy culture,teater,1246,https://teater.aiscr.cz/id/1246,1050,1050 1070 1071 1237 1238,
vrcholný - pozdní středověk,High - late middle ages,teater,1247,https://teater.aiscr.cz/id/1247,1050,1050 1070 1071 1237,
vrcholný středověk,High middle ages,teater,1248,https://teater.aiscr.cz/id/1248,1050,1050 1070 1071 1237,
pozdní středověk,Late Middle Ages,teater,1249,https://teater.aiscr.cz/id/1249,1050,1050 1070 1071 1237,
novověk - industriální období,Modern - industrial period,teater,1250,https://teater.aiscr.cz/id/1250,1050,1050 1070 1071,
novověk,Modern period,teater,1251,https://teater.aiscr.cz/id/1251,1050,1050 1070 1071,
novověk 1,Modern period 1,teater,1252,https://teater.aiscr.cz/id/1252,1050,1050 1070 1071 1251,
novověk 2,Modern period 2,teater,1253,https://teater.aiscr.cz/id/1253,1050,1050 1070 1071 1251,
industriální období,Industrial period,teater,1254,https://teater.aiscr.cz/id/1254,1050,1050 1070 1071,
industriální období 1,Industrial period 1,teater,1255,https://teater.aiscr.cz/id/1255,1050,1050 1070 1071 1254,
industriální období 2,Industrial Period 2,teater,1256,https://teater.aiscr.cz/id/1256,1050,1050 1070 1071 1254,
historiografická periodizace,historiographic periodization,teater,1257,https://teater.aiscr.cz/id/1257,1050,1050 1070,
starověk,ancient history,teater,1258,https://teater.aiscr.cz/id/1258,1050,1050 1070 1257,
antika,classical antiquity,teater,1259,https://teater.aiscr.cz/id/1259,1050,1050 1070 1257 1258,
středověk (historiografie),Middle Ages (historiography),teater,1260,https://teater.aiscr.cz/id/1260,1050,1050 1070 1257,
raný středověk (historiografie),Early Middle Ages (historiography),teater,1261,https://teater.aiscr.cz/id/1261,1050,1050 1070 1257 1260,
vrcholný středověk (historiografie),High - late middle ages (historiography),teater,1262,https://teater.aiscr.cz/id/1262,1050,1050 1070 1257 1260,
pozdní středověk (historiografie),Late Middle Ages (historiography),teater,1263,https://teater.aiscr.cz/id/1263,1050,1050 1070 1257 1260,
raný novověk,early modern period,teater,1264,https://teater.aiscr.cz/id/1264,1050,1050 1070 1257,
moderní dějiny,late modern period,teater,1265,https://teater.aiscr.cz/id/1265,1050,1050 1070 1257,
soudobé dějiny,contemporary history,teater,1266,https://teater.aiscr.cz/id/1266,1050,1050 1070 1257,
6) areál aktivity,6) Activity area,teater,1267,https://teater.aiscr.cz/id/1267,1267,,
areál jiné aktivity,other activity area,teater,1268,https://teater.aiscr.cz/id/1268,1267,1267,
lázně,spa,teater,1269,https://teater.aiscr.cz/id/1269,1267,1267 1268,
thermy,thermae,teater,1270,https://teater.aiscr.cz/id/1270,1267,1267 1268 1269,
místo sběru,gathering area,teater,1271,https://teater.aiscr.cz/id/1271,1267,1267 1268,
park,park,teater,1272,https://teater.aiscr.cz/id/1272,1267,1267 1268,
okrasný sad,ornamental orchard,teater,1273,https://teater.aiscr.cz/id/1273,1267,1267 1268 1272,
popraviště,scaffold,teater,1274,https://teater.aiscr.cz/id/1274,1267,1267 1268,
areál nezemědělské výroby,non-agricultural production area,teater,1275,https://teater.aiscr.cz/id/1275,1267,1267,
dehtárna,tar kiln (area),teater,1276,https://teater.aiscr.cz/id/1276,1267,1267 1275,
milířiště,charcoal kiln (area),teater,1277,https://teater.aiscr.cz/id/1277,1267,1267 1275,
pivovar,brewery,teater,1278,https://teater.aiscr.cz/id/1278,1267,1267 1275,
sklárna,glassworks,teater,1279,https://teater.aiscr.cz/id/1279,1267,1267 1275,
sklářská huť,glassworks (sklářská huť),teater,1280,https://teater.aiscr.cz/id/1280,1267,1267 1275,
stavební huť,construction smelter,teater,1281,https://teater.aiscr.cz/id/1281,1267,1267 1275,
velkostatek,estate,teater,1282,https://teater.aiscr.cz/id/1282,1267,1267 1275,
železářský areál,iron works,teater,1283,https://teater.aiscr.cz/id/1283,1267,1267 1275,
areál vojenských aktivit,military area,teater,1284,https://teater.aiscr.cz/id/1284,1267,1267,
bojiště,battlefields,teater,1285,https://teater.aiscr.cz/id/1285,1267,1267 1284,
městské opevnění,town fortification,teater,1286,https://teater.aiscr.cz/id/1286,1267,1267 1284,
pevnost,fort,teater,1287,https://teater.aiscr.cz/id/1287,1267,1267 1284,
pobřežní opevnění,coastal fortification,teater,1288,https://teater.aiscr.cz/id/1288,1267,1267 1284,
polní opevnění,field fortification,teater,1289,https://teater.aiscr.cz/id/1289,1267,1267 1284,
stálé opevnění,permanent fortification,teater,1290,https://teater.aiscr.cz/id/1290,1267,1267 1284,
vojenský tábor,military camps,teater,1291,https://teater.aiscr.cz/id/1291,1267,1267 1284,
castellum,castellum,teater,1292,https://teater.aiscr.cz/id/1292,1267,1267 1284 1291,
areál zemědělské výroby,agriculture production area,teater,1293,https://teater.aiscr.cz/id/1293,1267,1267,
obora (myslivost),game park,teater,1294,https://teater.aiscr.cz/id/1294,1267,1267 1293,
pastvina,pasture,teater,1295,https://teater.aiscr.cz/id/1295,1267,1267 1293,
plužina,field system,teater,1296,https://teater.aiscr.cz/id/1296,1267,1267 1293,
sad,orchard,teater,1297,https://teater.aiscr.cz/id/1297,1267,1267 1293,
zahrada,garden,teater,1298,https://teater.aiscr.cz/id/1298,1267,1267 1293,
depot,hoard,teater,1299,https://teater.aiscr.cz/id/1299,1267,1267,
majetnický a votivní depot,votive deposit,teater,1300,https://teater.aiscr.cz/id/1300,1267,1267 1299,
poklad,treasure,teater,1301,https://teater.aiscr.cz/id/1301,1267,1267 1299,
mincovní poklad,coin treasure,teater,1302,https://teater.aiscr.cz/id/1302,1267,1267 1299 1301,
kultovní areál,cult area,teater,1303,https://teater.aiscr.cz/id/1303,1267,1267,
antický chrám,ancient temple,teater,1304,https://teater.aiscr.cz/id/1304,1267,1267 1303,
amfiprostylos,amphiprostyle,teater,1305,https://teater.aiscr.cz/id/1305,1267,1267 1303 1304,
artemísion,Artemisium,teater,1306,https://teater.aiscr.cz/id/1306,1267,1267 1303 1304,
asklépieion,Asclepeion,teater,1307,https://teater.aiscr.cz/id/1307,1267,1267 1303 1304,
dipteros,dipteros,teater,1308,https://teater.aiscr.cz/id/1308,1267,1267 1303 1304,
hekatompedon,hekatompedon temple,teater,1309,https://teater.aiscr.cz/id/1309,1267,1267 1303 1304,
héróon,heroon,teater,1310,https://teater.aiscr.cz/id/1310,1267,1267 1303 1304,
in antis,distyle in antis,teater,1311,https://teater.aiscr.cz/id/1311,1267,1267 1303 1304,
kabeirion,cabeirion,teater,1312,https://teater.aiscr.cz/id/1312,1267,1267 1303 1304,
métróon,Metroon,teater,1313,https://teater.aiscr.cz/id/1313,1267,1267 1303 1304,
monopteros,monopteros,teater,1314,https://teater.aiscr.cz/id/1314,1267,1267 1303 1304,
peribolos,peribolos,teater,1315,https://teater.aiscr.cz/id/1315,1267,1267 1303 1304,
peripteros,peripteros,teater,1316,https://teater.aiscr.cz/id/1316,1267,1267 1303 1304,
prostylos,prostylos,teater,1317,https://teater.aiscr.cz/id/1317,1267,1267 1303 1304,
telestérion,telesterion,teater,1318,https://teater.aiscr.cz/id/1318,1267,1267 1303 1304,
temenos,temenos,teater,1319,https://teater.aiscr.cz/id/1319,1267,1267 1303 1304,
tholos,tholos,teater,1320,https://teater.aiscr.cz/id/1320,1267,1267 1303 1304,
věštírna,oracle,teater,1321,https://teater.aiscr.cz/id/1321,1267,1267 1303 1304,
církevní architektura,church architecture,teater,1322,https://teater.aiscr.cz/id/1322,1267,1267 1303,
boží muka a křížky,wayside shrines and crosses,teater,1323,https://teater.aiscr.cz/id/1323,1267,1267 1303 1322,
kalvárie,calvary,teater,1324,https://teater.aiscr.cz/id/1324,1267,1267 1303 1322,
kamenný kříž,stone cross,teater,1325,https://teater.aiscr.cz/id/1325,1267,1267 1303 1322,
kačkar,khachkar,teater,1326,https://teater.aiscr.cz/id/1326,1267,1267 1303 1322 1325,
kapitula,chapter house,teater,1327,https://teater.aiscr.cz/id/1327,1267,1267 1303 1322,
kaple,chapel,teater,1328,https://teater.aiscr.cz/id/1328,1267,1267 1303 1322,
dřevěná kaple,wooden chapel,teater,1329,https://teater.aiscr.cz/id/1329,1267,1267 1303 1322 1328,
hřbitovní kaple,cemetery chapel,teater,1330,https://teater.aiscr.cz/id/1330,1267,1267 1303 1322 1328,
loretánská kaple,Loreto chapel,teater,1331,https://teater.aiscr.cz/id/1331,1267,1267 1303 1322 1328,
skalní kaple,rock chapel,teater,1332,https://teater.aiscr.cz/id/1332,1267,1267 1303 1322 1328,
kostel,church,teater,1333,https://teater.aiscr.cz/id/1333,1267,1267 1303 1322,
bazilika,basilica,teater,1334,https://teater.aiscr.cz/id/1334,1267,1267 1303 1322 1333,
dřevěný kostel,wooden church,teater,1335,https://teater.aiscr.cz/id/1335,1267,1267 1303 1322 1333,
katedrála,cathedral,teater,1336,https://teater.aiscr.cz/id/1336,1267,1267 1303 1322 1333,
konfesní rozdělení,confessional division,teater,1337,https://teater.aiscr.cz/id/1337,1267,1267 1303 1322 1333,
evangelický kostel,Evangelical temple,teater,1338,https://teater.aiscr.cz/id/1338,1267,1267 1303 1322 1333 1337,
katolický kostel,Catholic church,teater,1339,https://teater.aiscr.cz/id/1339,1267,1267 1303 1322 1333 1337,
pravoslavný kostel,Orthodox church,teater,1340,https://teater.aiscr.cz/id/1340,1267,1267 1303 1322 1333 1337,
rotunda,rotunda,teater,1341,https://teater.aiscr.cz/id/1341,1267,1267 1303 1322 1333,
křížová cesta,ways of the Cross,teater,1342,https://teater.aiscr.cz/id/1342,1267,1267 1303 1322,
islámská architektura,Islamic architecture,teater,1343,https://teater.aiscr.cz/id/1343,1267,1267 1303,
mešita,mosque,teater,1344,https://teater.aiscr.cz/id/1344,1267,1267 1303 1343,
kultovní místo,cult site,teater,1345,https://teater.aiscr.cz/id/1345,1267,1267 1303,
kromlech,cromlech,teater,1346,https://teater.aiscr.cz/id/1346,1267,1267 1303 1345,
megalitická památka,megalith,teater,1347,https://teater.aiscr.cz/id/1347,1267,1267 1303 1345,
obětiště,sacrifice site,teater,1348,https://teater.aiscr.cz/id/1348,1267,1267 1303,
poutní místo,pilgrimage place,teater,1349,https://teater.aiscr.cz/id/1349,1267,1267 1303,
židovská architektura,Jewish architecture,teater,1350,https://teater.aiscr.cz/id/1350,1267,1267 1303,
synagoga,synagogue,teater,1351,https://teater.aiscr.cz/id/1351,1267,1267 1303 1350,
nadkomunitní areál,supracommunity area,teater,1352,https://teater.aiscr.cz/id/1352,1267,1267,
colonia,colonia,teater,1353,https://teater.aiscr.cz/id/1353,1267,1267 1352,
hradiště,hillfort,teater,1354,https://teater.aiscr.cz/id/1354,1267,1267 1352,
keltské oppidum,Celtic oppidum,teater,1355,https://teater.aiscr.cz/id/1355,1267,1267 1352,
klášter,monastery,teater,1356,https://teater.aiscr.cz/id/1356,1267,1267 1352,
křesťanský klášter,Christian monastery,teater,1357,https://teater.aiscr.cz/id/1357,1267,1267 1352 1356,
dvojitý klášter,double monastery,teater,1358,https://teater.aiscr.cz/id/1358,1267,1267 1352 1356 1357,
katolický klášter,Catholic monastery,teater,1359,https://teater.aiscr.cz/id/1359,1267,1267 1352 1356 1357,
augustiniánský klášter,Augustinian monastery,teater,1360,https://teater.aiscr.cz/id/1360,1267,1267 1352 1356 1357 1359,
benediktinský klášter,Benedictine monastery,teater,1361,https://teater.aiscr.cz/id/1361,1267,1267 1352 1356 1357 1359,
cisterciácký klášter,Cistercian monastery,teater,1362,https://teater.aiscr.cz/id/1362,1267,1267 1352 1356 1357 1359,
dominikánský klášter,Dominican monastery,teater,1363,https://teater.aiscr.cz/id/1363,1267,1267 1352 1356 1357 1359,
františkánský klášter,Franciscan monastery,teater,1364,https://teater.aiscr.cz/id/1364,1267,1267 1352 1356 1357 1359,
kapucínský klášter,Capuchin monastery,teater,1365,https://teater.aiscr.cz/id/1365,1267,1267 1352 1356 1357 1359,
karmelitánský klášter,Carmelite monastery,teater,1366,https://teater.aiscr.cz/id/1366,1267,1267 1352 1356 1357 1359,
kartuziánský klášter,Carthusian monastery,teater,1367,https://teater.aiscr.cz/id/1367,1267,1267 1352 1356 1357 1359,
klášter benediktinek,Benedictine nunnery,teater,1368,https://teater.aiscr.cz/id/1368,1267,1267 1352 1356 1357 1359,
klášter brigitinek,Bridgettine nunnery,teater,1369,https://teater.aiscr.cz/id/1369,1267,1267 1352 1356 1357 1359,
klášter cisterciaček,Cistercian nunnery,teater,1370,https://teater.aiscr.cz/id/1370,1267,1267 1352 1356 1357 1359,
klášter dominikánek,Dominican nunnery,teater,1371,https://teater.aiscr.cz/id/1371,1267,1267 1352 1356 1357 1359,
klášter kamaldulů,Camaldolese monastery,teater,1372,https://teater.aiscr.cz/id/1372,1267,1267 1352 1356 1357 1359,
klášter klaristek,monastery of Clares,teater,1373,https://teater.aiscr.cz/id/1373,1267,1267 1352 1356 1357 1359,
klášter křížovníků,monastery of Knights of the Cross,teater,1374,https://teater.aiscr.cz/id/1374,1267,1267 1352 1356 1357 1359,
klášter mariánů,monastery of Marian Fathers,teater,1375,https://teater.aiscr.cz/id/1375,1267,1267 1352 1356 1357 1359,
klášter servitů,Servite monastery,teater,1376,https://teater.aiscr.cz/id/1376,1267,1267 1352 1356 1357 1359,
klášter voršilek,monastery of Ursulines,teater,1377,https://teater.aiscr.cz/id/1377,1267,1267 1352 1356 1357 1359,
minoritský klášter,Minorite monastery,teater,1378,https://teater.aiscr.cz/id/1378,1267,1267 1352 1356 1357 1359,
paulánský klášter,Minim monastery,teater,1379,https://teater.aiscr.cz/id/1379,1267,1267 1352 1356 1357 1359,
piaristický klášter,Piarist monastery,teater,1380,https://teater.aiscr.cz/id/1380,1267,1267 1352 1356 1357 1359,
premonstrátský klášter,Premonstratensian monastery,teater,1381,https://teater.aiscr.cz/id/1381,1267,1267 1352 1356 1357 1359,
trapistický klášter,Trappist monastery,teater,1382,https://teater.aiscr.cz/id/1382,1267,1267 1352 1356 1357 1359,
monastýr,monastery (Eastern Orthodox Church),teater,1383,https://teater.aiscr.cz/id/1383,1267,1267 1352 1356 1357,
baziliánský klášter,Basilian monastery,teater,1384,https://teater.aiscr.cz/id/1384,1267,1267 1352 1356 1357 1383,
skalní klášter,rock monastery,teater,1385,https://teater.aiscr.cz/id/1385,1267,1267 1352 1356,
město,town,teater,1386,https://teater.aiscr.cz/id/1386,1267,1267 1352,
funkce (města),function (town),teater,1387,https://teater.aiscr.cz/id/1387,1267,1267 1352 1386,
hlavní město,capital city,teater,1388,https://teater.aiscr.cz/id/1388,1267,1267 1352 1386 1387,
horní město,mining town,teater,1389,https://teater.aiscr.cz/id/1389,1267,1267 1352 1386 1387,
metropole,metropolis,teater,1390,https://teater.aiscr.cz/id/1390,1267,1267 1352 1386 1387,
průmyslové město,industrial town,teater,1391,https://teater.aiscr.cz/id/1391,1267,1267 1352 1386 1387,
přístavní město,seaport,teater,1392,https://teater.aiscr.cz/id/1392,1267,1267 1352 1386 1387,
sídelní město,residential town,teater,1393,https://teater.aiscr.cz/id/1393,1267,1267 1352 1386 1387,
chronologie (města),chronology (cities),teater,1394,https://teater.aiscr.cz/id/1394,1267,1267 1352 1386,
antické město,ancient city,teater,1395,https://teater.aiscr.cz/id/1395,1267,1267 1352 1386 1394,
municipium,municipium,teater,1396,https://teater.aiscr.cz/id/1396,1267,1267 1352 1386 1394 1395,
středověké město,medieval town,teater,1397,https://teater.aiscr.cz/id/1397,1267,1267 1352 1386 1394,
vlastnictví (města),ownership (town),teater,1398,https://teater.aiscr.cz/id/1398,1267,1267 1352 1386,
královské město,royal town,teater,1399,https://teater.aiscr.cz/id/1399,1267,1267 1352 1386 1398,
poddanské město,tributary town,teater,1400,https://teater.aiscr.cz/id/1400,1267,1267 1352 1386 1398,
věnné město,dowry town,teater,1401,https://teater.aiscr.cz/id/1401,1267,1267 1352 1386 1398,
protourbánní osídlení,proto-urban settlement,teater,1402,https://teater.aiscr.cz/id/1402,1267,1267 1352,
předměstí,suburb,teater,1403,https://teater.aiscr.cz/id/1403,1267,1267 1352,
příkopové ohrazení,ditch enclosure,teater,1404,https://teater.aiscr.cz/id/1404,1267,1267 1352,
rondel,roundel,teater,1405,https://teater.aiscr.cz/id/1405,1267,1267 1352 1404,
neurčený areál,area of unspecified activity,teater,1406,https://teater.aiscr.cz/id/1406,1267,1267,
pohřební areál,funeraly area,teater,1407,https://teater.aiscr.cz/id/1407,1267,1267,
hřbitov,cemetery,teater,1408,https://teater.aiscr.cz/id/1408,1267,1267 1407,
izolovaný pohřeb,isolated burial,teater,1409,https://teater.aiscr.cz/id/1409,1267,1267 1407,
mohylník,barrow cemetery,teater,1410,https://teater.aiscr.cz/id/1410,1267,1267 1407,
pohřebiště,burrial ground,teater,1411,https://teater.aiscr.cz/id/1411,1267,1267 1407,
pohřebiště v sakralní stavbě,burials in sacral building,teater,1412,https://teater.aiscr.cz/id/1412,1267,1267 1407,
pozemní komunikace (areály),land communication (areas),teater,1413,https://teater.aiscr.cz/id/1413,1267,1267,
akvadukt,aqueduct,teater,1414,https://teater.aiscr.cz/id/1414,1267,1267 1413,
most,bridge,teater,1415,https://teater.aiscr.cz/id/1415,1267,1267 1413,
silnice,road,teater,1416,https://teater.aiscr.cz/id/1416,1267,1267 1413,
horská silnice,mountain road,teater,1417,https://teater.aiscr.cz/id/1417,1267,1267 1413 1416,
silniční síť,road network,teater,1418,https://teater.aiscr.cz/id/1418,1267,1267 1413,
stezka,trail,teater,1419,https://teater.aiscr.cz/id/1419,1267,1267 1413,
viadukt,viaduct,teater,1420,https://teater.aiscr.cz/id/1420,1267,1267 1413,
železnice,railroad,teater,1421,https://teater.aiscr.cz/id/1421,1267,1267 1413,
sedm divů světa,Wonders of the World,teater,1422,https://teater.aiscr.cz/id/1422,1267,1267,
sídlo elity,elite settlement,teater,1423,https://teater.aiscr.cz/id/1423,1267,1267,
akropole,acropolis,teater,1424,https://teater.aiscr.cz/id/1424,1267,1267 1423,
dvorec,manorial farm,teater,1425,https://teater.aiscr.cz/id/1425,1267,1267 1423,
dvůr,court,teater,1426,https://teater.aiscr.cz/id/1426,1267,1267 1423,
poplužní dvůr,Meierhof,teater,1427,https://teater.aiscr.cz/id/1427,1267,1267 1423 1426,
hrádek,fortified manor,teater,1428,https://teater.aiscr.cz/id/1428,1267,1267 1423,
hrad,castle,teater,1429,https://teater.aiscr.cz/id/1429,1267,1267 1423,
hradní architektura,castle architecture,teater,1430,https://teater.aiscr.cz/id/1430,1267,1267 1423 1429,
jeskynní hrad,cave castle,teater,1431,https://teater.aiscr.cz/id/1431,1267,1267 1423 1429,
městský hrad,town palace,teater,1432,https://teater.aiscr.cz/id/1432,1267,1267 1423 1429,
skalní hrad,rock castle,teater,1433,https://teater.aiscr.cz/id/1433,1267,1267 1423 1429,
vodní hrad,wasserburg,teater,1434,https://teater.aiscr.cz/id/1434,1267,1267 1423 1429,
městský palác,city palace,teater,1435,https://teater.aiscr.cz/id/1435,1267,1267 1423,
šlechtické sídlo,residence of nobility,teater,1436,https://teater.aiscr.cz/id/1436,1267,1267 1423,
tvrz,fortified house,teater,1437,https://teater.aiscr.cz/id/1437,1267,1267 1423,
vila,villa,teater,1438,https://teater.aiscr.cz/id/1438,1267,1267 1423,
zámek,châteaux,teater,1439,https://teater.aiscr.cz/id/1439,1267,1267 1423,
lovecký zámek,hunting chateaux,teater,1440,https://teater.aiscr.cz/id/1440,1267,1267 1423 1439,
sídliště,settlement,teater,1441,https://teater.aiscr.cz/id/1441,1267,1267,
apoikia,apoikia,teater,1442,https://teater.aiscr.cz/id/1442,1267,1267 1441,
colonia,colonia,teater,1443,https://teater.aiscr.cz/id/1443,1267,1267 1441,
démos (sídliště),Demos (settlement),teater,1444,https://teater.aiscr.cz/id/1444,1267,1267 1441,
městečko,small town,teater,1445,https://teater.aiscr.cz/id/1445,1267,1267 1441,
podhradí,extramural settlement,teater,1446,https://teater.aiscr.cz/id/1446,1267,1267 1441,
sídliště specializované komunity,special-community settlement,teater,1447,https://teater.aiscr.cz/id/1447,1267,1267 1441,
hornické sídliště,mineworkers´ settlement,teater,1448,https://teater.aiscr.cz/id/1448,1267,1267 1441 1447,
kasárna,barracks,teater,1449,https://teater.aiscr.cz/id/1449,1267,1267 1441 1447,
komenda,commandery,teater,1450,https://teater.aiscr.cz/id/1450,1267,1267 1441 1447,
stanice,camp,teater,1451,https://teater.aiscr.cz/id/1451,1267,1267 1441,
tábořiště,camp site,teater,1452,https://teater.aiscr.cz/id/1452,1267,1267 1441,
tržní osada,market village,teater,1453,https://teater.aiscr.cz/id/1453,1267,1267 1441,
usedlost,farmstead,teater,1454,https://teater.aiscr.cz/id/1454,1267,1267 1441,
vesnice,village,teater,1455,https://teater.aiscr.cz/id/1455,1267,1267 1441,
výšinné sídliště,hill-top site,teater,1456,https://teater.aiscr.cz/id/1456,1267,1267 1441,
tell,tell,teater,1457,https://teater.aiscr.cz/id/1457,1267,1267 1441 1456,
zemědělská usedlost,farmhouse,teater,1458,https://teater.aiscr.cz/id/1458,1267,1267 1441,
těžební areál,mining area,teater,1459,https://teater.aiscr.cz/id/1459,1267,1267,
důl,mine,teater,1460,https://teater.aiscr.cz/id/1460,1267,1267 1459,
hlubinný důl,underground mine,teater,1461,https://teater.aiscr.cz/id/1461,1267,1267 1459 1460,
povrchový důl,opencast mine,teater,1462,https://teater.aiscr.cz/id/1462,1267,1267 1459 1460,
solný důl,salt mine,teater,1463,https://teater.aiscr.cz/id/1463,1267,1267 1459 1460,
lom,quarry,teater,1464,https://teater.aiscr.cz/id/1464,1267,1267 1459,
kamenolom,stone quarry,teater,1465,https://teater.aiscr.cz/id/1465,1267,1267 1459 1464,
pískovna,sandpit,teater,1466,https://teater.aiscr.cz/id/1466,1267,1267 1459,
rýžoviště,panning site,teater,1467,https://teater.aiscr.cz/id/1467,1267,1267 1459,
veřejné prostranství,public area,teater,1468,https://teater.aiscr.cz/id/1468,1267,1267,
agora,agora,teater,1469,https://teater.aiscr.cz/id/1469,1267,1267 1468,
fórum,forum,teater,1470,https://teater.aiscr.cz/id/1470,1267,1267 1468,
náměstí,square,teater,1471,https://teater.aiscr.cz/id/1471,1267,1267 1468,
vodní komunikace,navigable waterway,teater,1472,https://teater.aiscr.cz/id/1472,1267,1267,
loděnice,dockyard,teater,1473,https://teater.aiscr.cz/id/1473,1267,1267 1472,
přístav,port,teater,1474,https://teater.aiscr.cz/id/1474,1267,1267 1472,
vodní stavba,hydraulic structure,teater,1475,https://teater.aiscr.cz/id/1475,1267,1267,
jez,weir,teater,1476,https://teater.aiscr.cz/id/1476,1267,1267 1475,
náhon,drive,teater,1477,https://teater.aiscr.cz/id/1477,1267,1267 1475,
plavební kanál,canal,teater,1478,https://teater.aiscr.cz/id/1478,1267,1267 1475,
přehrada,dam,teater,1479,https://teater.aiscr.cz/id/1479,1267,1267 1475,
rybník,fish ponds,teater,1480,https://teater.aiscr.cz/id/1480,1267,1267 1475,
7) objekt,7) Feature,teater,1481,https://teater.aiscr.cz/id/1481,1481,,
budova,building,teater,1482,https://teater.aiscr.cz/id/1482,1481,1481,
amfiteátr,amphitheatre,teater,1483,https://teater.aiscr.cz/id/1483,1481,1481 1482,
bronteion,bronteion,teater,1484,https://teater.aiscr.cz/id/1484,1481,1481 1482 1483,
diazóma,diazoma,teater,1485,https://teater.aiscr.cz/id/1485,1481,1481 1482 1483,
ekkykléma,ekkyklema,teater,1486,https://teater.aiscr.cz/id/1486,1481,1481 1482 1483,
orchéstra,orchestra,teater,1487,https://teater.aiscr.cz/id/1487,1481,1481 1482 1483,
proskénion,proscenium,teater,1488,https://teater.aiscr.cz/id/1488,1481,1481 1482 1483,
archivní budova,archive,teater,1489,https://teater.aiscr.cz/id/1489,1481,1481 1482,
armamentarium,armamentaria,teater,1490,https://teater.aiscr.cz/id/1490,1481,1481 1482,
bazilika (antika),basilica (antiquity),teater,1491,https://teater.aiscr.cz/id/1491,1481,1481 1482,
cirkus,circus,teater,1492,https://teater.aiscr.cz/id/1492,1481,1481 1482,
divadlo,theatre,teater,1493,https://teater.aiscr.cz/id/1493,1481,1481 1482,
skéné,skene,teater,1494,https://teater.aiscr.cz/id/1494,1481,1481 1482 1493,
dům,house,teater,1495,https://teater.aiscr.cz/id/1495,1481,1481 1482,
bytové vybavení,furnishing,teater,1496,https://teater.aiscr.cz/id/1496,1481,1481 1482 1495,
dlouhý dům,longhouse,teater,1497,https://teater.aiscr.cz/id/1497,1481,1481 1482 1495,
insula,insula,teater,1498,https://teater.aiscr.cz/id/1498,1481,1481 1482 1495,
lesché,lesche,teater,1499,https://teater.aiscr.cz/id/1499,1481,1481 1482 1495,
megaron,megaron,teater,1500,https://teater.aiscr.cz/id/1500,1481,1481 1482 1495,
součást domu,component of the house,teater,1501,https://teater.aiscr.cz/id/1501,1481,1481 1482 1495,
andrón,andron,teater,1502,https://teater.aiscr.cz/id/1502,1481,1481 1482 1495 1501,
atrium,atrium,teater,1503,https://teater.aiscr.cz/id/1503,1481,1481 1482 1495 1501,
aula,aule,teater,1504,https://teater.aiscr.cz/id/1504,1481,1481 1482 1495 1501,
exedra,exedra,teater,1505,https://teater.aiscr.cz/id/1505,1481,1481 1482 1495 1501,
impluvium,impluvium,teater,1506,https://teater.aiscr.cz/id/1506,1481,1481 1482 1495 1501,
krb,fireplace,teater,1507,https://teater.aiscr.cz/id/1507,1481,1481 1482 1495 1501,
maenianum,maenianum,teater,1508,https://teater.aiscr.cz/id/1508,1481,1481 1482 1495 1501,
tablinum,tablinum,teater,1509,https://teater.aiscr.cz/id/1509,1481,1481 1482 1495 1501,
triclinium,triclinium,teater,1510,https://teater.aiscr.cz/id/1510,1481,1481 1482 1495 1501,
záchod,toilet,teater,1511,https://teater.aiscr.cz/id/1511,1481,1481 1482 1495 1501,
ekklésiastérion,Ekklesiasterion,teater,1512,https://teater.aiscr.cz/id/1512,1481,1481 1482,
fara,rectory,teater,1513,https://teater.aiscr.cz/id/1513,1481,1481 1482,
gymnasion,gymnasium,teater,1514,https://teater.aiscr.cz/id/1514,1481,1481 1482,
haltýř,pond,teater,1515,https://teater.aiscr.cz/id/1515,1481,1481 1482,
hipodrom,hippodrome,teater,1516,https://teater.aiscr.cz/id/1516,1481,1481 1482,
hospodářská budova,farm building,teater,1517,https://teater.aiscr.cz/id/1517,1481,1481 1482,
hostinec,inn,teater,1518,https://teater.aiscr.cz/id/1518,1481,1481 1482,
chata,hut,teater,1519,https://teater.aiscr.cz/id/1519,1481,1481 1482,
chlév,animal shed,teater,1520,https://teater.aiscr.cz/id/1520,1481,1481 1482,
ianus quadrifrons,Arch of Janus,teater,1521,https://teater.aiscr.cz/id/1521,1481,1481 1482,
jatka,slaughterhouse,teater,1522,https://teater.aiscr.cz/id/1522,1481,1481 1482,
kašna,fountain,teater,1523,https://teater.aiscr.cz/id/1523,1481,1481 1482,
knihovna,library,teater,1524,https://teater.aiscr.cz/id/1524,1481,1481 1482,
veřejná knihovna,public library,teater,1525,https://teater.aiscr.cz/id/1525,1481,1481 1482 1524,
konírna,horse barn,teater,1526,https://teater.aiscr.cz/id/1526,1481,1481 1482,
krám,shop,teater,1527,https://teater.aiscr.cz/id/1527,1481,1481 1482,
lázeňský dům,spa house,teater,1528,https://teater.aiscr.cz/id/1528,1481,1481 1482,
lyceum,lyceum,teater,1529,https://teater.aiscr.cz/id/1529,1481,1481 1482,
maják,lighthouse,teater,1530,https://teater.aiscr.cz/id/1530,1481,1481 1482,
mlýn,mill,teater,1531,https://teater.aiscr.cz/id/1531,1481,1481 1482,
větrný mlýn,windmill,teater,1532,https://teater.aiscr.cz/id/1532,1481,1481 1482 1531,
vodní mlýn,watermill,teater,1533,https://teater.aiscr.cz/id/1533,1481,1481 1482 1531,
múseion,Museion,teater,1534,https://teater.aiscr.cz/id/1534,1481,1481 1482,
mýtní domek,toll house,teater,1535,https://teater.aiscr.cz/id/1535,1481,1481 1482,
nemocnice,hospital,teater,1536,https://teater.aiscr.cz/id/1536,1481,1481 1482,
nevěstinec,brothel,teater,1537,https://teater.aiscr.cz/id/1537,1481,1481 1482,
obytné budovy,residential building,teater,1538,https://teater.aiscr.cz/id/1538,1481,1481 1482,
ódeion,odeon,teater,1539,https://teater.aiscr.cz/id/1539,1481,1481 1482,
palác,palace,teater,1540,https://teater.aiscr.cz/id/1540,1481,1481 1482,
arcibiskupská rezidence,archbishops palace,teater,1541,https://teater.aiscr.cz/id/1541,1481,1481 1482 1540,
biskupská rezidence,bishops palace,teater,1542,https://teater.aiscr.cz/id/1542,1481,1481 1482 1540,
císařský palác,imperial palace,teater,1543,https://teater.aiscr.cz/id/1543,1481,1481 1482 1540,
královská falc,palatinate,teater,1544,https://teater.aiscr.cz/id/1544,1481,1481 1482 1540,
královský palác,royal palace,teater,1545,https://teater.aiscr.cz/id/1545,1481,1481 1482 1540,
papežská rezidence,residence of pope,teater,1546,https://teater.aiscr.cz/id/1546,1481,1481 1482 1540,
palaistra,palaestra,teater,1547,https://teater.aiscr.cz/id/1547,1481,1481 1482,
pekárna,bakery,teater,1548,https://teater.aiscr.cz/id/1548,1481,1481 1482,
pinakothéka,pinacotheca,teater,1549,https://teater.aiscr.cz/id/1549,1481,1481 1482,
praetorium,praetorium,teater,1550,https://teater.aiscr.cz/id/1550,1481,1481 1482,
pranýř,pillory,teater,1551,https://teater.aiscr.cz/id/1551,1481,1481 1482,
radnice,town hall,teater,1552,https://teater.aiscr.cz/id/1552,1481,1481 1482,
búleutérion,bouleuterion,teater,1553,https://teater.aiscr.cz/id/1553,1481,1481 1482 1552,
curia (radnice),curia,teater,1554,https://teater.aiscr.cz/id/1554,1481,1481 1482 1552,
prytaneion,prytaneion,teater,1555,https://teater.aiscr.cz/id/1555,1481,1481 1482 1552,
regia,regia,teater,1556,https://teater.aiscr.cz/id/1556,1481,1481 1482,
seník,hayloft,teater,1557,https://teater.aiscr.cz/id/1557,1481,1481 1482,
stadion,stadion,teater,1558,https://teater.aiscr.cz/id/1558,1481,1481 1482,
stáj,stable,teater,1559,https://teater.aiscr.cz/id/1559,1481,1481 1482,
stodola,barn,teater,1560,https://teater.aiscr.cz/id/1560,1481,1481 1482,
sýpka,granary (sýpka/Getreidespeiche),teater,1561,https://teater.aiscr.cz/id/1561,1481,1481 1482,
šibenice,gallows,teater,1562,https://teater.aiscr.cz/id/1562,1481,1481 1482,
špýchar,granary (špýchar/Speicher),teater,1563,https://teater.aiscr.cz/id/1563,1481,1481 1482,
theokoleion,theocoleon,teater,1564,https://teater.aiscr.cz/id/1564,1481,1481 1482,
věznice,prison,teater,1565,https://teater.aiscr.cz/id/1565,1481,1481 1482,
žalář,jailhouse,teater,1566,https://teater.aiscr.cz/id/1566,1481,1481 1482,
carcer,carcer,teater,1567,https://teater.aiscr.cz/id/1567,1481,1481 1482 1566,
tropaeum,tropaion,teater,1568,https://teater.aiscr.cz/id/1568,1481,1481 1482,
vítězný oblouk,triumphal arch,teater,1569,https://teater.aiscr.cz/id/1569,1481,1481 1482,
zvonice,bell tower,teater,1570,https://teater.aiscr.cz/id/1570,1481,1481 1482,
inženýrská síť,infrastructure network,teater,1571,https://teater.aiscr.cz/id/1571,1481,1481,
ulice,street,teater,1572,https://teater.aiscr.cz/id/1572,1481,1481 1571,
dromos (ulice),dromos (street),teater,1573,https://teater.aiscr.cz/id/1573,1481,1481 1571 1572,
kanalizace,sewerage,teater,1574,https://teater.aiscr.cz/id/1574,1481,1481 1571,
domovní kanalizace,house drains,teater,1575,https://teater.aiscr.cz/id/1575,1481,1481 1571 1574,
kolektor,collector,teater,1576,https://teater.aiscr.cz/id/1576,1481,1481 1571,
trativod,drainage,teater,1577,https://teater.aiscr.cz/id/1577,1481,1481 1571,
vodovod,water pipeline,teater,1578,https://teater.aiscr.cz/id/1578,1481,1481 1571,
konstrukční prvek,construction element,teater,1579,https://teater.aiscr.cz/id/1579,1481,1481,
dlažba,pavement,teater,1580,https://teater.aiscr.cz/id/1580,1481,1481 1579,
empora,matroneum,teater,1581,https://teater.aiscr.cz/id/1581,1481,1481 1579,
hráz,embankment,teater,1582,https://teater.aiscr.cz/id/1582,1481,1481 1579,
chodba,corridor,teater,1583,https://teater.aiscr.cz/id/1583,1481,1481 1579,
chrámová podezdívka,krepis,teater,1584,https://teater.aiscr.cz/id/1584,1481,1481 1579,
klenba,vault,teater,1585,https://teater.aiscr.cz/id/1585,1481,1481 1579,
krov,truss,teater,1586,https://teater.aiscr.cz/id/1586,1481,1481 1579,
kryptoportikus,cryptoporticus,teater,1587,https://teater.aiscr.cz/id/1587,1481,1481 1579,
kůl,stake,teater,1588,https://teater.aiscr.cz/id/1588,1481,1481 1579,
meta,meta,teater,1589,https://teater.aiscr.cz/id/1589,1481,1481 1579,
nika,niche,teater,1590,https://teater.aiscr.cz/id/1590,1481,1481 1579,
opěrný pilíř,abutment,teater,1591,https://teater.aiscr.cz/id/1591,1481,1481 1579,
parodos,parodos,teater,1592,https://teater.aiscr.cz/id/1592,1481,1481 1579,
peristyl,peristyle,teater,1593,https://teater.aiscr.cz/id/1593,1481,1481 1579,
pilotové základy,piled foundations,teater,1594,https://teater.aiscr.cz/id/1594,1481,1481 1579,
podlaha,floor,teater,1595,https://teater.aiscr.cz/id/1595,1481,1481 1579,
portál,doorway,teater,1596,https://teater.aiscr.cz/id/1596,1481,1481 1579,
barokní portál,baroque doorway,teater,1597,https://teater.aiscr.cz/id/1597,1481,1481 1579 1596,
gotický portál,gothic doorway,teater,1598,https://teater.aiscr.cz/id/1598,1481,1481 1579 1596,
renesanční portál,renaissance doorway,teater,1599,https://teater.aiscr.cz/id/1599,1481,1481 1579 1596,
románský portál,Romanesque doorway,teater,1600,https://teater.aiscr.cz/id/1600,1481,1481 1579 1596,
schodiště,staircase,teater,1601,https://teater.aiscr.cz/id/1601,1481,1481 1579,
sloup,column,teater,1602,https://teater.aiscr.cz/id/1602,1481,1481 1579,
entasis,entasis,teater,1603,https://teater.aiscr.cz/id/1603,1481,1481 1579 1602,
kanelura,fluting,teater,1604,https://teater.aiscr.cz/id/1604,1481,1481 1579 1602,
strop,ceiling,teater,1605,https://teater.aiscr.cz/id/1605,1481,1481 1579,
kazetový strop,coffered ceiling,teater,1606,https://teater.aiscr.cz/id/1606,1481,1481 1579 1605,
základová konstrukce,foundation,teater,1607,https://teater.aiscr.cz/id/1607,1481,1481 1579,
objekt na veřejném prostranství,feature on public area,teater,1608,https://teater.aiscr.cz/id/1608,1481,1481,
fontána,fountain,teater,1609,https://teater.aiscr.cz/id/1609,1481,1481 1608,
rostra,rostra,teater,1610,https://teater.aiscr.cz/id/1610,1481,1481 1608,
sloupořadí,colonnade,teater,1611,https://teater.aiscr.cz/id/1611,1481,1481 1608,
stoá,stoa,teater,1612,https://teater.aiscr.cz/id/1612,1481,1481 1608,
objekt zemědělské výroby,agricultural feature,teater,1613,https://teater.aiscr.cz/id/1613,1481,1481,
mezní pás,field boundary,teater,1614,https://teater.aiscr.cz/id/1614,1481,1481 1613,
orba,plowing,teater,1615,https://teater.aiscr.cz/id/1615,1481,1481 1613,
piscina,piscina,teater,1616,https://teater.aiscr.cz/id/1616,1481,1481 1613,
okrasný objekt,decorative object,teater,1617,https://teater.aiscr.cz/id/1617,1481,1481,
nymfeum,nymphaeum,teater,1618,https://teater.aiscr.cz/id/1618,1481,1481 1617,
opevnění,fortification,teater,1619,https://teater.aiscr.cz/id/1619,1481,1481,
bastion,bastion,teater,1620,https://teater.aiscr.cz/id/1620,1481,1481 1619,
bašta,fortified tower,teater,1621,https://teater.aiscr.cz/id/1621,1481,1481 1619,
bergfrit,keep,teater,1622,https://teater.aiscr.cz/id/1622,1481,1481 1619,
brána,gateway,teater,1623,https://teater.aiscr.cz/id/1623,1481,1481 1619,
městská brána,town gateway,teater,1624,https://teater.aiscr.cz/id/1624,1481,1481 1619 1623,
burgus,burgus,teater,1625,https://teater.aiscr.cz/id/1625,1481,1481 1619,
hradba,rampart (hradba/Festungmauer),teater,1626,https://teater.aiscr.cz/id/1626,1481,1481 1619,
městská hradba,city walls,teater,1627,https://teater.aiscr.cz/id/1627,1481,1481 1619 1626,
dřevohlinitá hradba,wood earth rampart,teater,1628,https://teater.aiscr.cz/id/1628,1481,1481 1619 1626,
motte,motte,teater,1629,https://teater.aiscr.cz/id/1629,1481,1481 1619,
obvodový plášť,curtain wall,teater,1630,https://teater.aiscr.cz/id/1630,1481,1481 1619,
lehký obvodový plášť,light curtain wall,teater,1631,https://teater.aiscr.cz/id/1631,1481,1481 1619 1630,
palebné postavení,gun emplacement,teater,1632,https://teater.aiscr.cz/id/1632,1481,1481 1619,
palisáda,palisade,teater,1633,https://teater.aiscr.cz/id/1633,1481,1481 1619,
parkán,zwinger,teater,1634,https://teater.aiscr.cz/id/1634,1481,1481 1619,
plot,fence,teater,1635,https://teater.aiscr.cz/id/1635,1481,1481 1619,
předhradí,bailey,teater,1636,https://teater.aiscr.cz/id/1636,1481,1481 1619,
příkop,ditch,teater,1637,https://teater.aiscr.cz/id/1637,1481,1481 1619,
val,rampart (val/Wall),teater,1638,https://teater.aiscr.cz/id/1638,1481,1481 1619,
věž,tower,teater,1639,https://teater.aiscr.cz/id/1639,1481,1481 1619,
věžice,half tower,teater,1640,https://teater.aiscr.cz/id/1640,1481,1481 1619,
zákop,trench (zákop/Graben),teater,1641,https://teater.aiscr.cz/id/1641,1481,1481 1619,
zeď,wall,teater,1642,https://teater.aiscr.cz/id/1642,1481,1481 1619,
otopné zařízení,heating facility,teater,1643,https://teater.aiscr.cz/id/1643,1481,1481,
kamna,stove,teater,1644,https://teater.aiscr.cz/id/1644,1481,1481 1643,
ohniště,hearth,teater,1645,https://teater.aiscr.cz/id/1645,1481,1481 1643,
otopná pec,oven,teater,1646,https://teater.aiscr.cz/id/1646,1481,1481 1643,
topný kanál,heating channel,teater,1647,https://teater.aiscr.cz/id/1647,1481,1481 1643,
vytápění,heating,teater,1648,https://teater.aiscr.cz/id/1648,1481,1481 1643,
pohřební objekt,funerary feature,teater,1649,https://teater.aiscr.cz/id/1649,1481,1481,
cippus (náhrobek),cippus (gravestone),teater,1650,https://teater.aiscr.cz/id/1650,1481,1481 1649,
dolmen,dolmen,teater,1651,https://teater.aiscr.cz/id/1651,1481,1481 1649,
dromos (hrobka),dromos (tomb),teater,1652,https://teater.aiscr.cz/id/1652,1481,1481 1649,
elogium,elogium,teater,1653,https://teater.aiscr.cz/id/1653,1481,1481 1649,
hrobka,tomb,teater,1654,https://teater.aiscr.cz/id/1654,1481,1481 1649,
hrob,grave,teater,1655,https://teater.aiscr.cz/id/1655,1481,1481 1649,
knížecí hrob,princely grave,teater,1656,https://teater.aiscr.cz/id/1656,1481,1481 1649 1655,
komorový hrob,chamber tomb,teater,1657,https://teater.aiscr.cz/id/1657,1481,1481 1649 1655,
kostrový hrob,skeleton grave,teater,1658,https://teater.aiscr.cz/id/1658,1481,1481 1649 1655,
skříňkový hrob,cist grave,teater,1659,https://teater.aiscr.cz/id/1659,1481,1481 1649 1655,
žárový hrob,burnt grave,teater,1660,https://teater.aiscr.cz/id/1660,1481,1481 1649 1655,
kolumbárium,columbarium,teater,1661,https://teater.aiscr.cz/id/1661,1481,1481 1649,
kostnice,ossuary,teater,1662,https://teater.aiscr.cz/id/1662,1481,1481 1649,
krypta,crypt,teater,1663,https://teater.aiscr.cz/id/1663,1481,1481 1649,
kurhan,kurgan,teater,1664,https://teater.aiscr.cz/id/1664,1481,1481 1649,
mauzoleum,mausoleum,teater,1665,https://teater.aiscr.cz/id/1665,1481,1481 1649,
mohyla,burial mound,teater,1666,https://teater.aiscr.cz/id/1666,1481,1481 1649,
náhrobek,gravestone,teater,1667,https://teater.aiscr.cz/id/1667,1481,1481 1649,
pohřeb v sídlištním objektu,burial in settlement context,teater,1668,https://teater.aiscr.cz/id/1668,1481,1481 1649,
pohřeb zvířete,animal burial,teater,1669,https://teater.aiscr.cz/id/1669,1481,1481 1649,
pyramida,pyramid,teater,1670,https://teater.aiscr.cz/id/1670,1481,1481 1649,
stéla (objekt),stele (feature),teater,1671,https://teater.aiscr.cz/id/1671,1481,1481 1649,
pozemní komunikace (objekty),land communication (objects),teater,1672,https://teater.aiscr.cz/id/1672,1481,1481,
cesta,path,teater,1673,https://teater.aiscr.cz/id/1673,1481,1481 1672,
dřevěná hať,timber trackway,teater,1674,https://teater.aiscr.cz/id/1674,1481,1481 1672,
mezník,boundary stone,teater,1675,https://teater.aiscr.cz/id/1675,1481,1481 1672,
cippus (mezník),cippus (boundary stone),teater,1676,https://teater.aiscr.cz/id/1676,1481,1481 1672 1675,
terminus,terminus,teater,1677,https://teater.aiscr.cz/id/1677,1481,1481 1672 1675,
telegrafie,telegraphy,teater,1678,https://teater.aiscr.cz/id/1678,1481,1481 1672,
úvoz,hollow way,teater,1679,https://teater.aiscr.cz/id/1679,1481,1481 1672,
přírodní útvar,natural feature,teater,1680,https://teater.aiscr.cz/id/1680,1481,1481,
erozní rýha,gully,teater,1681,https://teater.aiscr.cz/id/1681,1481,1481 1680,
jeskyně,cave,teater,1682,https://teater.aiscr.cz/id/1682,1481,1481 1680,
grotta,grotto,teater,1683,https://teater.aiscr.cz/id/1683,1481,1481 1680 1682,
meander,meander,teater,1684,https://teater.aiscr.cz/id/1684,1481,1481 1680,
vodní pramen,spring,teater,1685,https://teater.aiscr.cz/id/1685,1481,1481 1680,
vodoteč,water channel,teater,1686,https://teater.aiscr.cz/id/1686,1481,1481 1680,
vývrat,windthrow,teater,1687,https://teater.aiscr.cz/id/1687,1481,1481 1680,
pyrotechnické zařízení,pyrotechnic device,teater,1688,https://teater.aiscr.cz/id/1688,1481,1481,
cihlářská pec,brick kiln,teater,1689,https://teater.aiscr.cz/id/1689,1481,1481 1688,
dehtářská pec,tar kiln (objekt),teater,1690,https://teater.aiscr.cz/id/1690,1481,1481 1688,
dýmačka,fuming blast-furnace,teater,1691,https://teater.aiscr.cz/id/1691,1481,1481 1688,
hrnčířská pec,pottery kiln,teater,1692,https://teater.aiscr.cz/id/1692,1481,1481 1688,
hutnická pec,iron-smelting furnace,teater,1693,https://teater.aiscr.cz/id/1693,1481,1481 1688,
kovolitecká pec,foundry,teater,1694,https://teater.aiscr.cz/id/1694,1481,1481 1688,
milíř,charcoal pile,teater,1695,https://teater.aiscr.cz/id/1695,1481,1481 1688,
pec,kiln,teater,1696,https://teater.aiscr.cz/id/1696,1481,1481 1688,
pec na chléb,bake oven,teater,1697,https://teater.aiscr.cz/id/1697,1481,1481 1688,
sklářská pec,glass furnace,teater,1698,https://teater.aiscr.cz/id/1698,1481,1481 1688,
vápenická pec,lime kiln,teater,1699,https://teater.aiscr.cz/id/1699,1481,1481 1688,
výheň,furnace,teater,1700,https://teater.aiscr.cz/id/1700,1481,1481 1688,
železářská pec,iron furnace,teater,1701,https://teater.aiscr.cz/id/1701,1481,1481 1688,
reliéfní útvar,relief feature,teater,1702,https://teater.aiscr.cz/id/1702,1481,1481,
konkávní plocha,concave surface,teater,1703,https://teater.aiscr.cz/id/1703,1481,1481 1702,
konvexní plocha,convex surface,teater,1704,https://teater.aiscr.cz/id/1704,1481,1481 1702,
lineární konkávní útvar,linear concave feature,teater,1705,https://teater.aiscr.cz/id/1705,1481,1481 1702,
lineární konvexní útvar,linear convex feature,teater,1706,https://teater.aiscr.cz/id/1706,1481,1481 1702,
neklidný terén,uneven surface,teater,1707,https://teater.aiscr.cz/id/1707,1481,1481 1702,
plošina,platform,teater,1708,https://teater.aiscr.cz/id/1708,1481,1481 1702,
terénní hrana,terrain edge,teater,1709,https://teater.aiscr.cz/id/1709,1481,1481 1702,
sakrální architektura,sacred architecture,teater,1710,https://teater.aiscr.cz/id/1710,1481,1481,
adyton,adyton,teater,1711,https://teater.aiscr.cz/id/1711,1481,1481 1710,
apsida,apse,teater,1712,https://teater.aiscr.cz/id/1712,1481,1481 1710,
cella,cella,teater,1713,https://teater.aiscr.cz/id/1713,1481,1481 1710,
chrámové okno,temple window,teater,1714,https://teater.aiscr.cz/id/1714,1481,1481 1710,
chrámové dveře,temple door,teater,1715,https://teater.aiscr.cz/id/1715,1481,1481 1710,
kostelní věž,church tower,teater,1716,https://teater.aiscr.cz/id/1716,1481,1481 1710,
kružba,tracery,teater,1717,https://teater.aiscr.cz/id/1717,1481,1481 1710,
křtitelnice,baptismal font,teater,1718,https://teater.aiscr.cz/id/1718,1481,1481 1710,
menhir,menhir,teater,1719,https://teater.aiscr.cz/id/1719,1481,1481 1710,
minaret,minaret,teater,1720,https://teater.aiscr.cz/id/1720,1481,1481 1710,
morový sloup,plague column,teater,1721,https://teater.aiscr.cz/id/1721,1481,1481 1710,
narthex,narthex,teater,1722,https://teater.aiscr.cz/id/1722,1481,1481 1710,
oltář,altar,teater,1723,https://teater.aiscr.cz/id/1723,1481,1481 1710,
barokní oltář,baroque altar,teater,1724,https://teater.aiscr.cz/id/1724,1481,1481 1710 1723,
gotický oltář,gothic altar,teater,1725,https://teater.aiscr.cz/id/1725,1481,1481 1710 1723,
renesanční oltář,renaissance altar,teater,1726,https://teater.aiscr.cz/id/1726,1481,1481 1710 1723,
retábl,retable,teater,1727,https://teater.aiscr.cz/id/1727,1481,1481 1710 1723,
opisthodomos,opisthodomos,teater,1728,https://teater.aiscr.cz/id/1728,1481,1481 1710,
poustevna,hermitage,teater,1729,https://teater.aiscr.cz/id/1729,1481,1481 1710,
presbytář,presbytery,teater,1730,https://teater.aiscr.cz/id/1730,1481,1481 1710,
pronáos,pronaos,teater,1731,https://teater.aiscr.cz/id/1731,1481,1481 1710,
propylaje,propylaea,teater,1732,https://teater.aiscr.cz/id/1732,1481,1481 1710,
puteál,puteal,teater,1733,https://teater.aiscr.cz/id/1733,1481,1481 1710,
pylón,pylon,teater,1734,https://teater.aiscr.cz/id/1734,1481,1481 1710,
smírčí kamen,reconciliation stone,teater,1735,https://teater.aiscr.cz/id/1735,1481,1481 1710,
smírčí kříž,cross of reconciliation,teater,1736,https://teater.aiscr.cz/id/1736,1481,1481 1710,
thésauros,thesauros,teater,1737,https://teater.aiscr.cz/id/1737,1481,1481 1710,
vitráž,stained glass,teater,1738,https://teater.aiscr.cz/id/1738,1481,1481 1710,
těžební objekt,mining feature,teater,1739,https://teater.aiscr.cz/id/1739,1481,1481,
obval,spoil bank,teater,1740,https://teater.aiscr.cz/id/1740,1481,1481 1739,
odval,spoil tip,teater,1741,https://teater.aiscr.cz/id/1741,1481,1481 1739,
pinka,binge,teater,1742,https://teater.aiscr.cz/id/1742,1481,1481 1739,
podzemní štola,drift,teater,1743,https://teater.aiscr.cz/id/1743,1481,1481 1739,
sejp,spoil heap,teater,1744,https://teater.aiscr.cz/id/1744,1481,1481 1739,
šachta,shaft,teater,1745,https://teater.aiscr.cz/id/1745,1481,1481 1739,
těžební jáma,mining pit,teater,1746,https://teater.aiscr.cz/id/1746,1481,1481 1739,
těžební místo,mining site,teater,1747,https://teater.aiscr.cz/id/1747,1481,1481 1739,
vrstva (objekt),layer,teater,1748,https://teater.aiscr.cz/id/1748,1481,1481,
destrukční horizont,destruction horizon,teater,1749,https://teater.aiscr.cz/id/1749,1481,1481 1748,
geologická vrstva,geological layer,teater,1750,https://teater.aiscr.cz/id/1750,1481,1481 1748,
horizont osídlení,settlement layer,teater,1751,https://teater.aiscr.cz/id/1751,1481,1481 1748,
kulturní vrstva,cultural layer,teater,1752,https://teater.aiscr.cz/id/1752,1481,1481 1748,
násyp,bank,teater,1753,https://teater.aiscr.cz/id/1753,1481,1481 1748,
navážka,landfill,teater,1754,https://teater.aiscr.cz/id/1754,1481,1481 1748,
odpadní vrstva,refuse layer,teater,1755,https://teater.aiscr.cz/id/1755,1481,1481 1748,
podlaha (vrstva),floor layer,teater,1756,https://teater.aiscr.cz/id/1756,1481,1481 1748,
splach,solifluction,teater,1757,https://teater.aiscr.cz/id/1757,1481,1481 1748,
výplň zahloubeného objektu,filling,teater,1758,https://teater.aiscr.cz/id/1758,1481,1481 1748,
žároviště,cremation place,teater,1759,https://teater.aiscr.cz/id/1759,1481,1481 1748,
výrobní objekt,production feature,teater,1760,https://teater.aiscr.cz/id/1760,1481,1481,
dílna,workshop,teater,1761,https://teater.aiscr.cz/id/1761,1481,1481 1760,
ergastérion,ergasterion,teater,1762,https://teater.aiscr.cz/id/1762,1481,1481 1760 1761,
ergastulum,ergastulum,teater,1763,https://teater.aiscr.cz/id/1763,1481,1481 1760 1761,
hamr,forge,teater,1764,https://teater.aiscr.cz/id/1764,1481,1481 1760,
kovárna,blacksmiths workshop,teater,1765,https://teater.aiscr.cz/id/1765,1481,1481 1760,
mincovna,mint,teater,1766,https://teater.aiscr.cz/id/1766,1481,1481 1760,
místo výroby,production site,teater,1767,https://teater.aiscr.cz/id/1767,1481,1481 1760,
místo zpracování,processing site,teater,1768,https://teater.aiscr.cz/id/1768,1481,1481 1760,
skriptorium,scriptorium,teater,1769,https://teater.aiscr.cz/id/1769,1481,1481 1760,
vápenická jáma,lime pit,teater,1770,https://teater.aiscr.cz/id/1770,1481,1481 1760,
zahloubený objekt,sunken feature,teater,1771,https://teater.aiscr.cz/id/1771,1481,1481,
cisterna,water tank,teater,1772,https://teater.aiscr.cz/id/1772,1481,1481 1771,
hliník,clay pit,teater,1773,https://teater.aiscr.cz/id/1773,1481,1481 1771,
jáma,pit,teater,1774,https://teater.aiscr.cz/id/1774,1481,1481 1771,
katakomby,catacombs,teater,1775,https://teater.aiscr.cz/id/1775,1481,1481 1771,
kůlová jamka,stake hole,teater,1776,https://teater.aiscr.cz/id/1776,1481,1481 1771,
loch,larder,teater,1777,https://teater.aiscr.cz/id/1777,1481,1481 1771,
nádrž,reservoir,teater,1778,https://teater.aiscr.cz/id/1778,1481,1481 1771,
obilnice,granary,teater,1779,https://teater.aiscr.cz/id/1779,1481,1481 1771,
odpadní jáma,rubbish pit,teater,1780,https://teater.aiscr.cz/id/1780,1481,1481 1771,
sklep,cellar,teater,1781,https://teater.aiscr.cz/id/1781,1481,1481 1771,
stavební jáma,construction pit,teater,1782,https://teater.aiscr.cz/id/1782,1481,1481 1771,
studna,well,teater,1783,https://teater.aiscr.cz/id/1783,1481,1481 1771,
výkop,trench (výkop/Aushub),teater,1784,https://teater.aiscr.cz/id/1784,1481,1481 1771,
zásobní jáma,storage pit,teater,1785,https://teater.aiscr.cz/id/1785,1481,1481 1771,
zemnice,pithouse,teater,1786,https://teater.aiscr.cz/id/1786,1481,1481 1771,
žlab,gutter,teater,1787,https://teater.aiscr.cz/id/1787,1481,1481 1771,
8) předmět,8) Object,teater,1788,https://teater.aiscr.cz/id/1788,1788,,
architektonický článek,architectural element,teater,1789,https://teater.aiscr.cz/id/1789,1788,1788,
abacus (architektura),abacus (architecture),teater,1790,https://teater.aiscr.cz/id/1790,1788,1788 1789,
akanthos,acanthus,teater,1791,https://teater.aiscr.cz/id/1791,1788,1788 1789,
akrótérion,acroterion,teater,1792,https://teater.aiscr.cz/id/1792,1788,1788 1789,
ant,anta,teater,1793,https://teater.aiscr.cz/id/1793,1788,1788 1789,
antefix,antefix,teater,1794,https://teater.aiscr.cz/id/1794,1788,1788 1789,
architráv,architrave,teater,1795,https://teater.aiscr.cz/id/1795,1788,1788 1789,
dipylská váza,dipylon jar,teater,1796,https://teater.aiscr.cz/id/1796,1788,1788 1789,
echínos,echinus,teater,1797,https://teater.aiscr.cz/id/1797,1788,1788 1789,
guttae,guttae,teater,1798,https://teater.aiscr.cz/id/1798,1788,1788 1789,
chrlič,gargoyle,teater,1799,https://teater.aiscr.cz/id/1799,1788,1788 1789,
kurvatura,curvature,teater,1800,https://teater.aiscr.cz/id/1800,1788,1788 1789,
maskaron,mascaron,teater,1801,https://teater.aiscr.cz/id/1801,1788,1788 1789,
metopa,metope,teater,1802,https://teater.aiscr.cz/id/1802,1788,1788 1789,
ostění,jamb,teater,1803,https://teater.aiscr.cz/id/1803,1788,1788 1789,
plinthos,plinth,teater,1804,https://teater.aiscr.cz/id/1804,1788,1788 1789,
portál,portal,teater,1805,https://teater.aiscr.cz/id/1805,1788,1788 1789,
římsa,geison,teater,1806,https://teater.aiscr.cz/id/1806,1788,1788 1789,
sima,sima,teater,1807,https://teater.aiscr.cz/id/1807,1788,1788 1789,
stylobat,stylobate,teater,1808,https://teater.aiscr.cz/id/1808,1788,1788 1789,
torus,torus,teater,1809,https://teater.aiscr.cz/id/1809,1788,1788 1789,
triglyf,triglyph,teater,1810,https://teater.aiscr.cz/id/1810,1788,1788 1789,
tympanon (architektura),tympanum (architecture),teater,1811,https://teater.aiscr.cz/id/1811,1788,1788 1789,
vlys,frieze,teater,1812,https://teater.aiscr.cz/id/1812,1788,1788 1789,
voluta (ionský sloup),volute,teater,1813,https://teater.aiscr.cz/id/1813,1788,1788 1789,
doklady umění,evidence of art,teater,1814,https://teater.aiscr.cz/id/1814,1788,1788,
dřevořezba,woodcarving,teater,1815,https://teater.aiscr.cz/id/1815,1788,1788 1814,
xoanon,xoanon,teater,1816,https://teater.aiscr.cz/id/1816,1788,1788 1814 1815,
figurální plastika,statue,teater,1817,https://teater.aiscr.cz/id/1817,1788,1788 1814,
antropomorfní plastika,anthropomorphic sculpture,teater,1818,https://teater.aiscr.cz/id/1818,1788,1788 1814 1817,
idól,idol,teater,1819,https://teater.aiscr.cz/id/1819,1788,1788 1814 1817,
koroplastika,greek terracotta figurine,teater,1820,https://teater.aiscr.cz/id/1820,1788,1788 1814 1817,
kovová plastika,metal sculpture,teater,1821,https://teater.aiscr.cz/id/1821,1788,1788 1814 1817,
totem,totem,teater,1822,https://teater.aiscr.cz/id/1822,1788,1788 1814 1817,
zoomorfní plastika,zoomorphic sculpture,teater,1823,https://teater.aiscr.cz/id/1823,1788,1788 1814 1817,
freska,frescoe,teater,1824,https://teater.aiscr.cz/id/1824,1788,1788 1814,
graffito,graffiti,teater,1825,https://teater.aiscr.cz/id/1825,1788,1788 1814,
hudební nástroj,musical instrument,teater,1826,https://teater.aiscr.cz/id/1826,1788,1788 1814,
aulos,aulos,teater,1827,https://teater.aiscr.cz/id/1827,1788,1788 1814 1826,
barbiton,barbiton,teater,1828,https://teater.aiscr.cz/id/1828,1788,1788 1814 1826,
cornu,cornu,teater,1829,https://teater.aiscr.cz/id/1829,1788,1788 1814 1826,
cymbál,cymbal,teater,1830,https://teater.aiscr.cz/id/1830,1788,1788 1814 1826,
forminx,phorminx,teater,1831,https://teater.aiscr.cz/id/1831,1788,1788 1814 1826,
harfa,harp,teater,1832,https://teater.aiscr.cz/id/1832,1788,1788 1814 1826,
keras,keras,teater,1833,https://teater.aiscr.cz/id/1833,1788,1788 1814 1826,
kithara,kithara,teater,1834,https://teater.aiscr.cz/id/1834,1788,1788 1814 1826,
klapačka (nožní),scabellum,teater,1835,https://teater.aiscr.cz/id/1835,1788,1788 1814 1826,
klapačka (ruční),crotalum,teater,1836,https://teater.aiscr.cz/id/1836,1788,1788 1814 1826,
lituus,lituus,teater,1837,https://teater.aiscr.cz/id/1837,1788,1788 1814 1826,
lyra,lyre,teater,1838,https://teater.aiscr.cz/id/1838,1788,1788 1814 1826,
monochord,monochord,teater,1839,https://teater.aiscr.cz/id/1839,1788,1788 1814 1826,
panova flétna,pan flute,teater,1840,https://teater.aiscr.cz/id/1840,1788,1788 1814 1826,
píšťala,pipe,teater,1841,https://teater.aiscr.cz/id/1841,1788,1788 1814 1826,
ruční bubínek,tympanum,teater,1842,https://teater.aiscr.cz/id/1842,1788,1788 1814 1826,
salpinx,salpinx,teater,1843,https://teater.aiscr.cz/id/1843,1788,1788 1814 1826,
signální nástroj,signaling tool,teater,1844,https://teater.aiscr.cz/id/1844,1788,1788 1814 1826,
sistrum,sistrum,teater,1845,https://teater.aiscr.cz/id/1845,1788,1788 1814 1826,
trsátko,plectrum,teater,1846,https://teater.aiscr.cz/id/1846,1788,1788 1814 1826,
tuba,tuba,teater,1847,https://teater.aiscr.cz/id/1847,1788,1788 1814 1826,
tympanon (hudební nástroj),tympanum (musical instrument),teater,1848,https://teater.aiscr.cz/id/1848,1788,1788 1814 1826,
varhany,organ,teater,1849,https://teater.aiscr.cz/id/1849,1788,1788 1814 1826,
malba,painting,teater,1850,https://teater.aiscr.cz/id/1850,1788,1788 1814,
desková malba,panel painting,teater,1851,https://teater.aiscr.cz/id/1851,1788,1788 1814 1850,
gotická desková malba,gothic panel painting,teater,1852,https://teater.aiscr.cz/id/1852,1788,1788 1814 1850 1851,
devoční obraz,devotional image,teater,1853,https://teater.aiscr.cz/id/1853,1788,1788 1814 1850,
enkaustika,encaustic painting,teater,1854,https://teater.aiscr.cz/id/1854,1788,1788 1814 1850,
ikona,icon,teater,1855,https://teater.aiscr.cz/id/1855,1788,1788 1814 1850,
jeskynní malba,cave painting,teater,1856,https://teater.aiscr.cz/id/1856,1788,1788 1814 1850,
lidová malba,folk painting,teater,1857,https://teater.aiscr.cz/id/1857,1788,1788 1814 1850,
lidová malba na skle,folk painting on glass,teater,1858,https://teater.aiscr.cz/id/1858,1788,1788 1814 1850 1857,
malba na keramice,pottery painting,teater,1859,https://teater.aiscr.cz/id/1859,1788,1788 1814 1850,
malba na mědi,painting on copper,teater,1860,https://teater.aiscr.cz/id/1860,1788,1788 1814 1850,
malba na porcelánu,porcelain painting,teater,1861,https://teater.aiscr.cz/id/1861,1788,1788 1814 1850,
malba na skle,glass painting,teater,1862,https://teater.aiscr.cz/id/1862,1788,1788 1814 1850,
malba na textilu,textile painting,teater,1863,https://teater.aiscr.cz/id/1863,1788,1788 1814 1850,
malba na hedvábí,silk painting,teater,1864,https://teater.aiscr.cz/id/1864,1788,1788 1814 1850 1863,
nástěnná malba,mural painting,teater,1865,https://teater.aiscr.cz/id/1865,1788,1788 1814 1850,
barokní nástěnná malba,baroque mural painting,teater,1866,https://teater.aiscr.cz/id/1866,1788,1788 1814 1850 1865,
gotická nástěnná malba,gothic mural painting,teater,1867,https://teater.aiscr.cz/id/1867,1788,1788 1814 1850 1865,
groteska (malba),grotesque (painting),teater,1868,https://teater.aiscr.cz/id/1868,1788,1788 1814 1850 1865,
renesanční nástěnná malba,renaissance mural painting,teater,1869,https://teater.aiscr.cz/id/1869,1788,1788 1814 1850 1865,
románská nástěnná malba,romanesque mural painting,teater,1870,https://teater.aiscr.cz/id/1870,1788,1788 1814 1850 1865,
pinax,pinax,teater,1871,https://teater.aiscr.cz/id/1871,1788,1788 1814 1850,
stropní malba,ceiling painting,teater,1872,https://teater.aiscr.cz/id/1872,1788,1788 1814 1850,
veraikon,Veronica image,teater,1873,https://teater.aiscr.cz/id/1873,1788,1788 1814 1850,
maska,mask,teater,1874,https://teater.aiscr.cz/id/1874,1788,1788 1814,
mozaika,mosaic,teater,1875,https://teater.aiscr.cz/id/1875,1788,1788 1814,
ornamentika,ornamentation,teater,1876,https://teater.aiscr.cz/id/1876,1788,1788 1814,
ornament,ornament,teater,1877,https://teater.aiscr.cz/id/1877,1788,1788 1814 1876,
palmeta,palmette,teater,1878,https://teater.aiscr.cz/id/1878,1788,1788 1814 1876 1877,
vzor (motiv),pattern,teater,1879,https://teater.aiscr.cz/id/1879,1788,1788 1814 1876,
zvířecí symbolika,animal symbolism,teater,1880,https://teater.aiscr.cz/id/1880,1788,1788 1814 1876,
reliéf (sochařství),relief sculpture,teater,1881,https://teater.aiscr.cz/id/1881,1788,1788 1814,
iliacae tabulae,Tabula Iliaca,teater,1882,https://teater.aiscr.cz/id/1882,1788,1788 1814 1881,
rytina,engraving,teater,1883,https://teater.aiscr.cz/id/1883,1788,1788 1814,
řezba v kameni,stone carving,teater,1884,https://teater.aiscr.cz/id/1884,1788,1788 1814,
řezba v nefritu,jade carving,teater,1885,https://teater.aiscr.cz/id/1885,1788,1788 1814,
řezba v rohovině,horn carving,teater,1886,https://teater.aiscr.cz/id/1886,1788,1788 1814,
řezba ve slonovině,ivory carving,teater,1887,https://teater.aiscr.cz/id/1887,1788,1788 1814,
socha,statue,teater,1888,https://teater.aiscr.cz/id/1888,1788,1788 1814,
devoční socha,devotional statue,teater,1889,https://teater.aiscr.cz/id/1889,1788,1788 1814 1888,
hermovka,herma,teater,1890,https://teater.aiscr.cz/id/1890,1788,1788 1814 1888,
koré,kore,teater,1891,https://teater.aiscr.cz/id/1891,1788,1788 1814 1888,
kúros,kouros,teater,1892,https://teater.aiscr.cz/id/1892,1788,1788 1814 1888,
palladium,palladium,teater,1893,https://teater.aiscr.cz/id/1893,1788,1788 1814 1888,
pasquino,pasquino,teater,1894,https://teater.aiscr.cz/id/1894,1788,1788 1814 1888,
doprava,transportation,teater,1895,https://teater.aiscr.cz/id/1895,1788,1788,
brusle,ice skates,teater,1896,https://teater.aiscr.cz/id/1896,1788,1788 1895,
člun,boat,teater,1897,https://teater.aiscr.cz/id/1897,1788,1788 1895,
monoxyl,logboat,teater,1898,https://teater.aiscr.cz/id/1898,1788,1788 1895 1897,
koňský postroj,horse trappings,teater,1899,https://teater.aiscr.cz/id/1899,1788,1788 1895,
podkova,horseshoe,teater,1900,https://teater.aiscr.cz/id/1900,1788,1788 1895 1899,
sedlo,saddle,teater,1901,https://teater.aiscr.cz/id/1901,1788,1788 1895 1899,
třmen,stirrup,teater,1902,https://teater.aiscr.cz/id/1902,1788,1788 1895 1899,
udidlo,bit,teater,1903,https://teater.aiscr.cz/id/1903,1788,1788 1895 1899,
uzda,bridle,teater,1904,https://teater.aiscr.cz/id/1904,1788,1788 1895 1899,
loď,ship,teater,1905,https://teater.aiscr.cz/id/1905,1788,1788 1895,
obchodní loď,merchant vessel,teater,1906,https://teater.aiscr.cz/id/1906,1788,1788 1895 1905,
nákladní loď,cargo ship,teater,1907,https://teater.aiscr.cz/id/1907,1788,1788 1895 1905,
vojenská loď,warship,teater,1908,https://teater.aiscr.cz/id/1908,1788,1788 1895 1905,
triéra,trireme,teater,1909,https://teater.aiscr.cz/id/1909,1788,1788 1895 1905 1908,
výletní loď,cruise ship,teater,1910,https://teater.aiscr.cz/id/1910,1788,1788 1895 1905,
saně,sleds,teater,1911,https://teater.aiscr.cz/id/1911,1788,1788 1895,
vůz,cart,teater,1912,https://teater.aiscr.cz/id/1912,1788,1788 1895,
essedum,essedum,teater,1913,https://teater.aiscr.cz/id/1913,1788,1788 1895 1912,
součást vozu,vehicle component,teater,1914,https://teater.aiscr.cz/id/1914,1788,1788 1895 1912,
biga,biga,teater,1915,https://teater.aiscr.cz/id/1915,1788,1788 1895 1912,
trigae,triga,teater,1916,https://teater.aiscr.cz/id/1916,1788,1788 1895 1912,
quadrigae,quadriga,teater,1917,https://teater.aiscr.cz/id/1917,1788,1788 1895 1912,
ekofakt,ecofact,teater,1918,https://teater.aiscr.cz/id/1918,1788,1788,
kamenné jádro,core,teater,1919,https://teater.aiscr.cz/id/1919,1788,1788 1918,
kosterní pozůstatky člověka,human remains,teater,1920,https://teater.aiscr.cz/id/1920,1788,1788 1918,
kosterní pozůstatky živočichů,animal remains,teater,1921,https://teater.aiscr.cz/id/1921,1788,1788 1918,
kostra,skeleton,teater,1922,https://teater.aiscr.cz/id/1922,1788,1788 1918,
krev,blood,teater,1923,https://teater.aiscr.cz/id/1923,1788,1788 1918,
malakofauna,mollusca remains,teater,1924,https://teater.aiscr.cz/id/1924,1788,1788 1918,
mumie,mummy,teater,1925,https://teater.aiscr.cz/id/1925,1788,1788 1918,
obilniny,cereals,teater,1926,https://teater.aiscr.cz/id/1926,1788,1788 1918,
ječmen,barley,teater,1927,https://teater.aiscr.cz/id/1927,1788,1788 1918 1926,
obilí (zrno),corn,teater,1928,https://teater.aiscr.cz/id/1928,1788,1788 1918 1926,
oves,oats,teater,1929,https://teater.aiscr.cz/id/1929,1788,1788 1918 1926,
proso,millet,teater,1930,https://teater.aiscr.cz/id/1930,1788,1788 1918 1926,
pšenice dvouzrnka,emmer wheat,teater,1931,https://teater.aiscr.cz/id/1931,1788,1788 1918 1926,
pšenice jednozrnka,einkorn wheat,teater,1932,https://teater.aiscr.cz/id/1932,1788,1788 1918 1926,
pšenice špalda,spelt,teater,1933,https://teater.aiscr.cz/id/1933,1788,1788 1918 1926,
žito,rye,teater,1934,https://teater.aiscr.cz/id/1934,1788,1788 1918 1926,
odpad,waste,teater,1935,https://teater.aiscr.cz/id/1935,1788,1788 1918,
stavební odpad,building waste,teater,1936,https://teater.aiscr.cz/id/1936,1788,1788 1918 1935,
těžební odpad,mining waste,teater,1937,https://teater.aiscr.cz/id/1937,1788,1788 1918 1935,
hlušina,gangue,teater,1938,https://teater.aiscr.cz/id/1938,1788,1788 1918 1935 1937,
výrobní odpad,manufacturing debris,teater,1939,https://teater.aiscr.cz/id/1939,1788,1788 1918 1935,
železný odpad,scrap iron,teater,1940,https://teater.aiscr.cz/id/1940,1788,1788 1918 1935,
plevel,weed,teater,1941,https://teater.aiscr.cz/id/1941,1788,1788 1918,
pleva,husk,teater,1942,https://teater.aiscr.cz/id/1942,1788,1788 1918,
popel,ash,teater,1943,https://teater.aiscr.cz/id/1943,1788,1788 1918,
přechovávaná přírodnina,handled natural product,teater,1944,https://teater.aiscr.cz/id/1944,1788,1788 1918,
rostlinné makrozbytky,plant macro remains,teater,1945,https://teater.aiscr.cz/id/1945,1788,1788 1918,
skořápka,egg shell,teater,1946,https://teater.aiscr.cz/id/1946,1788,1788 1918,
sláma,straw,teater,1947,https://teater.aiscr.cz/id/1947,1788,1788 1918,
struska,slag,teater,1948,https://teater.aiscr.cz/id/1948,1788,1788 1918,
technická keramika,technical ceramics,teater,1949,https://teater.aiscr.cz/id/1949,1788,1788 1918,
uhlík,charcoal,teater,1950,https://teater.aiscr.cz/id/1950,1788,1788 1918,
vejce,egg,teater,1951,https://teater.aiscr.cz/id/1951,1788,1788 1918,
zub,tooth,teater,1952,https://teater.aiscr.cz/id/1952,1788,1788 1918,
živočišné makrozbytky,animal remains,teater,1953,https://teater.aiscr.cz/id/1953,1788,1788 1918,
funkčně nespecifikovaný předmět,unassigned,teater,1954,https://teater.aiscr.cz/id/1954,1788,1788,
deska,board,teater,1955,https://teater.aiscr.cz/id/1955,1788,1788 1954,
drát,wire,teater,1956,https://teater.aiscr.cz/id/1956,1788,1788 1954,
hák,hook,teater,1957,https://teater.aiscr.cz/id/1957,1788,1788 1954,
hrot,point,teater,1958,https://teater.aiscr.cz/id/1958,1788,1788 1954,
kování,ironwork,teater,1959,https://teater.aiscr.cz/id/1959,1788,1788 1954,
kroužek,ring (kroužek/Ring),teater,1960,https://teater.aiscr.cz/id/1960,1788,1788 1954,
kulička,marble,teater,1961,https://teater.aiscr.cz/id/1961,1788,1788 1954,
plech,sheet,teater,1962,https://teater.aiscr.cz/id/1962,1788,1788 1954,
tyčinka,rod,teater,1963,https://teater.aiscr.cz/id/1963,1788,1788 1954,
herní předmět,gaming item,teater,1964,https://teater.aiscr.cz/id/1964,1788,1788,
hrací kamen,gaming piece,teater,1965,https://teater.aiscr.cz/id/1965,1788,1788 1964,
hračka,toy,teater,1966,https://teater.aiscr.cz/id/1966,1788,1788 1964,
šachy,chess,teater,1967,https://teater.aiscr.cz/id/1967,1788,1788 1964,
šachová figurka,chessmen,teater,1968,https://teater.aiscr.cz/id/1968,1788,1788 1964 1967,
šachovnice,chessboard,teater,1969,https://teater.aiscr.cz/id/1969,1788,1788 1964 1967,
militaria,armour and weapons,teater,1970,https://teater.aiscr.cz/id/1970,1788,1788,
ostruha,spur,teater,1971,https://teater.aiscr.cz/id/1971,1788,1788 1970,
pochva,scabbard,teater,1972,https://teater.aiscr.cz/id/1972,1788,1788 1970,
štít,shield,teater,1973,https://teater.aiscr.cz/id/1973,1788,1788 1970,
štítová puklice,shield boss,teater,1974,https://teater.aiscr.cz/id/1974,1788,1788 1970 1973,
vojenská technika,military engineering,teater,1975,https://teater.aiscr.cz/id/1975,1788,1788 1970,
obléhací stroj,siege engine,teater,1976,https://teater.aiscr.cz/id/1976,1788,1788 1970 1975,
balista,ballista,teater,1977,https://teater.aiscr.cz/id/1977,1788,1788 1970 1975 1976,
karroballista,carroballista,teater,1978,https://teater.aiscr.cz/id/1978,1788,1788 1970 1975 1976 1977,
katapult (zbraně),catapult,teater,1979,https://teater.aiscr.cz/id/1979,1788,1788 1970 1975 1976,
obléhací beran,battering ram,teater,1980,https://teater.aiscr.cz/id/1980,1788,1788 1970 1975 1976,
obléhací podloubí,siegecraft,teater,1981,https://teater.aiscr.cz/id/1981,1788,1788 1970 1975 1976,
obléhací šípomet,scorpion,teater,1982,https://teater.aiscr.cz/id/1982,1788,1788 1970 1975 1976,
obléhací věž,siege tower,teater,1983,https://teater.aiscr.cz/id/1983,1788,1788 1970 1975 1976,
onager,onager,teater,1984,https://teater.aiscr.cz/id/1984,1788,1788 1970 1975 1976,
zbraň,weapon,teater,1985,https://teater.aiscr.cz/id/1985,1788,1788 1970,
bulava,mace (bulava),teater,1986,https://teater.aiscr.cz/id/1986,1788,1788 1970 1985,
dýka,dagger,teater,1987,https://teater.aiscr.cz/id/1987,1788,1788 1970 1985,
harpuna,harpoon,teater,1988,https://teater.aiscr.cz/id/1988,1788,1788 1970 1985,
hrot kopí,spearhead,teater,1989,https://teater.aiscr.cz/id/1989,1788,1788 1970 1985,
hrot oštěpu,spearhead,teater,1990,https://teater.aiscr.cz/id/1990,1788,1788 1970 1985,
hrot šipky,crossbow bolt,teater,1991,https://teater.aiscr.cz/id/1991,1788,1788 1970 1985,
hrot šípu,arrowhead,teater,1992,https://teater.aiscr.cz/id/1992,1788,1788 1970 1985,
chladná zbraň,cold weapon,teater,1993,https://teater.aiscr.cz/id/1993,1788,1788 1970 1985,
bodná zbraň,stabbing weapon,teater,1994,https://teater.aiscr.cz/id/1994,1788,1788 1970 1985 1993,
sečná zbraň,cutting arm,teater,1995,https://teater.aiscr.cz/id/1995,1788,1788 1970 1985 1993,
kopí,spear,teater,1996,https://teater.aiscr.cz/id/1996,1788,1788 1970 1985,
kuše,crossbow,teater,1997,https://teater.aiscr.cz/id/1997,1788,1788 1970 1985,
luk,bow,teater,1998,https://teater.aiscr.cz/id/1998,1788,1788 1970 1985,
reflexní luk,reflex bow,teater,1999,https://teater.aiscr.cz/id/1999,1788,1788 1970 1985 1998,
meč,sword,teater,2000,https://teater.aiscr.cz/id/2000,1788,1788 1970 1985,
oštěp,javelin,teater,2001,https://teater.aiscr.cz/id/2001,1788,1788 1970 1985,
palcát,mace (palcát),teater,2002,https://teater.aiscr.cz/id/2002,1788,1788 1970 1985,
palná zbraň,firearm,teater,2003,https://teater.aiscr.cz/id/2003,1788,1788 1970 1985,
prak,sling,teater,2004,https://teater.aiscr.cz/id/2004,1788,1788 1970 1985,
projektil,projectile,teater,2005,https://teater.aiscr.cz/id/2005,1788,1788 1970 1985,
sekeromlat,hammer-axe,teater,2006,https://teater.aiscr.cz/id/2006,1788,1788 1970 1985,
střelná zbraň,ranged weapon,teater,2007,https://teater.aiscr.cz/id/2007,1788,1788 1970 1985,
šavle,sabre,teater,2008,https://teater.aiscr.cz/id/2008,1788,1788 1970 1985,
šipka,dart,teater,2009,https://teater.aiscr.cz/id/2009,1788,1788 1970 1985,
tesák,bowie knive,teater,2010,https://teater.aiscr.cz/id/2010,1788,1788 1970 1985,
toulec,quiver,teater,2011,https://teater.aiscr.cz/id/2011,1788,1788 1970 1985,
vrhací zbraň,throwing weapon,teater,2012,https://teater.aiscr.cz/id/2012,1788,1788 1970 1985,
zbroj,armor,teater,2013,https://teater.aiscr.cz/id/2013,1788,1788 1970,
náholenice,greave,teater,2014,https://teater.aiscr.cz/id/2014,1788,1788 1970 2013,
náprsník,breastplate,teater,2015,https://teater.aiscr.cz/id/2015,1788,1788 1970 2013,
pancíř,cuirass,teater,2016,https://teater.aiscr.cz/id/2016,1788,1788 1970 2013,
přilba,helmet,teater,2017,https://teater.aiscr.cz/id/2017,1788,1788 1970 2013,
technika zhotovení,manufacturing method,teater,2018,https://teater.aiscr.cz/id/2018,1788,1788 1970 2013,
kroužková zbroj,mail armour,teater,2019,https://teater.aiscr.cz/id/2019,1788,1788 1970 2013 2018,
lamelová zbroj,segmented armour,teater,2020,https://teater.aiscr.cz/id/2020,1788,1788 1970 2013 2018,
plátová zbroj,plate armour,teater,2021,https://teater.aiscr.cz/id/2021,1788,1788 1970 2013 2018,
šupinová zbroj,scale armour,teater,2022,https://teater.aiscr.cz/id/2022,1788,1788 1970 2013 2018,
nábytek,furniture,teater,2023,https://teater.aiscr.cz/id/2023,1788,1788,
klíné,kline,teater,2024,https://teater.aiscr.cz/id/2024,1788,1788 2023,
koberec,carpet,teater,2025,https://teater.aiscr.cz/id/2025,1788,1788 2023,
skříň,wardrobe,teater,2026,https://teater.aiscr.cz/id/2026,1788,1788 2023,
nádoba,vessel,teater,2027,https://teater.aiscr.cz/id/2027,1788,1788,
akvamanile,aquamanile,teater,2028,https://teater.aiscr.cz/id/2028,1788,1788 2027,
alabastron,alabastron,teater,2029,https://teater.aiscr.cz/id/2029,1788,1788 2027,
amfora,amphora,teater,2030,https://teater.aiscr.cz/id/2030,1788,1788 2027,
aryballos,aryballos,teater,2031,https://teater.aiscr.cz/id/2031,1788,1788 2027,
askos,askos,teater,2032,https://teater.aiscr.cz/id/2032,1788,1788 2027,
cadus (nádoba),kados (vessel),teater,2033,https://teater.aiscr.cz/id/2033,1788,1788 2027,
cedník,strainer,teater,2034,https://teater.aiscr.cz/id/2034,1788,1788 2027,
cista,cista,teater,2035,https://teater.aiscr.cz/id/2035,1788,1788 2027,
čerpák,kyathos,teater,2036,https://teater.aiscr.cz/id/2036,1788,1788 2027,
dyzna,nozzle,teater,2037,https://teater.aiscr.cz/id/2037,1788,1788 2027,
džbán,jug,teater,2038,https://teater.aiscr.cz/id/2038,1788,1788 2027,
fialé,phiale,teater,2039,https://teater.aiscr.cz/id/2039,1788,1788 2027,
hrnec,pot,teater,2040,https://teater.aiscr.cz/id/2040,1788,1788 2027,
hydria,hydria,teater,2041,https://teater.aiscr.cz/id/2041,1788,1788 2027,
chytra,khytra,teater,2042,https://teater.aiscr.cz/id/2042,1788,1788 2027,
kalich,goblet,teater,2043,https://teater.aiscr.cz/id/2043,1788,1788 2027,
kanopa,canopic jars,teater,2044,https://teater.aiscr.cz/id/2044,1788,1788 2027,
kantharos,kantharos,teater,2045,https://teater.aiscr.cz/id/2045,1788,1788 2027,
koflík,cup,teater,2046,https://teater.aiscr.cz/id/2046,1788,1788 2027,
konvice,pitcher,teater,2047,https://teater.aiscr.cz/id/2047,1788,1788 2027,
kotel,cauldron (kotel/Kessel),teater,2048,https://teater.aiscr.cz/id/2048,1788,1788 2027,
kotlík,cauldron (kotlík/Becken),teater,2049,https://teater.aiscr.cz/id/2049,1788,1788 2027,
kotylé,kotyle,teater,2050,https://teater.aiscr.cz/id/2050,1788,1788 2027,
krátér,krater,teater,2051,https://teater.aiscr.cz/id/2051,1788,1788 2027,
kuchyňské nádobí,cookware,teater,2052,https://teater.aiscr.cz/id/2052,1788,1788 2027,
kyathos,kyathos,teater,2053,https://teater.aiscr.cz/id/2053,1788,1788 2027,
kylix,kylix,teater,2054,https://teater.aiscr.cz/id/2054,1788,1788 2027,
láhev,bottle,teater,2055,https://teater.aiscr.cz/id/2055,1788,1788 2027,
lampa,lamp,teater,2056,https://teater.aiscr.cz/id/2056,1788,1788 2027,
lebés,lebes,teater,2057,https://teater.aiscr.cz/id/2057,1788,1788 2027,
lékythos,lekythos,teater,2058,https://teater.aiscr.cz/id/2058,1788,1788 2027,
lútroforos,loutrophoros,teater,2059,https://teater.aiscr.cz/id/2059,1788,1788 2027,
mísa,bowl,teater,2060,https://teater.aiscr.cz/id/2060,1788,1788 2027,
oinochoé,oenochoe,teater,2061,https://teater.aiscr.cz/id/2061,1788,1788 2027,
pánev,pan,teater,2062,https://teater.aiscr.cz/id/2062,1788,1788 2027,
peliké,pelike,teater,2063,https://teater.aiscr.cz/id/2063,1788,1788 2027,
picí roh,drinking horn,teater,2064,https://teater.aiscr.cz/id/2064,1788,1788 2027,
pithos,pithos,teater,2065,https://teater.aiscr.cz/id/2065,1788,1788 2027,
pohár,beaker,teater,2066,https://teater.aiscr.cz/id/2066,1788,1788 2027,
poklice,lid,teater,2067,https://teater.aiscr.cz/id/2067,1788,1788 2027,
popelnice,cinerary urn,teater,2068,https://teater.aiscr.cz/id/2068,1788,1788 2027,
pražnice,baking tray,teater,2069,https://teater.aiscr.cz/id/2069,1788,1788 2027,
psyktér,psykter,teater,2070,https://teater.aiscr.cz/id/2070,1788,1788 2027,
putna,large pitcher,teater,2071,https://teater.aiscr.cz/id/2071,1788,1788 2027,
pyxid,pyxis,teater,2072,https://teater.aiscr.cz/id/2072,1788,1788 2027,
relikviář,reliquary,teater,2073,https://teater.aiscr.cz/id/2073,1788,1788 2027,
rhyton,rhyton,teater,2074,https://teater.aiscr.cz/id/2074,1788,1788 2027,
situla,situla,teater,2075,https://teater.aiscr.cz/id/2075,1788,1788 2027,
skyfos,skyphos,teater,2076,https://teater.aiscr.cz/id/2076,1788,1788 2027,
stolní nádobí,tableware,teater,2077,https://teater.aiscr.cz/id/2077,1788,1788 2027,
terina,terrine,teater,2078,https://teater.aiscr.cz/id/2078,1788,1788 2027,
tvar nádoby,shape of the vessel,teater,2079,https://teater.aiscr.cz/id/2079,1788,1788 2027,
antropomorfní nádoba,anthropomorphic vessel,teater,2080,https://teater.aiscr.cz/id/2080,1788,1788 2027 2079,
zoomorfní nádoba,zoomorphic vessel,teater,2081,https://teater.aiscr.cz/id/2081,1788,1788 2027 2079,
tyglík,crucible,teater,2082,https://teater.aiscr.cz/id/2082,1788,1788 2027,
vědro,bucket,teater,2083,https://teater.aiscr.cz/id/2083,1788,1788 2027,
zásobnice,storage vessel,teater,2084,https://teater.aiscr.cz/id/2084,1788,1788 2027,
nástroj,tool,teater,2085,https://teater.aiscr.cz/id/2085,1788,1788,
abacus (nástroj),abacus (tool),teater,2086,https://teater.aiscr.cz/id/2086,1788,1788 2085,
brousek,whetstone,teater,2087,https://teater.aiscr.cz/id/2087,1788,1788 2085,
břitva,razor,teater,2088,https://teater.aiscr.cz/id/2088,1788,1788 2085,
budík,alarm clock,teater,2089,https://teater.aiscr.cz/id/2089,1788,1788 2085,
čepel,blade,teater,2090,https://teater.aiscr.cz/id/2090,1788,1788 2085,
čepelka,bladelet,teater,2091,https://teater.aiscr.cz/id/2091,1788,1788 2085,
dláto,chisel,teater,2092,https://teater.aiscr.cz/id/2092,1788,1788 2085,
drasadlo,side scraper,teater,2093,https://teater.aiscr.cz/id/2093,1788,1788 2085,
drtidlo,grindstone,teater,2094,https://teater.aiscr.cz/id/2094,1788,1788 2085,
geranos,mechane,teater,2095,https://teater.aiscr.cz/id/2095,1788,1788 2085,
groma,groma,teater,2096,https://teater.aiscr.cz/id/2096,1788,1788 2085,
hladítko,smoother,teater,2097,https://teater.aiscr.cz/id/2097,1788,1788 2085,
hodiny,clock,teater,2098,https://teater.aiscr.cz/id/2098,1788,1788 2085,
hodina,hour,teater,2099,https://teater.aiscr.cz/id/2099,1788,1788 2085 2098,
hodometr,hodometron,teater,2100,https://teater.aiscr.cz/id/2100,1788,1788 2085,
hrnčířský kruh,potters wheel,teater,2101,https://teater.aiscr.cz/id/2101,1788,1788 2085,
hřeben,comb,teater,2102,https://teater.aiscr.cz/id/2102,1788,1788 2085,
jehelník,pincushion,teater,2103,https://teater.aiscr.cz/id/2103,1788,1788 2085,
jehla,needle,teater,2104,https://teater.aiscr.cz/id/2104,1788,1788 2085,
kamenná industrie,stone industry,teater,2105,https://teater.aiscr.cz/id/2105,1788,1788 2085,
broušená industrie,polished industry,teater,2106,https://teater.aiscr.cz/id/2106,1788,1788 2085 2105,
štípaná industrie,chipped industry,teater,2107,https://teater.aiscr.cz/id/2107,1788,1788 2085 2105,
valounová industrie,cobble industry,teater,2108,https://teater.aiscr.cz/id/2108,1788,1788 2085 2105 2107,
kladivo,hammer,teater,2109,https://teater.aiscr.cz/id/2109,1788,1788 2085,
kleště,tongs,teater,2110,https://teater.aiscr.cz/id/2110,1788,1788 2085,
klíč,key,teater,2111,https://teater.aiscr.cz/id/2111,1788,1788 2085,
klín,wedge,teater,2112,https://teater.aiscr.cz/id/2112,1788,1788 2085,
kovadlina,anvil,teater,2113,https://teater.aiscr.cz/id/2113,1788,1788 2085,
krumpáč,pickaxe,teater,2114,https://teater.aiscr.cz/id/2114,1788,1788 2085,
křesadlo,strike a light,teater,2115,https://teater.aiscr.cz/id/2115,1788,1788 2085,
lékařský nástroj,medical device,teater,2116,https://teater.aiscr.cz/id/2116,1788,1788 2085,
lopata,shovel,teater,2117,https://teater.aiscr.cz/id/2117,1788,1788 2085,
lžíce,spoon,teater,2118,https://teater.aiscr.cz/id/2118,1788,1788 2085,
mensa,mensa,teater,2119,https://teater.aiscr.cz/id/2119,1788,1788 2085,
mlýnský kámen,millstone,teater,2120,https://teater.aiscr.cz/id/2120,1788,1788 2085,
náprstek,thimble,teater,2121,https://teater.aiscr.cz/id/2121,1788,1788 2085,
nářadí,hand tool,teater,2122,https://teater.aiscr.cz/id/2122,1788,1788 2085,
nůž,knive,teater,2123,https://teater.aiscr.cz/id/2123,1788,1788 2085,
nůžky,scissors,teater,2124,https://teater.aiscr.cz/id/2124,1788,1788 2085,
ocílka,firesteel,teater,2125,https://teater.aiscr.cz/id/2125,1788,1788 2085,
odlévací forma,casting mould,teater,2126,https://teater.aiscr.cz/id/2126,1788,1788 2085,
otloukač,percussor,teater,2127,https://teater.aiscr.cz/id/2127,1788,1788 2085,
osvětlování,light source,teater,2128,https://teater.aiscr.cz/id/2128,1788,1788 2085,
palice,club,teater,2129,https://teater.aiscr.cz/id/2129,1788,1788 2085,
pěstní klín,handaxe,teater,2130,https://teater.aiscr.cz/id/2130,1788,1788 2085,
pilník,file,teater,2131,https://teater.aiscr.cz/id/2131,1788,1788 2085,
pila,saw,teater,2132,https://teater.aiscr.cz/id/2132,1788,1788 2085,
pinzeta,tweezers,teater,2133,https://teater.aiscr.cz/id/2133,1788,1788 2085,
přeslen,spindle whorl,teater,2134,https://teater.aiscr.cz/id/2134,1788,1788 2085,
rýč,spade,teater,2135,https://teater.aiscr.cz/id/2135,1788,1788 2085,
rydlo,burin,teater,2136,https://teater.aiscr.cz/id/2136,1788,1788 2085,
sekáč,chopper,teater,2137,https://teater.aiscr.cz/id/2137,1788,1788 2085,
sekera,axe,teater,2138,https://teater.aiscr.cz/id/2138,1788,1788 2085,
stilo,stylus,teater,2139,https://teater.aiscr.cz/id/2139,1788,1788 2085,
šídlo,awl,teater,2140,https://teater.aiscr.cz/id/2140,1788,1788 2085,
škrabadlo,end scraper,teater,2141,https://teater.aiscr.cz/id/2141,1788,1788 2085,
špendlík,pin,teater,2142,https://teater.aiscr.cz/id/2142,1788,1788 2085,
špičák,pick,teater,2143,https://teater.aiscr.cz/id/2143,1788,1788 2085,
teslice,adze,teater,2144,https://teater.aiscr.cz/id/2144,1788,1788 2085,
tkalcovský stav,loom,teater,2145,https://teater.aiscr.cz/id/2145,1788,1788 2085,
toaletní potřeba,toiletry,teater,2146,https://teater.aiscr.cz/id/2146,1788,1788 2085,
trojnožka,tripod,teater,2147,https://teater.aiscr.cz/id/2147,1788,1788 2085,
ubrousek,napkin,teater,2148,https://teater.aiscr.cz/id/2148,1788,1788 2085,
váha,scale,teater,2149,https://teater.aiscr.cz/id/2149,1788,1788 2085,
mincovní váha,coin scale,teater,2150,https://teater.aiscr.cz/id/2150,1788,1788 2085 2149,
vrták,borer,teater,2151,https://teater.aiscr.cz/id/2151,1788,1788 2085,
závaží,weight,teater,2152,https://teater.aiscr.cz/id/2152,1788,1788 2085,
rybářské závaží,sinker,teater,2153,https://teater.aiscr.cz/id/2153,1788,1788 2085 2152,
tkalcovské závaží,loomweight,teater,2154,https://teater.aiscr.cz/id/2154,1788,1788 2085 2152,
zemědělské nářadí,agricultural implement,teater,2155,https://teater.aiscr.cz/id/2155,1788,1788 2085,
kosa,scythe,teater,2156,https://teater.aiscr.cz/id/2156,1788,1788 2085 2155,
motyka,hoe,teater,2157,https://teater.aiscr.cz/id/2157,1788,1788 2085 2155,
pluh,plow,teater,2158,https://teater.aiscr.cz/id/2158,1788,1788 2085 2155,
oradlo,ard,teater,2159,https://teater.aiscr.cz/id/2159,1788,1788 2085 2155,
radlice,ploughshare,teater,2160,https://teater.aiscr.cz/id/2160,1788,1788 2085 2155,
srp,sickle,teater,2161,https://teater.aiscr.cz/id/2161,1788,1788 2085 2155,
žací nůž,reaping knife,teater,2162,https://teater.aiscr.cz/id/2162,1788,1788 2085 2155,
zrnotěrka,grinding slab,teater,2163,https://teater.aiscr.cz/id/2163,1788,1788 2085,
žernov,quern,teater,2164,https://teater.aiscr.cz/id/2164,1788,1788 2085,
zrcadlo,mirror,teater,2165,https://teater.aiscr.cz/id/2165,1788,1788 2085,
zvonek,bell,teater,2166,https://teater.aiscr.cz/id/2166,1788,1788 2085,
oděv,clothing,teater,2167,https://teater.aiscr.cz/id/2167,1788,1788,
exómis,exomis,teater,2168,https://teater.aiscr.cz/id/2168,1788,1788 2167,
himation,himation,teater,2169,https://teater.aiscr.cz/id/2169,1788,1788 2167,
chitón,chiton,teater,2170,https://teater.aiscr.cz/id/2170,1788,1788 2167,
chlaina,chlaina,teater,2171,https://teater.aiscr.cz/id/2171,1788,1788 2167,
chlamys,chlamys,teater,2172,https://teater.aiscr.cz/id/2172,1788,1788 2167,
klobouk,hat,teater,2173,https://teater.aiscr.cz/id/2173,1788,1788 2167,
palla,palla,teater,2174,https://teater.aiscr.cz/id/2174,1788,1788 2167,
paludamentum,paludamentum,teater,2175,https://teater.aiscr.cz/id/2175,1788,1788 2167,
peplos,peplos,teater,2176,https://teater.aiscr.cz/id/2176,1788,1788 2167,
petasos,petasos,teater,2177,https://teater.aiscr.cz/id/2177,1788,1788 2167,
pileus,pileus,teater,2178,https://teater.aiscr.cz/id/2178,1788,1788 2167,
pokrývky hlavy,cap,teater,2179,https://teater.aiscr.cz/id/2179,1788,1788 2167,
sagum,sagum,teater,2180,https://teater.aiscr.cz/id/2180,1788,1788 2167,
písemnost,document,teater,2181,https://teater.aiscr.cz/id/2181,1788,1788,
akta,acta,teater,2182,https://teater.aiscr.cz/id/2182,1788,1788 2181,
apokryf,apocryphus,teater,2183,https://teater.aiscr.cz/id/2183,1788,1788 2181,
biblický apokryf,Biblical apocryphal book,teater,2184,https://teater.aiscr.cz/id/2184,1788,1788 2181 2183,
novozákonní apokryf,Apocryphal books (New Testament),teater,2185,https://teater.aiscr.cz/id/2185,1788,1788 2181 2183 2184,
starozákonní apokryf,Apocryphal books (Old Testament),teater,2186,https://teater.aiscr.cz/id/2186,1788,1788 2181 2183 2184,
apologie,apologetic,teater,2187,https://teater.aiscr.cz/id/2187,1788,1788 2181,
biografie,biography,teater,2188,https://teater.aiscr.cz/id/2188,1788,1788 2181,
cestopis,travelogue,teater,2189,https://teater.aiscr.cz/id/2189,1788,1788 2181,
commentarius,commentarii,teater,2190,https://teater.aiscr.cz/id/2190,1788,1788 2181,
corpus,text corpus,teater,2191,https://teater.aiscr.cz/id/2191,1788,1788 2181,
efémeris,ephemeris,teater,2192,https://teater.aiscr.cz/id/2192,1788,1788 2181,
epanagoge,epanagoge,teater,2193,https://teater.aiscr.cz/id/2193,1788,1788 2181,
exegeze,exegesis,teater,2194,https://teater.aiscr.cz/id/2194,1788,1788 2181,
glosář,glossary,teater,2195,https://teater.aiscr.cz/id/2195,1788,1788 2181,
itinerář,itinerarium,teater,2196,https://teater.aiscr.cz/id/2196,1788,1788 2181,
katalog (starověké řecko),katalogos (Greek antiquity),teater,2197,https://teater.aiscr.cz/id/2197,1788,1788 2181,
kniha,book,teater,2198,https://teater.aiscr.cz/id/2198,1788,1788 2181,
kompendium,compendium,teater,2199,https://teater.aiscr.cz/id/2199,1788,1788 2181,
korespondence,correspondence,teater,2200,https://teater.aiscr.cz/id/2200,1788,1788 2181,
dopis,letter,teater,2201,https://teater.aiscr.cz/id/2201,1788,1788 2181 2200,
kronika,chronicle,teater,2202,https://teater.aiscr.cz/id/2202,1788,1788 2181,
farní kronika,parochial chronicle,teater,2203,https://teater.aiscr.cz/id/2203,1788,1788 2181 2202,
klášterní kronika,monastic chronicle,teater,2204,https://teater.aiscr.cz/id/2204,1788,1788 2181 2202,
městská kronika,town chronicle,teater,2205,https://teater.aiscr.cz/id/2205,1788,1788 2181 2202,
obecní kronika,municipal chronicle,teater,2206,https://teater.aiscr.cz/id/2206,1788,1788 2181 2202,
rodová kronika,family chronicle,teater,2207,https://teater.aiscr.cz/id/2207,1788,1788 2181 2202,
kuchařský recept,recipe,teater,2208,https://teater.aiscr.cz/id/2208,1788,1788 2181,
leták,leaflet,teater,2209,https://teater.aiscr.cz/id/2209,1788,1788 2181,
letopisy,annals,teater,2210,https://teater.aiscr.cz/id/2210,1788,1788 2181,
liber,libellus,teater,2211,https://teater.aiscr.cz/id/2211,1788,1788 2181,
list (diplomatika),letter (Diplomatics),teater,2212,https://teater.aiscr.cz/id/2212,1788,1788 2181,
náboženská literatura,religious literature,teater,2213,https://teater.aiscr.cz/id/2213,1788,1788 2181,
starý zákon,Old Testament,teater,2214,https://teater.aiscr.cz/id/2214,1788,1788 2181 2213,
křesťanská literatura,christian literature,teater,2215,https://teater.aiscr.cz/id/2215,1788,1788 2181 2213,
antifonář,antiphonary,teater,2216,https://teater.aiscr.cz/id/2216,1788,1788 2181 2213 2215,
bible,bible,teater,2217,https://teater.aiscr.cz/id/2217,1788,1788 2181 2213 2215,
dějiny bible,History Bible,teater,2218,https://teater.aiscr.cz/id/2218,1788,1788 2181 2213 2215 2217,
itala,itala,teater,2219,https://teater.aiscr.cz/id/2219,1788,1788 2181 2213 2215 2217,
vetus latina,Vetus Latina,teater,2220,https://teater.aiscr.cz/id/2220,1788,1788 2181 2213 2215 2217,
breviář,breviary,teater,2221,https://teater.aiscr.cz/id/2221,1788,1788 2181 2213 2215,
diatessaron,diatessaron,teater,2222,https://teater.aiscr.cz/id/2222,1788,1788 2181 2213 2215,
didaché,didache,teater,2223,https://teater.aiscr.cz/id/2223,1788,1788 2181 2213 2215,
evangeliář,evangeliary,teater,2224,https://teater.aiscr.cz/id/2224,1788,1788 2181 2213 2215,
graduál,gradual,teater,2225,https://teater.aiscr.cz/id/2225,1788,1788 2181 2213 2215,
hagiografie,hagiography,teater,2226,https://teater.aiscr.cz/id/2226,1788,1788 2181 2213 2215,
hodinky (modlitební knihy),books of hours,teater,2227,https://teater.aiscr.cz/id/2227,1788,1788 2181 2213 2215,
kancionál,hymnal,teater,2228,https://teater.aiscr.cz/id/2228,1788,1788 2181 2213 2215,
kázání,sermon,teater,2229,https://teater.aiscr.cz/id/2229,1788,1788 2181 2213 2215,
křesťanská legenda,christian legend,teater,2230,https://teater.aiscr.cz/id/2230,1788,1788 2181 2213 2215,
misál,missal,teater,2231,https://teater.aiscr.cz/id/2231,1788,1788 2181 2213 2215,
modlitební kniha,prayer book,teater,2232,https://teater.aiscr.cz/id/2232,1788,1788 2181 2213 2215,
pasionál,passional,teater,2233,https://teater.aiscr.cz/id/2233,1788,1788 2181 2213 2215,
žaltář,psalter,teater,2234,https://teater.aiscr.cz/id/2234,1788,1788 2181 2213 2215,
nekrologium,necrology,teater,2235,https://teater.aiscr.cz/id/2235,1788,1788 2181,
noviny,newspaper,teater,2236,https://teater.aiscr.cz/id/2236,1788,1788 2181,
papežský dokument,papal documents,teater,2237,https://teater.aiscr.cz/id/2237,1788,1788 2181,
parský mramor,parian chronicle,teater,2238,https://teater.aiscr.cz/id/2238,1788,1788 2181,
regest,regest,teater,2239,https://teater.aiscr.cz/id/2239,1788,1788 2181,
rescriptum,rescriptum,teater,2240,https://teater.aiscr.cz/id/2240,1788,1788 2181,
scholion,scholia,teater,2241,https://teater.aiscr.cz/id/2241,1788,1788 2181,
školní sešit,exercise book,teater,2242,https://teater.aiscr.cz/id/2242,1788,1788 2181,
tabulka,tablet,teater,2243,https://teater.aiscr.cz/id/2243,1788,1788 2181,
klínopisná tabulka,cuneiform tablet,teater,2244,https://teater.aiscr.cz/id/2244,1788,1788 2181 2243,
psací tabulka,writing tablet,teater,2245,https://teater.aiscr.cz/id/2245,1788,1788 2181 2243,
diptychon,diptych,teater,2246,https://teater.aiscr.cz/id/2246,1788,1788 2181 2243 2245,
polyptychon,polyptych,teater,2247,https://teater.aiscr.cz/id/2247,1788,1788 2181 2243 2245,
triptychon,triptych,teater,2248,https://teater.aiscr.cz/id/2248,1788,1788 2181 2243 2245,
vosková tabulka,wax tablet,teater,2249,https://teater.aiscr.cz/id/2249,1788,1788 2181 2243,
úřední písemnost,official document,teater,2250,https://teater.aiscr.cz/id/2250,1788,1788 2181,
album,album,teater,2251,https://teater.aiscr.cz/id/2251,1788,1788 2181 2250,
berní kniha,tax book,teater,2252,https://teater.aiscr.cz/id/2252,1788,1788 2181 2250,
berní rula,Roll of Assesment,teater,2253,https://teater.aiscr.cz/id/2253,1788,1788 2181 2250,
dekret,decree,teater,2254,https://teater.aiscr.cz/id/2254,1788,1788 2181 2250,
dvorské desky,tabulae curiae,teater,2255,https://teater.aiscr.cz/id/2255,1788,1788 2181 2250,
formulářová sbírka,formulary,teater,2256,https://teater.aiscr.cz/id/2256,1788,1788 2181 2250,
josefínský katastr,Josephine Cadastre,teater,2257,https://teater.aiscr.cz/id/2257,1788,1788 2181 2250,
kopiář,copybook,teater,2258,https://teater.aiscr.cz/id/2258,1788,1788 2181 2250,
listina,document,teater,2259,https://teater.aiscr.cz/id/2259,1788,1788 2181 2250,
erbovní listina,heraldic document,teater,2260,https://teater.aiscr.cz/id/2260,1788,1788 2181 2250 2259,
nobilitační listina,nobility document,teater,2261,https://teater.aiscr.cz/id/2261,1788,1788 2181 2250 2259,
privilegium,privilege,teater,2263,https://teater.aiscr.cz/id/2263,1788,1788 2181 2250 2259,
matrika,birth register,teater,2264,https://teater.aiscr.cz/id/2264,1788,1788 2181 2250,
městská kniha,town book,teater,2265,https://teater.aiscr.cz/id/2265,1788,1788 2181 2250,
pozemková kniha,land register,teater,2266,https://teater.aiscr.cz/id/2266,1788,1788 2181 2250,
soupis lidu,census,teater,2267,https://teater.aiscr.cz/id/2267,1788,1788 2181 2250,
soupis obyvatelstva podle víry,register of subjects according to their faith,teater,2268,https://teater.aiscr.cz/id/2268,1788,1788 2181 2250,
stabilní katastr,stable cadastre,teater,2269,https://teater.aiscr.cz/id/2269,1788,1788 2181 2250,
urbář,urbarium,teater,2270,https://teater.aiscr.cz/id/2270,1788,1788 2181 2250,
úřední kniha,official book,teater,2271,https://teater.aiscr.cz/id/2271,1788,1788 2181 2250,
závěť,will,teater,2272,https://teater.aiscr.cz/id/2272,1788,1788 2181 2250,
zemské desky,reliquiae tabularum terrae,teater,2273,https://teater.aiscr.cz/id/2273,1788,1788 2181 2250,
platidlo,money,teater,2274,https://teater.aiscr.cz/id/2274,1788,1788,
bankovka,paper money,teater,2275,https://teater.aiscr.cz/id/2275,1788,1788 2274,
mince,coin,teater,2276,https://teater.aiscr.cz/id/2276,1788,1788 2274,
as,as,teater,2277,https://teater.aiscr.cz/id/2277,1788,1788 2274 2276,
aureus,aureus,teater,2278,https://teater.aiscr.cz/id/2278,1788,1788 2274 2276,
brakteát,bracteate,teater,2279,https://teater.aiscr.cz/id/2279,1788,1788 2274 2276,
československá koruna,czechoslovak koruna,teater,2280,https://teater.aiscr.cz/id/2280,1788,1788 2274 2276,
dáreikos,dareikos,teater,2281,https://teater.aiscr.cz/id/2281,1788,1788 2274 2276,
denár,denarius,teater,2282,https://teater.aiscr.cz/id/2282,1788,1788 2274 2276,
drachma,drachma,teater,2283,https://teater.aiscr.cz/id/2283,1788,1788 2274 2276,
dukát,ducat,teater,2284,https://teater.aiscr.cz/id/2284,1788,1788 2274 2276,
florén,florin,teater,2285,https://teater.aiscr.cz/id/2285,1788,1788 2274 2276,
grešle,groschen,teater,2286,https://teater.aiscr.cz/id/2286,1788,1788 2274 2276,
krejcar,kreuzer,teater,2287,https://teater.aiscr.cz/id/2287,1788,1788 2274 2276,
nummus,Nummus,teater,2288,https://teater.aiscr.cz/id/2288,1788,1788 2274 2276,
obolos,Obolos,teater,2289,https://teater.aiscr.cz/id/2289,1788,1788 2274 2276,
parva,parvus,teater,2290,https://teater.aiscr.cz/id/2290,1788,1788 2274 2276,
pražský groš,prague groschen,teater,2291,https://teater.aiscr.cz/id/2291,1788,1788 2274 2276,
sestertius,sestertius,teater,2292,https://teater.aiscr.cz/id/2292,1788,1788 2274 2276,
solidus,solidus,teater,2293,https://teater.aiscr.cz/id/2293,1788,1788 2274 2276,
statér,stater,teater,2294,https://teater.aiscr.cz/id/2294,1788,1788 2274 2276,
talent,talent,teater,2295,https://teater.aiscr.cz/id/2295,1788,1788 2274 2276,
tetradrachmon,tetradrachmon,teater,2296,https://teater.aiscr.cz/id/2296,1788,1788 2274 2276,
tolar,taler,teater,2297,https://teater.aiscr.cz/id/2297,1788,1788 2274 2276,
zlatka,gulden,teater,2298,https://teater.aiscr.cz/id/2298,1788,1788 2274 2276,
sekerovitá hřivna,axe-ingot,teater,2299,https://teater.aiscr.cz/id/2299,1788,1788 2274,
střížek,planchet,teater,2300,https://teater.aiscr.cz/id/2300,1788,1788 2274,
tessera,tessera,teater,2301,https://teater.aiscr.cz/id/2301,1788,1788 2274,
polotovar,semifinished artefact,teater,2302,https://teater.aiscr.cz/id/2302,1788,1788,
hřivna,ring ingot,teater,2303,https://teater.aiscr.cz/id/2303,1788,1788 2302,
ingot,ingot,teater,2304,https://teater.aiscr.cz/id/2304,1788,1788 2302,
ruda,ore,teater,2305,https://teater.aiscr.cz/id/2305,1788,1788 2302,
železná ruda,iron ore,teater,2306,https://teater.aiscr.cz/id/2306,1788,1788 2302 2305,
surovina,raw material,teater,2307,https://teater.aiscr.cz/id/2307,1788,1788 2302,
úštěp,flake,teater,2308,https://teater.aiscr.cz/id/2308,1788,1788 2302,
valoun,cobble,teater,2309,https://teater.aiscr.cz/id/2309,1788,1788 2302,
součást hrobu,grave component,teater,2310,https://teater.aiscr.cz/id/2310,1788,1788,
arca,arca,teater,2311,https://teater.aiscr.cz/id/2311,1788,1788 2310,
epitaf,epitaph,teater,2312,https://teater.aiscr.cz/id/2312,1788,1788 2310,
náhrobek,tombstone,teater,2313,https://teater.aiscr.cz/id/2313,1788,1788 2310,
kenotaf,cenotaph,teater,2314,https://teater.aiscr.cz/id/2314,1788,1788 2310 2313,
rakev,coffin,teater,2315,https://teater.aiscr.cz/id/2315,1788,1788 2310,
sarkofág,sarcophagus,teater,2316,https://teater.aiscr.cz/id/2316,1788,1788 2310,
stéla (předmět),stela (object),teater,2317,https://teater.aiscr.cz/id/2317,1788,1788 2310,
součást oděvu,dress component,teater,2318,https://teater.aiscr.cz/id/2318,1788,1788,
knoflík,button,teater,2319,https://teater.aiscr.cz/id/2319,1788,1788 2318,
mitra,mitra,teater,2320,https://teater.aiscr.cz/id/2320,1788,1788 2318,
nátepní destička,bracer,teater,2321,https://teater.aiscr.cz/id/2321,1788,1788 2318,
obuv,footwear,teater,2322,https://teater.aiscr.cz/id/2322,1788,1788 2318,
calceus,calceus,teater,2323,https://teater.aiscr.cz/id/2323,1788,1788 2318 2322,
caliga,caliga,teater,2324,https://teater.aiscr.cz/id/2324,1788,1788 2318 2322,
sandály,sandals,teater,2325,https://teater.aiscr.cz/id/2325,1788,1788 2318 2322,
opasek,belt,teater,2326,https://teater.aiscr.cz/id/2326,1788,1788 2318,
pouzdro,case,teater,2327,https://teater.aiscr.cz/id/2327,1788,1788 2318,
přezka,buckle,teater,2328,https://teater.aiscr.cz/id/2328,1788,1788 2318,
puklice,spangle,teater,2329,https://teater.aiscr.cz/id/2329,1788,1788 2318,
spona,brooch,teater,2330,https://teater.aiscr.cz/id/2330,1788,1788 2318,
stola,stola,teater,2331,https://teater.aiscr.cz/id/2331,1788,1788 2318,
tribón,tribon,teater,2332,https://teater.aiscr.cz/id/2332,1788,1788 2318,
tunika,tunic,teater,2333,https://teater.aiscr.cz/id/2333,1788,1788 2318,
věnec,wreath,teater,2334,https://teater.aiscr.cz/id/2334,1788,1788 2318,
zápona,strap fitting,teater,2335,https://teater.aiscr.cz/id/2335,1788,1788 2318,
pásová zápona,belt fitting,teater,2336,https://teater.aiscr.cz/id/2336,1788,1788 2318 2335,
zavazadlo,luggage,teater,2337,https://teater.aiscr.cz/id/2337,1788,1788 2318,
stavební prvek,architectural element,teater,2338,https://teater.aiscr.cz/id/2338,1788,1788,
cihla,brick,teater,2339,https://teater.aiscr.cz/id/2339,1788,1788 2338,
dlaždice,floor tile,teater,2340,https://teater.aiscr.cz/id/2340,1788,1788 2338,
hřebík,nail,teater,2341,https://teater.aiscr.cz/id/2341,1788,1788 2338,
hřeb,spike,teater,2342,https://teater.aiscr.cz/id/2342,1788,1788 2338,
nýt,rivet,teater,2343,https://teater.aiscr.cz/id/2343,1788,1788 2338,
kachel,stove tile,teater,2344,https://teater.aiscr.cz/id/2344,1788,1788 2338,
kůl,stake,teater,2345,https://teater.aiscr.cz/id/2345,1788,1788 2338,
nepálená cihla,mud-brick,teater,2346,https://teater.aiscr.cz/id/2346,1788,1788 2338,
omítka,plaster,teater,2347,https://teater.aiscr.cz/id/2347,1788,1788 2338,
pojivo,binder,teater,2348,https://teater.aiscr.cz/id/2348,1788,1788 2338,
poutko,loop,teater,2349,https://teater.aiscr.cz/id/2349,1788,1788 2338,
potrubí,pipe,teater,2350,https://teater.aiscr.cz/id/2350,1788,1788 2338,
prkno,board,teater,2351,https://teater.aiscr.cz/id/2351,1788,1788 2338,
řetěz,chain,teater,2352,https://teater.aiscr.cz/id/2352,1788,1788 2338,
stavební keramika,ceramic building material,teater,2353,https://teater.aiscr.cz/id/2353,1788,1788 2338,
střešní krytina,roof tile,teater,2354,https://teater.aiscr.cz/id/2354,1788,1788 2338,
prejz,pantile,teater,2355,https://teater.aiscr.cz/id/2355,1788,1788 2338 2354,
střešní taška,roof tile,teater,2356,https://teater.aiscr.cz/id/2356,1788,1788 2338 2354,
trám,beam,teater,2357,https://teater.aiscr.cz/id/2357,1788,1788 2338,
zámek,lock,teater,2358,https://teater.aiscr.cz/id/2358,1788,1788 2338,
symbolický předmět,symbolic object,teater,2359,https://teater.aiscr.cz/id/2359,1788,1788,
cena za vítězství,áthlon,teater,2360,https://teater.aiscr.cz/id/2360,1788,1788 2359,
corona,corona,teater,2361,https://teater.aiscr.cz/id/2361,1788,1788 2359 2360,
medaile,medal,teater,2362,https://teater.aiscr.cz/id/2362,1788,1788 2359 2360,
panathénajské amfory,panathenaic amphorae,teater,2363,https://teater.aiscr.cz/id/2363,1788,1788 2359 2360,
insignie,insignia,teater,2364,https://teater.aiscr.cz/id/2364,1788,1788 2359,
fasces,fasces,teater,2365,https://teater.aiscr.cz/id/2365,1788,1788 2359 2364,
sella curulis,sella curulis,teater,2366,https://teater.aiscr.cz/id/2366,1788,1788 2359 2364,
devocionálie,devotional object,teater,2367,https://teater.aiscr.cz/id/2367,1788,1788 2359,
dona militaria,dona militaria,teater,2368,https://teater.aiscr.cz/id/2368,1788,1788 2359,
hlasatelská berla,caduceus,teater,2369,https://teater.aiscr.cz/id/2369,1788,1788 2359,
lapis manalis,manalis lapis,teater,2370,https://teater.aiscr.cz/id/2370,1788,1788 2359,
řád a vyznamenání,decorations of honor,teater,2371,https://teater.aiscr.cz/id/2371,1788,1788 2359,
thyrsos,thyrsos,teater,2372,https://teater.aiscr.cz/id/2372,1788,1788 2359,
vojenské řády a vyznamenání,military decoration,teater,2373,https://teater.aiscr.cz/id/2373,1788,1788 2359,
šperk,jewel,teater,2374,https://teater.aiscr.cz/id/2374,1788,1788,
amulet,amulet,teater,2375,https://teater.aiscr.cz/id/2375,1788,1788 2374,
apotropaion,apotropaic magic,teater,2376,https://teater.aiscr.cz/id/2376,1788,1788 2374,
brož,brooch,teater,2377,https://teater.aiscr.cz/id/2377,1788,1788 2374,
bulla,bulla,teater,2378,https://teater.aiscr.cz/id/2378,1788,1788 2374,
čelenka,head ornament,teater,2379,https://teater.aiscr.cz/id/2379,1788,1788 2374,
faléra,harness pendant,teater,2380,https://teater.aiscr.cz/id/2380,1788,1788 2374,
gem,gemstone,teater,2381,https://teater.aiscr.cz/id/2381,1788,1788 2374,
gombík,button,teater,2382,https://teater.aiscr.cz/id/2382,1788,1788 2374,
jehlice,dress pin,teater,2383,https://teater.aiscr.cz/id/2383,1788,1788 2374,
kamej,cameo,teater,2384,https://teater.aiscr.cz/id/2384,1788,1788 2374,
kaptorga,casket,teater,2385,https://teater.aiscr.cz/id/2385,1788,1788 2374,
korálek,bead,teater,2386,https://teater.aiscr.cz/id/2386,1788,1788 2374,
korunovační insignie,coronations insignia,teater,2387,https://teater.aiscr.cz/id/2387,1788,1788 2374,
křížek,cross,teater,2388,https://teater.aiscr.cz/id/2388,1788,1788 2374,
medailon,medallion,teater,2389,https://teater.aiscr.cz/id/2389,1788,1788 2374,
náhrdelník,necklace,teater,2390,https://teater.aiscr.cz/id/2390,1788,1788 2374,
nákončí,strap end,teater,2391,https://teater.aiscr.cz/id/2391,1788,1788 2374,
nákrčník,torque,teater,2392,https://teater.aiscr.cz/id/2392,1788,1788 2374,
nánožník,anklet,teater,2393,https://teater.aiscr.cz/id/2393,1788,1788 2374,
nápažník,armlet,teater,2394,https://teater.aiscr.cz/id/2394,1788,1788 2374,
náramek,bracelet,teater,2395,https://teater.aiscr.cz/id/2395,1788,1788 2374,
náušnice,ear ring,teater,2396,https://teater.aiscr.cz/id/2396,1788,1788 2374,
prsten,ring,teater,2397,https://teater.aiscr.cz/id/2397,1788,1788 2374,
přívěsek,pendant,teater,2398,https://teater.aiscr.cz/id/2398,1788,1788 2374,
rolnička,jingle jangle,teater,2399,https://teater.aiscr.cz/id/2399,1788,1788 2374,
růženec,rosary,teater,2400,https://teater.aiscr.cz/id/2400,1788,1788 2374,
řetízek,chain,teater,2401,https://teater.aiscr.cz/id/2401,1788,1788 2374,
záušnice,temple ring,teater,2402,https://teater.aiscr.cz/id/2402,1788,1788 2374,
sportovní nářadí,sports equipment,teater,2403,https://teater.aiscr.cz/id/2403,1788,1788,
činka,dumbbell,teater,2404,https://teater.aiscr.cz/id/2404,1788,1788 2403,
disk (sportovní nářadí),disk,teater,2405,https://teater.aiscr.cz/id/2405,1788,1788 2403,
stroj,machine,teater,2406,https://teater.aiscr.cz/id/2406,1788,1788,
zboží,trade good,teater,2407,https://teater.aiscr.cz/id/2407,1788,1788,
cukr,sugar,teater,2408,https://teater.aiscr.cz/id/2408,1788,1788 2407,
garum,garum,teater,2409,https://teater.aiscr.cz/id/2409,1788,1788 2407,
chléb,bread,teater,2410,https://teater.aiscr.cz/id/2410,1788,1788 2407,
jídlo,food,teater,2411,https://teater.aiscr.cz/id/2411,1788,1788 2407,
kasie,casia,teater,2412,https://teater.aiscr.cz/id/2412,1788,1788 2407,
koření,spice,teater,2413,https://teater.aiscr.cz/id/2413,1788,1788 2407,
kuchyňská sůl,table salt,teater,2414,https://teater.aiscr.cz/id/2414,1788,1788 2407,
léčiva,medication,teater,2415,https://teater.aiscr.cz/id/2415,1788,1788 2407,
léky,medicine,teater,2416,https://teater.aiscr.cz/id/2416,1788,1788 2407,
libum,libum,teater,2417,https://teater.aiscr.cz/id/2417,1788,1788 2407,
med,honey,teater,2418,https://teater.aiscr.cz/id/2418,1788,1788 2407,
medovina,mead,teater,2419,https://teater.aiscr.cz/id/2419,1788,1788 2407,
mola salsa,mola salsa,teater,2420,https://teater.aiscr.cz/id/2420,1788,1788 2407,
moretum,moretum,teater,2421,https://teater.aiscr.cz/id/2421,1788,1788 2407,
mulsum,mulsum,teater,2422,https://teater.aiscr.cz/id/2422,1788,1788 2407,
nápoj,drink,teater,2423,https://teater.aiscr.cz/id/2423,1788,1788 2407,
olej,oils,teater,2424,https://teater.aiscr.cz/id/2424,1788,1788 2407,
olivy,olive,teater,2425,https://teater.aiscr.cz/id/2425,1788,1788 2407,
pivo,beer,teater,2426,https://teater.aiscr.cz/id/2426,1788,1788 2407,
polenta,polenta,teater,2427,https://teater.aiscr.cz/id/2427,1788,1788 2407,
vavřín,laurel,teater,2428,https://teater.aiscr.cz/id/2428,1788,1788 2407,
víno,wine,teater,2429,https://teater.aiscr.cz/id/2429,1788,1788 2407,
9) materiálové specifikace,9) Material specifications,teater,2430,https://teater.aiscr.cz/id/2430,2430,,
materiál objektu/předmětu,feature/object material,teater,2431,https://teater.aiscr.cz/id/2431,2430,2430,
barvivo,dye,teater,2432,https://teater.aiscr.cz/id/2432,2430,2430 2431,
okr,ochre,teater,2433,https://teater.aiscr.cz/id/2433,2430,2430 2431 2432,
bavlna,cotton,teater,2434,https://teater.aiscr.cz/id/2434,2430,2430 2431,
borka,bark,teater,2435,https://teater.aiscr.cz/id/2435,2430,2430 2431,
dehet,tar,teater,2436,https://teater.aiscr.cz/id/2436,2430,2430 2431,
drahý kámen,precious stone,teater,2437,https://teater.aiscr.cz/id/2437,2430,2430 2431,
český granát,Czech garnet,teater,2438,https://teater.aiscr.cz/id/2438,2430,2430 2431 2437,
diamant,diamond,teater,2439,https://teater.aiscr.cz/id/2439,2430,2430 2431 2437,
jadeit,jadeite,teater,2440,https://teater.aiscr.cz/id/2440,2430,2430 2431 2437,
dřevěné uhlí,charcoal,teater,2441,https://teater.aiscr.cz/id/2441,2430,2430 2431,
dřevěné výrobky,wood products,teater,2442,https://teater.aiscr.cz/id/2442,2430,2430 2431,
dřevo,wood,teater,2443,https://teater.aiscr.cz/id/2443,2430,2430 2431,
cypřiš,Cupressus,teater,2444,https://teater.aiscr.cz/id/2444,2430,2430 2431 2443,
grafit,graphite,teater,2445,https://teater.aiscr.cz/id/2445,2430,2430 2431,
hedvábí,silk,teater,2446,https://teater.aiscr.cz/id/2446,2430,2430 2431,
chalcedon,chalcedony,teater,2447,https://teater.aiscr.cz/id/2447,2430,2430 2431,
jantar,amber,teater,2448,https://teater.aiscr.cz/id/2448,2430,2430 2431,
jaspis,jasper,teater,2449,https://teater.aiscr.cz/id/2449,2430,2430 2431,
kámen,stone,teater,2450,https://teater.aiscr.cz/id/2450,2430,2430 2431,
keramický materiál,ceramic material,teater,2451,https://teater.aiscr.cz/id/2451,2430,2430 2431,
fajáns,faience,teater,2452,https://teater.aiscr.cz/id/2452,2430,2430 2431 2451,
habánská fajáns,Haban faience,teater,2453,https://teater.aiscr.cz/id/2453,2430,2430 2431 2451 2452,
hlína,clay,teater,2454,https://teater.aiscr.cz/id/2454,2430,2430 2431 2451,
jíl,loam,teater,2455,https://teater.aiscr.cz/id/2455,2430,2430 2431 2451,
kamenina,stoneware,teater,2456,https://teater.aiscr.cz/id/2456,2430,2430 2431 2451,
keramika,ceramic,teater,2457,https://teater.aiscr.cz/id/2457,2430,2430 2431 2451,
chronologické členění (keramika),chronological classification (ceramics),teater,2458,https://teater.aiscr.cz/id/2458,2430,2430 2431 2451 2457,
historická keramika,historical pottery,teater,2459,https://teater.aiscr.cz/id/2459,2430,2430 2431 2451 2457 2458,
lidová keramika,folk pottery,teater,2460,https://teater.aiscr.cz/id/2460,2430,2430 2431 2451 2457 2458,
pravěká keramika,prehistoric pottery,teater,2461,https://teater.aiscr.cz/id/2461,2430,2430 2431 2451 2457 2458,
renesanční keramika,renaissance pottery,teater,2462,https://teater.aiscr.cz/id/2462,2430,2430 2431 2451 2457 2458,
slovanská keramika,Slavic pottery,teater,2463,https://teater.aiscr.cz/id/2463,2430,2430 2431 2451 2457 2458,
starověká keramika,ancient pottery,teater,2464,https://teater.aiscr.cz/id/2464,2430,2430 2431 2451 2457 2458,
bucchero,bucchero,teater,2465,https://teater.aiscr.cz/id/2465,2430,2430 2431 2451 2457 2458 2464,
černofigurová keramika,black-figure ware,teater,2466,https://teater.aiscr.cz/id/2466,2430,2430 2431 2451 2457 2458 2464,
červenofigurová keramika,red-figure ware,teater,2467,https://teater.aiscr.cz/id/2467,2430,2430 2431 2451 2457 2458 2464,
středověká keramika,medieval pottery,teater,2468,https://teater.aiscr.cz/id/2468,2430,2430 2431 2451 2457 2458,
umělecká keramika,art pottery,teater,2469,https://teater.aiscr.cz/id/2469,2430,2430 2431 2451 2457,
užitková keramika,utiliarian ceramics,teater,2470,https://teater.aiscr.cz/id/2470,2430,2430 2431 2451 2457,
majolika,maiolica,teater,2471,https://teater.aiscr.cz/id/2471,2430,2430 2431 2451,
porcelán,porcelain,teater,2472,https://teater.aiscr.cz/id/2472,2430,2430 2431 2451,
terakota,terracotta,teater,2473,https://teater.aiscr.cz/id/2473,2430,2430 2431 2451,
terra sigillata,terra sigillata,teater,2474,https://teater.aiscr.cz/id/2474,2430,2430 2431 2451,
korál,coral,teater,2475,https://teater.aiscr.cz/id/2475,2430,2430 2431,
kost,bone,teater,2476,https://teater.aiscr.cz/id/2476,2430,2430 2431,
kov,metal,teater,2477,https://teater.aiscr.cz/id/2477,2430,2430 2431,
bronz,bronze,teater,2478,https://teater.aiscr.cz/id/2478,2430,2430 2431 2477,
cín,tin,teater,2479,https://teater.aiscr.cz/id/2479,2430,2430 2431 2477,
elektron,electrum,teater,2480,https://teater.aiscr.cz/id/2480,2430,2430 2431 2477,
měď,copper,teater,2481,https://teater.aiscr.cz/id/2481,2430,2430 2431 2477,
mosaz,brass,teater,2482,https://teater.aiscr.cz/id/2482,2430,2430 2431 2477,
neželezný kov,nonferrous metal,teater,2483,https://teater.aiscr.cz/id/2483,2430,2430 2431 2477,
nikl,nickel,teater,2484,https://teater.aiscr.cz/id/2484,2430,2430 2431 2477,
olovo,lead,teater,2485,https://teater.aiscr.cz/id/2485,2430,2430 2431 2477,
stříbro,silver,teater,2486,https://teater.aiscr.cz/id/2486,2430,2430 2431 2477,
zinek,zinc,teater,2487,https://teater.aiscr.cz/id/2487,2430,2430 2431 2477,
zlato,gold,teater,2488,https://teater.aiscr.cz/id/2488,2430,2430 2431 2477,
železo,iron,teater,2489,https://teater.aiscr.cz/id/2489,2430,2430 2431 2477,
kožešina,fur,teater,2490,https://teater.aiscr.cz/id/2490,2430,2430 2431,
křemen,quartz,teater,2491,https://teater.aiscr.cz/id/2491,2430,2430 2431,
křemenec,quartzite,teater,2492,https://teater.aiscr.cz/id/2492,2430,2430 2431,
křišťál,quartz crystal,teater,2493,https://teater.aiscr.cz/id/2493,2430,2430 2431,
kůže,leather,teater,2494,https://teater.aiscr.cz/id/2494,2430,2430 2431,
useň,hides and skins,teater,2495,https://teater.aiscr.cz/id/2495,2430,2430 2431 2494,
lastura,shell,teater,2496,https://teater.aiscr.cz/id/2496,2430,2430 2431,
len,linen,teater,2497,https://teater.aiscr.cz/id/2497,2430,2430 2431,
makrozbytky,macroremains,teater,2498,https://teater.aiscr.cz/id/2498,2430,2430 2431,
malta,mortar,teater,2499,https://teater.aiscr.cz/id/2499,2430,2430 2431,
mamutovina,mammoth ivory,teater,2500,https://teater.aiscr.cz/id/2500,2430,2430 2431,
mazanice,daub,teater,2501,https://teater.aiscr.cz/id/2501,2430,2430 2431,
měkkýš,Mollusca,teater,2502,https://teater.aiscr.cz/id/2502,2430,2430 2431,
fosilní měkkýš,fossil mollusks,teater,2503,https://teater.aiscr.cz/id/2503,2430,2430 2431 2502,
suchozemský měkkýš,terrestrial mollusc,teater,2504,https://teater.aiscr.cz/id/2504,2430,2430 2431 2502,
vodní měkkýš,aquatic mollusc,teater,2505,https://teater.aiscr.cz/id/2505,2430,2430 2431 2502,
mořský měkkýš,sea mollusc,teater,2506,https://teater.aiscr.cz/id/2506,2430,2430 2431 2502 2505,
sladkovodní měkkýš,freshwater mollusc,teater,2507,https://teater.aiscr.cz/id/2507,2430,2430 2431 2502 2505,
mramor,marble,teater,2508,https://teater.aiscr.cz/id/2508,2430,2430 2431,
obsidián,obsidian,teater,2509,https://teater.aiscr.cz/id/2509,2430,2430 2431,
opál,opal,teater,2510,https://teater.aiscr.cz/id/2510,2430,2430 2431,
paroh,antler,teater,2511,https://teater.aiscr.cz/id/2511,2430,2430 2431,
pazourek,flint,teater,2512,https://teater.aiscr.cz/id/2512,2430,2430 2431,
pecka,pit,teater,2513,https://teater.aiscr.cz/id/2513,2430,2430 2431,
perla,pearl,teater,2514,https://teater.aiscr.cz/id/2514,2430,2430 2431,
pískovec,sandstone,teater,2515,https://teater.aiscr.cz/id/2515,2430,2430 2431,
plast,plastic,teater,2516,https://teater.aiscr.cz/id/2516,2430,2430 2431,
proutěné výrobky,basketry,teater,2517,https://teater.aiscr.cz/id/2517,2430,2430 2431,
proutí,wattle,teater,2518,https://teater.aiscr.cz/id/2518,2430,2430 2431,
pryskyřice,resin,teater,2519,https://teater.aiscr.cz/id/2519,2430,2430 2431,
předmět z bronzu,bronze object,teater,2520,https://teater.aiscr.cz/id/2520,2430,2430 2431,
předmět z kamene,stone object,teater,2521,https://teater.aiscr.cz/id/2521,2430,2430 2431,
předmět z kosti,bone object,teater,2522,https://teater.aiscr.cz/id/2522,2430,2430 2431,
předmět z kovu,metal object,teater,2523,https://teater.aiscr.cz/id/2523,2430,2430 2431,
předmět z mědi,copper object,teater,2524,https://teater.aiscr.cz/id/2524,2430,2430 2431,
předmět ze stříbra,silver object,teater,2525,https://teater.aiscr.cz/id/2525,2430,2430 2431,
předmět ze zlata,gold object,teater,2526,https://teater.aiscr.cz/id/2526,2430,2430 2431,
předmět ze železa,iron object,teater,2527,https://teater.aiscr.cz/id/2527,2430,2430 2431,
psací materiál,writing material,teater,2528,https://teater.aiscr.cz/id/2528,2430,2430 2431,
papír,paper,teater,2529,https://teater.aiscr.cz/id/2529,2430,2430 2431 2528,
papyrus,papyrus,teater,2530,https://teater.aiscr.cz/id/2530,2430,2430 2431 2528,
pergamen,parchment,teater,2531,https://teater.aiscr.cz/id/2531,2430,2430 2431 2528,
hliněná destička,clay tablet,teater,2532,https://teater.aiscr.cz/id/2532,2430,2430 2431 2528,
pyl,pollen,teater,2533,https://teater.aiscr.cz/id/2533,2430,2430 2431,
rohovec,chert,teater,2534,https://teater.aiscr.cz/id/2534,2430,2430 2431,
roh,horn,teater,2535,https://teater.aiscr.cz/id/2535,2430,2430 2431,
sapropelit,sapropel,teater,2536,https://teater.aiscr.cz/id/2536,2430,2430 2431,
semeno,seed,teater,2537,https://teater.aiscr.cz/id/2537,2430,2430 2431,
skleněný výrobek,glassware,teater,2538,https://teater.aiscr.cz/id/2538,2430,2430 2431,
sklo,glass,teater,2539,https://teater.aiscr.cz/id/2539,2430,2430 2431,
slonovina,elephant ivory,teater,2540,https://teater.aiscr.cz/id/2540,2430,2430 2431,
spilit,spilite,teater,2541,https://teater.aiscr.cz/id/2541,2430,2430 2431,
spondylus,Spondylus,teater,2542,https://teater.aiscr.cz/id/2542,2430,2430 2431,
stavební kámen,building stone,teater,2543,https://teater.aiscr.cz/id/2543,2430,2430 2431,
sukno,cloth,teater,2544,https://teater.aiscr.cz/id/2544,2430,2430 2431,
textil,textile,teater,2545,https://teater.aiscr.cz/id/2545,2430,2430 2431,
uhlí,coal,teater,2546,https://teater.aiscr.cz/id/2546,2430,2430 2431,
uhličitan draselný,potash,teater,2547,https://teater.aiscr.cz/id/2547,2430,2430 2431,
vápno,lime,teater,2548,https://teater.aiscr.cz/id/2548,2430,2430 2431,
vlna,wool,teater,2549,https://teater.aiscr.cz/id/2549,2430,2430 2431,
ovčí vlna,sheep wool,teater,2550,https://teater.aiscr.cz/id/2550,2430,2430 2431 2549,
vltavín,moldavite,teater,2551,https://teater.aiscr.cz/id/2551,2430,2430 2431,
vosk,wax,teater,2552,https://teater.aiscr.cz/id/2552,2430,2430 2431,
způsob provedení (objekty),method of implementation (features),teater,2553,https://teater.aiscr.cz/id/2553,2430,2430,
cihelné zdivo,brick masonry,teater,2554,https://teater.aiscr.cz/id/2554,2430,2430 2553,
dřevěná konstrukce,wooden structure,teater,2555,https://teater.aiscr.cz/id/2555,2430,2430 2553,
hrázděná stavba,half-timbered building,teater,2556,https://teater.aiscr.cz/id/2556,2430,2430 2553,
10) pomocně-historická hesla,10) Auxiliary-historical headings,teater,2557,https://teater.aiscr.cz/id/2557,2557,,
bitvy,battles,teater,2558,https://teater.aiscr.cz/id/2558,2557,2557,
bitva v teutoburském lese,Battle of the Teutoburg Forest,teater,2559,https://teater.aiscr.cz/id/2559,2557,2557 2558,
etnika,ethnic groups,teater,2560,https://teater.aiscr.cz/id/2560,2557,2557,
avaři,Avars,teater,2561,https://teater.aiscr.cz/id/2561,2557,2557 2560,
avarsko-slovanská kultura,Avar-Slavic culture,teater,2562,https://teater.aiscr.cz/id/2562,2557,2557 2560 2561,
avarština,Avaric language,teater,2563,https://teater.aiscr.cz/id/2563,2557,2557 2560 2561,
baltové,Balts,teater,2564,https://teater.aiscr.cz/id/2564,2557,2557 2560,
baltistika,Baltic studies,teater,2565,https://teater.aiscr.cz/id/2565,2557,2557 2560 2564,
baltská filologie,Baltic philology,teater,2566,https://teater.aiscr.cz/id/2566,2557,2557 2560 2564 2565,
baltská mytologie,Baltic mythology,teater,2567,https://teater.aiscr.cz/id/2567,2557,2557 2560 2564,
baltské náboženství,Baltic religion,teater,2568,https://teater.aiscr.cz/id/2568,2557,2557 2560 2564,
baltské jazyky,Baltic languages,teater,2569,https://teater.aiscr.cz/id/2569,2557,2557 2560 2564,
litevština,Lithuanian,teater,2570,https://teater.aiscr.cz/id/2570,2557,2557 2560 2564 2569,
lotyština,Latvian,teater,2571,https://teater.aiscr.cz/id/2571,2557,2557 2560 2564 2569,
pruština,Old Prussian,teater,2572,https://teater.aiscr.cz/id/2572,2557,2557 2560 2564 2569,
baltská literatura,Baltic literature,teater,2573,https://teater.aiscr.cz/id/2573,2557,2557 2560 2564,
litevci,Lithuanians,teater,2574,https://teater.aiscr.cz/id/2574,2557,2557 2560 2564,
lotyši,Latvians,teater,2575,https://teater.aiscr.cz/id/2575,2557,2557 2560 2564,
prusové,Old Prussians,teater,2576,https://teater.aiscr.cz/id/2576,2557,2557 2560 2564,
baskové,Basques,teater,2577,https://teater.aiscr.cz/id/2577,2557,2557 2560,
baskická literatura,Basque literature,teater,2578,https://teater.aiscr.cz/id/2578,2557,2557 2560 2577,
baskická poezie,Basque poetry,teater,2579,https://teater.aiscr.cz/id/2579,2557,2557 2560 2577 2578,
baskická próza,Basque prose literature,teater,2580,https://teater.aiscr.cz/id/2580,2557,2557 2560 2577 2578,
baskická povídka,Basque short story,teater,2581,https://teater.aiscr.cz/id/2581,2557,2557 2560 2577 2578 2580,
baskický román,Basque fiction,teater,2582,https://teater.aiscr.cz/id/2582,2557,2557 2560 2577 2578 2580,
baskické drama,Basque drama,teater,2583,https://teater.aiscr.cz/id/2583,2557,2557 2560 2577 2578,
baskičtí spisovatelé,Basque authors,teater,2584,https://teater.aiscr.cz/id/2584,2557,2557 2560 2577 2578,
baskičtina,Basque,teater,2585,https://teater.aiscr.cz/id/2585,2557,2557 2560 2577,
hovorová baskičtina,colloquial Basque,teater,2586,https://teater.aiscr.cz/id/2586,2557,2557 2560 2577 2585,
dákové,Dacians,teater,2587,https://teater.aiscr.cz/id/2587,2557,2557 2560,
etruskové,Etruscans,teater,2588,https://teater.aiscr.cz/id/2588,2557,2557 2560,
etruská mytologie,Etruscan mythology,teater,2589,https://teater.aiscr.cz/id/2589,2557,2557 2560 2588,
etruské náboženství,Etruscan religion,teater,2590,https://teater.aiscr.cz/id/2590,2557,2557 2560 2588,
etruské nápisy,Etruscan inscriptions,teater,2591,https://teater.aiscr.cz/id/2591,2557,2557 2560 2588,
etruské památky,Etruscan monuments,teater,2592,https://teater.aiscr.cz/id/2592,2557,2557 2560 2588,
etruské umění,Etruscan art,teater,2593,https://teater.aiscr.cz/id/2593,2557,2557 2560 2588,
etruština,Etruscan,teater,2594,https://teater.aiscr.cz/id/2594,2557,2557 2560 2588,
germáni,Germanic people,teater,2595,https://teater.aiscr.cz/id/2595,2557,2557 2560,
germánské kmeny,Germanic tribes,teater,2596,https://teater.aiscr.cz/id/2596,2557,2557 2560 2595,
alemani,Alamanni,teater,2597,https://teater.aiscr.cz/id/2597,2557,2557 2560 2595 2596,
anglosasové,Anglo-Saxons,teater,2598,https://teater.aiscr.cz/id/2598,2557,2557 2560 2595 2596,
burgundi,Burgundians,teater,2599,https://teater.aiscr.cz/id/2599,2557,2557 2560 2595 2596,
durynkové,Thuringii,teater,2600,https://teater.aiscr.cz/id/2600,2557,2557 2560 2595 2596,
frankové,Franks,teater,2601,https://teater.aiscr.cz/id/2601,2557,2557 2560 2595 2596,
frísové,Frisians,teater,2602,https://teater.aiscr.cz/id/2602,2557,2557 2560 2595 2596,
gepidové,Gepids,teater,2603,https://teater.aiscr.cz/id/2603,2557,2557 2560 2595 2596,
gótové,Goths,teater,2604,https://teater.aiscr.cz/id/2604,2557,2557 2560 2595 2596,
ostrogóti,Ostrogoths,teater,2605,https://teater.aiscr.cz/id/2605,2557,2557 2560 2595 2596 2604,
vizigóti,Visigoths,teater,2606,https://teater.aiscr.cz/id/2606,2557,2557 2560 2595 2596 2604,
herulové,Heruli,teater,2607,https://teater.aiscr.cz/id/2607,2557,2557 2560 2595 2596,
jutové,Jutes,teater,2608,https://teater.aiscr.cz/id/2608,2557,2557 2560 2595 2596,
kvádové,Quadi,teater,2609,https://teater.aiscr.cz/id/2609,2557,2557 2560 2595 2596,
markomani,Marcomanni,teater,2610,https://teater.aiscr.cz/id/2610,2557,2557 2560 2595 2596,
langobardi,Langobards,teater,2611,https://teater.aiscr.cz/id/2611,2557,2557 2560 2595 2596,
rugiové,Rugii,teater,2612,https://teater.aiscr.cz/id/2612,2557,2557 2560 2595 2596,
sasové,Saxons,teater,2613,https://teater.aiscr.cz/id/2613,2557,2557 2560 2595 2596,
svébové,Suebi,teater,2614,https://teater.aiscr.cz/id/2614,2557,2557 2560 2595 2596,
vandalové,Vandals,teater,2615,https://teater.aiscr.cz/id/2615,2557,2557 2560 2595 2596,
germánské jazyky,Germanic languages,teater,2616,https://teater.aiscr.cz/id/2616,2557,2557 2560 2595,
fríština,Frisian language,teater,2617,https://teater.aiscr.cz/id/2617,2557,2557 2560 2595 2616,
stará fríština,old Frisian language,teater,2618,https://teater.aiscr.cz/id/2618,2557,2557 2560 2595 2616 2617,
gótština,Gothic language,teater,2619,https://teater.aiscr.cz/id/2619,2557,2557 2560 2595 2616,
stará dolní němčina,old saxon language,teater,2620,https://teater.aiscr.cz/id/2620,2557,2557 2560 2595 2616,
stará severština,Old Norse,teater,2621,https://teater.aiscr.cz/id/2621,2557,2557 2560 2595 2616,
střední dolní němčina,Middle Low German,teater,2622,https://teater.aiscr.cz/id/2622,2557,2557 2560 2595 2616,
germánská kultura,Germanic culture,teater,2623,https://teater.aiscr.cz/id/2623,2557,2557 2560 2595,
anglosaská mytologie,Anglo-Saxon mythology,teater,2624,https://teater.aiscr.cz/id/2624,2557,2557 2560 2595 2623,
germánská magie,Germanic magic,teater,2625,https://teater.aiscr.cz/id/2625,2557,2557 2560 2595 2623,
germánská mytologie,Germanic mythology,teater,2626,https://teater.aiscr.cz/id/2626,2557,2557 2560 2595 2623,
germánské náboženství,Germanic religion,teater,2627,https://teater.aiscr.cz/id/2627,2557,2557 2560 2595 2623,
vizigótské nápisy,Visigodas inscriptions,teater,2628,https://teater.aiscr.cz/id/2628,2557,2557 2560 2595 2623,
gétové,Getae,teater,2629,https://teater.aiscr.cz/id/2629,2557,2557 2560,
hunové,Huns,teater,2630,https://teater.aiscr.cz/id/2630,2557,2557 2560,
chazaři,Khazars,teater,2631,https://teater.aiscr.cz/id/2631,2557,2557 2560,
iberové,Iberians,teater,2632,https://teater.aiscr.cz/id/2632,2557,2557 2560,
iberorománština,Ibero-Romance,teater,2633,https://teater.aiscr.cz/id/2633,2557,2557 2560 2632,
iberská kultura,Iberian civilization,teater,2634,https://teater.aiscr.cz/id/2634,2557,2557 2560 2632,
iberština,Iberian,teater,2635,https://teater.aiscr.cz/id/2635,2557,2557 2560 2632,
keltiberové,Celtiberians,teater,2636,https://teater.aiscr.cz/id/2636,2557,2557 2560 2632,
ilyrové,Illyrians,teater,2637,https://teater.aiscr.cz/id/2637,2557,2557 2560,
ilyrská literatura,Illyrian literatur,teater,2638,https://teater.aiscr.cz/id/2638,2557,2557 2560 2637,
ilyrština,ancient Illyrian,teater,2639,https://teater.aiscr.cz/id/2639,2557,2557 2560 2637,
indoevropané,Indo-Europeans,teater,2640,https://teater.aiscr.cz/id/2640,2557,2557 2560,
indoevropské jazyky,Indo-European languages,teater,2641,https://teater.aiscr.cz/id/2641,2557,2557 2560 2640,
indo-evropská mytologie,Indo-European mythology,teater,2642,https://teater.aiscr.cz/id/2642,2557,2557 2560 2640,
indoevropština,Proto-Indo-European,teater,2643,https://teater.aiscr.cz/id/2643,2557,2557 2560 2640,
keltové,Celts,teater,2644,https://teater.aiscr.cz/id/2644,2557,2557 2560,
keltská astrologie,Celtic astrology,teater,2645,https://teater.aiscr.cz/id/2645,2557,2557 2560 2644,
keltská kultura,Celtic culture,teater,2646,https://teater.aiscr.cz/id/2646,2557,2557 2560 2644,
irská mytologie,Irish mythology,teater,2647,https://teater.aiscr.cz/id/2647,2557,2557 2560 2644 2646,
galorománská kultura,Gallo-Roman culture,teater,2648,https://teater.aiscr.cz/id/2648,2557,2557 2560 2644 2646,
keltská mytologie,Celtic mythology,teater,2649,https://teater.aiscr.cz/id/2649,2557,2557 2560 2644 2646,
keltské náboženství,Celtic religion,teater,2650,https://teater.aiscr.cz/id/2650,2557,2557 2560 2644 2646,
druidismus,druidism,teater,2651,https://teater.aiscr.cz/id/2651,2557,2557 2560 2644 2646 2650,
keltská magie,Celtic magic,teater,2652,https://teater.aiscr.cz/id/2652,2557,2557 2560 2644 2646 2650,
keltské křesťanství,Celtic Christianity,teater,2653,https://teater.aiscr.cz/id/2653,2557,2557 2560 2644 2646 2650,
keltský ritus,Celtic rite,teater,2654,https://teater.aiscr.cz/id/2654,2557,2557 2560 2644 2646 2650 2653,
keltská symbolika,Celtic symbolism,teater,2655,https://teater.aiscr.cz/id/2655,2557,2557 2560 2644 2646,
keltský horoskop,Celtic horoscope,teater,2656,https://teater.aiscr.cz/id/2656,2557,2557 2560 2644 2646,
keltský stromokruh,Celtic tree calendar,teater,2657,https://teater.aiscr.cz/id/2657,2557,2557 2560 2644 2646 2656,
keltské umění,Celtic art,teater,2658,https://teater.aiscr.cz/id/2658,2557,2557 2560 2644 2646,
keltská hudba,Celtic music,teater,2659,https://teater.aiscr.cz/id/2659,2557,2557 2560 2644 2646 2658,
keltská literatura,Celtic literature,teater,2660,https://teater.aiscr.cz/id/2660,2557,2557 2560 2644 2646 2658,
keltská poezie,Celtic poetry,teater,2661,https://teater.aiscr.cz/id/2661,2557,2557 2560 2644 2646 2658 2660,
keltská pohádka,Celtic fairy tale,teater,2662,https://teater.aiscr.cz/id/2662,2557,2557 2560 2644 2646 2658 2660,
keltské pověsti,Celtic legends,teater,2663,https://teater.aiscr.cz/id/2663,2557,2557 2560 2644 2646 2658 2660,
keltské jazyky,Celtic language,teater,2664,https://teater.aiscr.cz/id/2664,2557,2557 2560 2644,
bretonština,Breton,teater,2665,https://teater.aiscr.cz/id/2665,2557,2557 2560 2644 2664,
hovorová bretonština,colloquial Breton,teater,2666,https://teater.aiscr.cz/id/2666,2557,2557 2560 2644 2664 2665,
gaelština,Gaelic,teater,2667,https://teater.aiscr.cz/id/2667,2557,2557 2560 2644 2664,
irština,Irish language,teater,2668,https://teater.aiscr.cz/id/2668,2557,2557 2560 2644 2664,
hovorová irština,colloquial Irish,teater,2669,https://teater.aiscr.cz/id/2669,2557,2557 2560 2644 2664 2668,
stará irština,Old Irish,teater,2670,https://teater.aiscr.cz/id/2670,2557,2557 2560 2644 2664 2668,
kornština,Cornish,teater,2671,https://teater.aiscr.cz/id/2671,2557,2557 2560 2644 2664,
manština,"Gaelic, indigenous Manx",teater,2672,https://teater.aiscr.cz/id/2672,2557,2557 2560 2644 2664,
skotská gaelština,Scots Gaelic,teater,2673,https://teater.aiscr.cz/id/2673,2557,2557 2560 2644 2664,
velština,Welsh,teater,2674,https://teater.aiscr.cz/id/2674,2557,2557 2560 2644 2664,
hovorová velština,colloquial Welsh,teater,2675,https://teater.aiscr.cz/id/2675,2557,2557 2560 2644 2664 2674,
keltská etnika a kmeny,Celtic ethnic groups and tribes,teater,2676,https://teater.aiscr.cz/id/2676,2557,2557 2560 2644,
bójové,Boii,teater,2677,https://teater.aiscr.cz/id/2677,2557,2557 2560 2644 2676,
galo-románi,Gallo-Romans,teater,2678,https://teater.aiscr.cz/id/2678,2557,2557 2560 2644 2676,
galové,Gauls,teater,2679,https://teater.aiscr.cz/id/2679,2557,2557 2560 2644 2676,
kimmerijci,Cimmerians,teater,2680,https://teater.aiscr.cz/id/2680,2557,2557 2560,
kumáni,Cumans,teater,2681,https://teater.aiscr.cz/id/2681,2557,2557 2560,
kipčačtina,Kipchak,teater,2682,https://teater.aiscr.cz/id/2682,2557,2557 2560 2681,
starověcí makedonci,Ancient Macedonians,teater,2683,https://teater.aiscr.cz/id/2683,2557,2557 2560,
makedonské války (215-168 př. kr),Macedonian Wars (215-168 B.C.),teater,2684,https://teater.aiscr.cz/id/2684,2557,2557 3091,
druhá makedonská válka (200-197 př. kr.),Second Macedonian War,teater,2685,https://teater.aiscr.cz/id/2685,2557,2557 3091 2684,
povstání andriska (151-148 př. kr.),revolt of Andriscus (150-148 B.C.),teater,2686,https://teater.aiscr.cz/id/2686,2557,2557 3091 2684,
první makedonská válka (215-205 př. kr.),First Macedonian War (First Macedonian War,teater,2687,https://teater.aiscr.cz/id/2687,2557,2557 3091 2684,
třetí makedonská válka (171-168 př. kr.),Third Macedonian War,teater,2688,https://teater.aiscr.cz/id/2688,2557,2557 3091 2684,
tažení alexandra velikého (334-323 př. kr.),Expansion of Alexander the Great (334-323 B.C.),teater,2689,https://teater.aiscr.cz/id/2689,2557,2557 3091,
"bitva u gaugamél (331 př. kr. : tel gomél, irák)",Battle of Gaugamela,teater,2690,https://teater.aiscr.cz/id/2690,2557,2557 2558,
"bitva u graníku (334 př. kr. : biga çayi, turecko : řeka)",Battle of the Granicus,teater,2691,https://teater.aiscr.cz/id/2691,2557,2557 2558,
"bitva u hydaspés (326 př. kr. : džihlam, indie a pákistán : řeka)",Battle of the Hydaspes,teater,2692,https://teater.aiscr.cz/id/2692,2557,2557 2558,
bitva u issu (333 př. kr. : issos : zaniklé město),Battle of Issus,teater,2693,https://teater.aiscr.cz/id/2693,2557,2557 2558,
mongolové,Mongols,teater,2694,https://teater.aiscr.cz/id/2694,2557,2557 2560,
mongolská filologie,Mongolian philology,teater,2695,https://teater.aiscr.cz/id/2695,2557,2557 2560 2694,
mongolská literatura,Mongolian literature,teater,2696,https://teater.aiscr.cz/id/2696,2557,2557 2560 2694,
mongolská poezie,Mongolian poetry,teater,2697,https://teater.aiscr.cz/id/2697,2557,2557 2560 2694 2696,
mongolský epos,Mongolian epos,teater,2698,https://teater.aiscr.cz/id/2698,2557,2557 2560 2694 2696,
mongolská mytologie,Mongolian mythology,teater,2699,https://teater.aiscr.cz/id/2699,2557,2557 2560 2694,
mongolské jazyky,Mongolian languages,teater,2700,https://teater.aiscr.cz/id/2700,2557,2557 2560 2694,
burjatština,Buriat,teater,2701,https://teater.aiscr.cz/id/2701,2557,2557 2560 2694 2700,
mongolština,Mongolian (Mongolian language),teater,2702,https://teater.aiscr.cz/id/2702,2557,2557 2560 2694 2700,
hovorová mongolština,colloquial Mongolian,teater,2703,https://teater.aiscr.cz/id/2703,2557,2557 2560 2694 2700 2702,
ojratština,Oirat,teater,2704,https://teater.aiscr.cz/id/2704,2557,2557 2560 2694 2700,
mongolské písmo,Mongolian script,teater,2705,https://teater.aiscr.cz/id/2705,2557,2557 2560 2694,
mongolské umění,Mongolian art,teater,2706,https://teater.aiscr.cz/id/2706,2557,2557 2560 2694,
mongolské výtvarné umění,Mongolian visual art,teater,2707,https://teater.aiscr.cz/id/2707,2557,2557 2560 2694 2706,
mongolské malířství,Mongolian painting,teater,2708,https://teater.aiscr.cz/id/2708,2557,2557 2560 2694 2706 2707,
mongolské sochařství,Mongolian sculpture,teater,2709,https://teater.aiscr.cz/id/2709,2557,2557 2560 2694 2706 2707,
mongolské výboje 1206-1405,Mongol invasion (1206-1405),teater,2710,https://teater.aiscr.cz/id/2710,2557,2557 2560 2694,
mongolský vpád na moravu (1241),Mongol invasion of Moravia (1241),teater,2711,https://teater.aiscr.cz/id/2711,2557,2557 2560 2694 2710,
pečeněhové,Pecheneg,teater,2712,https://teater.aiscr.cz/id/2712,2557,2557 2560,
piktové,Picti,teater,2713,https://teater.aiscr.cz/id/2713,2557,2557 2560,
povolžští bulhaři,Volga Bulgarians,teater,2714,https://teater.aiscr.cz/id/2714,2557,2557 2560,
prabulhaři,Proto-Bulgarians,teater,2715,https://teater.aiscr.cz/id/2715,2557,2557 2560,
rétorománi,Romansh people,teater,2716,https://teater.aiscr.cz/id/2716,2557,2557 2560,
rétorománská literatura,Raeto-Romance literature,teater,2717,https://teater.aiscr.cz/id/2717,2557,2557 2560 2716,
rétorománština,Romansch (Rhaeto-Roman),teater,2718,https://teater.aiscr.cz/id/2718,2557,2557 2560 2716,
řekové,Greek,teater,2719,https://teater.aiscr.cz/id/2719,2557,2557 2560,
řecké kmeny,Greek tribes,teater,2720,https://teater.aiscr.cz/id/2720,2557,2557 2560 2719,
achájové,Achaeans,teater,2721,https://teater.aiscr.cz/id/2721,2557,2557 2560 2719 2720,
aiólové,Aeolians,teater,2722,https://teater.aiscr.cz/id/2722,2557,2557 2560 2719 2720,
dórové,Dorians,teater,2723,https://teater.aiscr.cz/id/2723,2557,2557 2560 2719 2720,
iónové,Ionians,teater,2724,https://teater.aiscr.cz/id/2724,2557,2557 2560 2719 2720,
řecká antická civilizace,ancient Greek civilization,teater,2725,https://teater.aiscr.cz/id/2725,2557,2557 2560 2719,
biblická řečtina,Koine Greek,teater,2726,https://teater.aiscr.cz/id/2726,2557,2557 2560 2719 2725,
helénismus,Hellenism,teater,2727,https://teater.aiscr.cz/id/2727,2557,2557 2560 2719 2725,
helénská mytologie,Hellenistic mythology,teater,2728,https://teater.aiscr.cz/id/2728,2557,2557 2560 2719 2725 2727,
helénistické náboženství,Hellenistic religion,teater,2729,https://teater.aiscr.cz/id/2729,2557,2557 2560 2719 2725 2727,
helénští bohové,Hellenistic gods,teater,2730,https://teater.aiscr.cz/id/2730,2557,2557 2560 2719 2725 2727 2729,
mykénská řečtina,Mycenaean Greek,teater,2731,https://teater.aiscr.cz/id/2731,2557,2557 2560 2719 2725,
polis,poleis,teater,2732,https://teater.aiscr.cz/id/2732,2557,2557 2560 2719 2725,
řecká antická filozofie,Greek philosophy (ancient),teater,2733,https://teater.aiscr.cz/id/2733,2557,2557 2560 2719 2725,
megarská škola,Megaric (school of philosophy),teater,2734,https://teater.aiscr.cz/id/2734,2557,2557 2560 2719 2725 2733,
řecká mytologie,Greek mythology,teater,2735,https://teater.aiscr.cz/id/2735,2557,2557 2560 2719 2725,
řecké antické lékařství,ancient Greek medicine,teater,2736,https://teater.aiscr.cz/id/2736,2557,2557 2560 2719 2725,
řecké antické umění,ancient Greek art,teater,2737,https://teater.aiscr.cz/id/2737,2557,2557 2560 2719 2725,
iónské umění,Ionian art,teater,2738,https://teater.aiscr.cz/id/2738,2557,2557 2560 2719 2725 2737,
řecká antická architektura,ancient Greek architecture,teater,2739,https://teater.aiscr.cz/id/2739,288,288 352 427 428 429,
řecká antická literatura,Greek ancient literature,teater,2740,https://teater.aiscr.cz/id/2740,2557,2557 2560 2719 2725 2737,
dějiny řecké antické literatury,history of Greek ancient literature,teater,2741,https://teater.aiscr.cz/id/2741,2557,2557 2560 2719 2725 2737 2740,
řecká antická bajka,Greek ancient fable,teater,2742,https://teater.aiscr.cz/id/2742,2557,2557 2560 2719 2725 2737 2740,
řecká antická poezie,Greek ancient poetry,teater,2743,https://teater.aiscr.cz/id/2743,2557,2557 2560 2719 2725 2737 2740,
řecký antický verš,Greek ancient verse,teater,2744,https://teater.aiscr.cz/id/2744,2557,2557 2560 2719 2725 2737 2740 2743,
řecká antická próza,Greek ancient prose literature,teater,2745,https://teater.aiscr.cz/id/2745,2557,2557 2560 2719 2725 2737 2740,
řecké antické autorky,Greek ancient women authors,teater,2746,https://teater.aiscr.cz/id/2746,2557,2557 2560 2719 2725 2737 2740,
řecké antické drama,Greek ancient drama,teater,2747,https://teater.aiscr.cz/id/2747,2557,2557 2560 2719 2725 2737 2740,
řecký antický projev,Greek ancient speech,teater,2748,https://teater.aiscr.cz/id/2748,2557,2557 2560 2719 2725 2737 2740,
řecké nápisy,Greek inscriptions,teater,2749,https://teater.aiscr.cz/id/2749,2557,2557 2560 2719 2725 2737 2740,
řecký antický epos,Greek ancient epos,teater,2750,https://teater.aiscr.cz/id/2750,2557,2557 2560 2719 2725 2737 2740,
řecký antický román,Greek ancient novel,teater,2751,https://teater.aiscr.cz/id/2751,2557,2557 2560 2719 2725 2737 2740,
řecký starověký hymnus,Greek hymn,teater,2752,https://teater.aiscr.cz/id/2752,2557,2557 2560 2719 2725 2737 2740,
řečtí antičtí autoři,Greek ancient authors,teater,2753,https://teater.aiscr.cz/id/2753,2557,2557 2560 2719 2725 2737 2740,
řecké náboženství,Greek religion,teater,2755,https://teater.aiscr.cz/id/2755,2557,2557 2560 2719 2725,
řecké bohyně,Greek goddesses,teater,2756,https://teater.aiscr.cz/id/2756,2557,2557 2560 2719 2725 2755,
řečtí bohové,Greek gods,teater,2757,https://teater.aiscr.cz/id/2757,2557,2557 2560 2719 2725 2755,
stará řečtina,Ancient Greek,teater,2758,https://teater.aiscr.cz/id/2758,2557,2557 2560 2719 2725,
řecko-perské války (500-449 př. kr),Greco-Persian Wars,teater,2759,https://teater.aiscr.cz/id/2759,2557,2557 2560 2719,
iónské povstání (499-494 př. kr.),Ionian Revolt,teater,2760,https://teater.aiscr.cz/id/2760,2557,2557 2560 2719 2759,
bitva u ladé (494 př. kr. : ladé : zaniklý ostrov),Battle of Lade,teater,2761,https://teater.aiscr.cz/id/2761,2557,2557 2560 2719 2759 2760,
"bitva u marathónu (490 př. kr. : marathón, řecko)",Battle of Marathon,teater,2762,https://teater.aiscr.cz/id/2762,2557,2557 2560 2719 2759,
bitva u platají (479 př. kr. : plataje : zaniklé město),Battle of Plataea,teater,2763,https://teater.aiscr.cz/id/2763,2557,2557 2560 2719 2759,
"bitva u salamíny (480 př. kr. : salamís, řecko : ostrov)",Battle of Salamis,teater,2764,https://teater.aiscr.cz/id/2764,2557,2557 2560 2719 2759,
"bitva u thermopyl (480 př. kr. : thermopyly, řecko : průsmyk)",Battle of Thermopylae,teater,2765,https://teater.aiscr.cz/id/2765,2557,2557 2560 2719 2759,
římané,Romans,teater,2766,https://teater.aiscr.cz/id/2766,2557,2557 2560,
římská antická civilizace,ancient Roman civilization,teater,2767,https://teater.aiscr.cz/id/2767,2557,2557 2560 2766,
gladiátorské hry,gladiatorial games,teater,2768,https://teater.aiscr.cz/id/2768,2557,2557 2560 2766 2767,
gladiátor,gladiator,teater,2769,https://teater.aiscr.cz/id/2769,2557,2557 2560 2766 2767 2768,
latina,Latin,teater,2770,https://teater.aiscr.cz/id/2770,2557,2557 2560 2766 2767,
biblická latina,Biblical Latin language,teater,2771,https://teater.aiscr.cz/id/2771,2557,2557 2560 2766 2767 2770,
církevní latina,liturgical Latin,teater,2772,https://teater.aiscr.cz/id/2772,2557,2557 2560 2766 2767 2770,
vulgární latina,vulgar Latin,teater,2773,https://teater.aiscr.cz/id/2773,2557,2557 2560 2766 2767 2770,
latinské nápisy,Latin inscriptions,teater,2774,https://teater.aiscr.cz/id/2774,2557,2557 2560 2766 2767,
romanizace,romanization,teater,2775,https://teater.aiscr.cz/id/2775,2557,2557 2560 2766 2767,
římská antická filozofie,Roman philosophy,teater,2776,https://teater.aiscr.cz/id/2776,2557,2557 2560 2766 2767,
římská mytologie,Roman mythology,teater,2777,https://teater.aiscr.cz/id/2777,2557,2557 2560 2766 2767,
římské antické umění,ancient Roman art,teater,2778,https://teater.aiscr.cz/id/2778,2557,2557 2560 2766 2767,
latinská starověká literatura,ancient Latin literature,teater,2779,https://teater.aiscr.cz/id/2779,2557,2557 2560 2766 2767 2778,
latinské starověké drama,ancient Latin drama,teater,2780,https://teater.aiscr.cz/id/2780,2557,2557 2560 2766 2767 2778 2779,
latinský starověký román,ancient Latin novel,teater,2781,https://teater.aiscr.cz/id/2781,2557,2557 2560 2766 2767 2778 2779,
římská antická architektura,ancient Roman architecture,teater,2782,https://teater.aiscr.cz/id/2782,288,288 352 427 428 429,
římské náboženství,Roman religion,teater,2784,https://teater.aiscr.cz/id/2784,2557,2557 2560 2766 2767,
římské bohyně,Roman goddesses,teater,2785,https://teater.aiscr.cz/id/2785,2557,2557 2560 2766 2767 2784,
římští bohové,Roman gods,teater,2786,https://teater.aiscr.cz/id/2786,2557,2557 2560 2766 2767 2784,
římsko-provinciální výrobek,Roman provincial product,teater,2787,https://teater.aiscr.cz/id/2787,2557,2557 2560 2766 2767,
římská armáda,Roman army,teater,2788,https://teater.aiscr.cz/id/2788,2557,2557 2560 2766,
bitva u kann (216 př. kr. : cannae : zaniklé město),Battle of Cannae,teater,2789,https://teater.aiscr.cz/id/2789,2557,2557 2558,
limes romanus,Roman limes,teater,2792,https://teater.aiscr.cz/id/2792,2557,2557 2560 2766 2788,
antoniův val,Antonine Wall,teater,2793,https://teater.aiscr.cz/id/2793,2557,2557 2560 2766 2788 2792,
hadriánův val,Hadrian's Wall,teater,2794,https://teater.aiscr.cz/id/2794,2557,2557 2560 2766 2788 2792,
limes romanus (německo),Roman limes (Germany),teater,2795,https://teater.aiscr.cz/id/2795,2557,2557 2560 2766 2788 2792,
limes romanus (rakousko),Roman limes (Austria),teater,2796,https://teater.aiscr.cz/id/2796,2557,2557 2560 2766 2788 2792,
římská legie,Roman legion,teater,2797,https://teater.aiscr.cz/id/2797,2557,2557 2560 2766 2788,
římské občanské války (80-33 př. kr.),Roman Civil Wars,teater,2798,https://teater.aiscr.cz/id/2798,2557,2557 3091,
římská občanská válka 49-45 př. kr.,Caesar's Civil War,teater,2799,https://teater.aiscr.cz/id/2799,2557,2557 3091 2798,
římská republika,Roman Republic,teater,2800,https://teater.aiscr.cz/id/2800,2557,2557 2560 2766,
římské císařství,Roman Empire,teater,2801,https://teater.aiscr.cz/id/2801,2557,2557 2560 2766,
římská provincie,Roman province,teater,2802,https://teater.aiscr.cz/id/2802,2557,2557 2560 2766 2801,
římský císař,Roman emperor,teater,2803,https://teater.aiscr.cz/id/2803,2557,2557 2560 2766 2801,
sarmati,Sarmatians,teater,2804,https://teater.aiscr.cz/id/2804,2557,2557 2560,
skytové,Scythians,teater,2805,https://teater.aiscr.cz/id/2805,2557,2557 2560,
skytské umění,Scythian art,teater,2806,https://teater.aiscr.cz/id/2806,2557,2557 2560 2805,
skýtština,Khotan,teater,2807,https://teater.aiscr.cz/id/2807,2557,2557 2560 2805,
slované,Slavs,teater,2808,https://teater.aiscr.cz/id/2808,2557,2557 2560,
geografické členění slovanů,geographical division of the Slavs,teater,2809,https://teater.aiscr.cz/id/2809,2557,2557 2560 2808,
jižní slované,Southern Slavs,teater,2810,https://teater.aiscr.cz/id/2810,2557,2557 2560 2808 2809,
východní slované,Eastern Slavs,teater,2811,https://teater.aiscr.cz/id/2811,2557,2557 2560 2808 2809,
západní slované,Western Slavs,teater,2812,https://teater.aiscr.cz/id/2812,2557,2557 2560 2808 2809,
slovanská kultura,Slavic culture,teater,2813,https://teater.aiscr.cz/id/2813,2557,2557 2560 2808,
cyrilometodějská mise,Cyril and Methodius mission,teater,2814,https://teater.aiscr.cz/id/2814,2557,2557 2560 2808 2813,
cyrilometodějská tradice,Cyril and Methodius tradition,teater,2815,https://teater.aiscr.cz/id/2815,2557,2557 2560 2808 2813 2814,
slovanská mytologie,Slavic mythology,teater,2816,https://teater.aiscr.cz/id/2816,2557,2557 2560 2808 2813,
slovanské pověsti,Slavic legends,teater,2817,https://teater.aiscr.cz/id/2817,2557,2557 2560 2808 2813 2816,
slovanské náboženství,Slavic religion,teater,2818,https://teater.aiscr.cz/id/2818,2557,2557 2560 2808 2813,
slovanská magie,Slavic magic,teater,2819,https://teater.aiscr.cz/id/2819,2557,2557 2560 2808 2813 2818,
slovanské bohyně,Slavic goddesses,teater,2820,https://teater.aiscr.cz/id/2820,2557,2557 2560 2808 2813 2818,
slovanští bohové,Slavic gods,teater,2821,https://teater.aiscr.cz/id/2821,2557,2557 2560 2808 2813 2818,
slovanské písmo,Slavic script,teater,2822,https://teater.aiscr.cz/id/2822,2557,2557 2560 2808 2813,
slovanské písemnictví,Slavic literature,teater,2823,https://teater.aiscr.cz/id/2823,2557,2557 2560 2808 2813,
cyrilské nápisy,Cyrillic inscriptions,teater,2824,https://teater.aiscr.cz/id/2824,2557,2557 2560 2808 2813 2823,
hlaholské nápisy,Glagolitic inscriptions,teater,2825,https://teater.aiscr.cz/id/2825,2557,2557 2560 2808 2813 2823,
slovanské jazyky,Slavic languages,teater,2826,https://teater.aiscr.cz/id/2826,2557,2557 2560 2808,
praslovanština,Proto-Slavic,teater,2827,https://teater.aiscr.cz/id/2827,2557,2557 2560 2808 2826,
staroslověnština,"Slavonic, Old Church",teater,2828,https://teater.aiscr.cz/id/2828,2557,2557 2560 2808 2826,
církevní slovanština,Church Slavonic,teater,2829,https://teater.aiscr.cz/id/2829,2557,2557 2560 2808 2826 2828,
slovanská liturgie,Slavic liturgy,teater,2830,https://teater.aiscr.cz/id/2830,2557,2557 2560 2808 2826 2828 2829,
jazykové vlivy (církevněslovanské),language influence of Church Slavic,teater,2831,https://teater.aiscr.cz/id/2831,2557,2557 2560 2808 2826 2828 2829,
překlady do církevní slovanštiny,translations into Church Slavic,teater,2832,https://teater.aiscr.cz/id/2832,2557,2557 2560 2808 2826 2828 2829,
překlady z církevní slovanštiny,translations from Church Slavic,teater,2833,https://teater.aiscr.cz/id/2833,2557,2557 2560 2808 2826 2828 2829,
staroslověnská literatura,Church Slavic literature,teater,2834,https://teater.aiscr.cz/id/2834,2557,2557 2560 2808 2826 2828,
staroslověnské legendy,Church Slavic,teater,2835,https://teater.aiscr.cz/id/2835,2557,2557 2560 2808 2826 2828,
tataři,Tartar,teater,2836,https://teater.aiscr.cz/id/2836,2557,2557 2560,
tatarština,Tatar,teater,2837,https://teater.aiscr.cz/id/2837,2557,2557 2560 2836,
thrákové,Thracians,teater,2838,https://teater.aiscr.cz/id/2838,2557,2557 2560,
thrácká mytologie,Thracian mythology,teater,2839,https://teater.aiscr.cz/id/2839,2557,2557 2560 2838,
thrácké nápisy,Thracian inscriptions,teater,2840,https://teater.aiscr.cz/id/2840,2557,2557 2560 2838,
thrácké umění,Thracian art,teater,2841,https://teater.aiscr.cz/id/2841,2557,2557 2560 2838,
thráčtina,Thracian,teater,2842,https://teater.aiscr.cz/id/2842,2557,2557 2560 2838,
turkické národy,Turkic peoples,teater,2843,https://teater.aiscr.cz/id/2843,2557,2557 2560,
uralské národy,Uralic peoples,teater,2844,https://teater.aiscr.cz/id/2844,2557,2557 2560,
ugrofinové,Finno-Ugrians,teater,2845,https://teater.aiscr.cz/id/2845,2557,2557 2560 2844,
národy (ugrofinové),people (Finno-Ugrians),teater,2846,https://teater.aiscr.cz/id/2846,2557,2557 2560 2844 2845,
estonci,Estonians,teater,2847,https://teater.aiscr.cz/id/2847,2557,2557 2560 2844 2845 2846,
finové,Finns,teater,2848,https://teater.aiscr.cz/id/2848,2557,2557 2560 2844 2845 2846,
chantové,Khanty people,teater,2849,https://teater.aiscr.cz/id/2849,2557,2557 2560 2844 2845 2846,
karelové,Karelians,teater,2850,https://teater.aiscr.cz/id/2850,2557,2557 2560 2844 2845 2846,
komi (etnická skupina),Komi peoples,teater,2851,https://teater.aiscr.cz/id/2851,2557,2557 2560 2844 2845 2846,
laponci,Sami people,teater,2852,https://teater.aiscr.cz/id/2852,2557,2557 2560 2844 2845 2846,
laponská jídla,Lappish cookery,teater,2853,https://teater.aiscr.cz/id/2853,2557,2557 2560 2844 2845 2846 2852,
laponská mytologie,Lappish mythology,teater,2854,https://teater.aiscr.cz/id/2854,2557,2557 2560 2844 2845 2846 2852,
laponské náboženství,Lappish religion,teater,2855,https://teater.aiscr.cz/id/2855,2557,2557 2560 2844 2845 2846 2852,
livonci,Livonian people,teater,2856,https://teater.aiscr.cz/id/2856,2557,2557 2560 2844 2845 2846,
maďaři,Hungarians,teater,2857,https://teater.aiscr.cz/id/2857,2557,2557 2560 2844 2845 2846,
mansové,Mansi people,teater,2858,https://teater.aiscr.cz/id/2858,2557,2557 2560 2844 2845 2846,
marijci,Mari people,teater,2859,https://teater.aiscr.cz/id/2859,2557,2557 2560 2844 2845 2846,
mordvini,Mordvins,teater,2860,https://teater.aiscr.cz/id/2860,2557,2557 2560 2844 2845 2846,
vepsové,Vepsians,teater,2861,https://teater.aiscr.cz/id/2861,2557,2557 2560 2844 2845 2846,
ugrofinské jazyky,Finno-Ugric languages,teater,2862,https://teater.aiscr.cz/id/2862,2557,2557 2560 2844 2845,
estonština,Estonian,teater,2863,https://teater.aiscr.cz/id/2863,2557,2557 2560 2844 2845 2862,
finština,Finnish,teater,2864,https://teater.aiscr.cz/id/2864,2557,2557 2560 2844 2845 2862,
chantyjština,Khanty,teater,2865,https://teater.aiscr.cz/id/2865,2557,2557 2560 2844 2845 2862,
jazyk setu,Seto dialect,teater,2866,https://teater.aiscr.cz/id/2866,2557,2557 2560 2844 2845 2862,
karelština,Karelian,teater,2867,https://teater.aiscr.cz/id/2867,2557,2557 2560 2844 2845 2862,
laponština,Sami languages,teater,2868,https://teater.aiscr.cz/id/2868,2557,2557 2560 2844 2845 2862,
livonština,Livonian,teater,2869,https://teater.aiscr.cz/id/2869,2557,2557 2560 2844 2845 2862,
mansijština,Mansi,teater,2870,https://teater.aiscr.cz/id/2870,2557,2557 2560 2844 2845 2862,
marijština,Mari,teater,2871,https://teater.aiscr.cz/id/2871,2557,2557 2560 2844 2845 2862,
mordvinština,Mordvinic languages,teater,2872,https://teater.aiscr.cz/id/2872,2557,2557 2560 2844 2845 2862,
permština,Permyak,teater,2873,https://teater.aiscr.cz/id/2873,2557,2557 2560 2844 2845 2862,
stará maďarština,old Hungarian language,teater,2874,https://teater.aiscr.cz/id/2874,2557,2557 2560 2844 2845 2862,
vepština,Veps,teater,2875,https://teater.aiscr.cz/id/2875,2557,2557 2560 2844 2845 2862,
votština,Votic,teater,2876,https://teater.aiscr.cz/id/2876,2557,2557 2560 2844 2845 2862,
ugrofinská literatura,Finno-Ugric literature,teater,2877,https://teater.aiscr.cz/id/2877,2557,2557 2560 2844 2845,
karelská literatura,Karelian literature,teater,2878,https://teater.aiscr.cz/id/2878,2557,2557 2560 2844 2845 2877,
karelská poezie,Karelian poetry,teater,2879,https://teater.aiscr.cz/id/2879,2557,2557 2560 2844 2845 2877 2878,
laponská literatura,Lappish literature,teater,2880,https://teater.aiscr.cz/id/2880,2557,2557 2560 2844 2845 2877,
laponské pověsti,Lappish legends,teater,2881,https://teater.aiscr.cz/id/2881,2557,2557 2560 2844 2845 2877 2880,
marijská literatura,Mari literature,teater,2882,https://teater.aiscr.cz/id/2882,2557,2557 2560 2844 2845 2877,
marijská poezie,Mari poetry,teater,2883,https://teater.aiscr.cz/id/2883,2557,2557 2560 2844 2845 2877 2882,
mordvinská literatura,Mordvin literature,teater,2884,https://teater.aiscr.cz/id/2884,2557,2557 2560 2844 2845 2877,
mordvinská poezie,Mordvin poetry,teater,2885,https://teater.aiscr.cz/id/2885,2557,2557 2560 2844 2845 2877 2884,
permská literatura,Permic literature,teater,2886,https://teater.aiscr.cz/id/2886,2557,2557 2560 2844 2845 2877,
uraloaltajské jazyky,Ural-Altaic languages,teater,2887,https://teater.aiscr.cz/id/2887,2557,2557 2560 2844,
uralské jazyky,Uralic languages,teater,2888,https://teater.aiscr.cz/id/2888,2557,2557 2560 2844,
vikingové,Vikings,teater,2889,https://teater.aiscr.cz/id/2889,2557,2557 2560,
normané,Normans,teater,2890,https://teater.aiscr.cz/id/2890,2557,2557 2560 2889,
runy,runes,teater,2891,https://teater.aiscr.cz/id/2891,2557,2557 2560 2889,
runová magie,runic magic,teater,2892,https://teater.aiscr.cz/id/2892,2557,2557 2560 2889 2891,
runové nápisy,runic inscriptions,teater,2893,https://teater.aiscr.cz/id/2893,2557,2557 2560 2889 2891,
severská mytologie,Nordic mythology,teater,2894,https://teater.aiscr.cz/id/2894,2557,2557 2560 2889,
severské náboženství,Nordic religion,teater,2895,https://teater.aiscr.cz/id/2895,2557,2557 2560 2889,
varjagové,Varegians,teater,2896,https://teater.aiscr.cz/id/2896,2557,2557 2560 2889,
vikingské pověsti,Viking legends,teater,2897,https://teater.aiscr.cz/id/2897,2557,2557 2560 2889,
vikingské umění,Viking art,teater,2898,https://teater.aiscr.cz/id/2898,2557,2557 2560 2889,
skaldská poezie,scaldic poetry,teater,2899,https://teater.aiscr.cz/id/2899,2557,2557 2560 2889 2898,
historické oblasti a státní útvary,historical regions and state departments,teater,2900,https://teater.aiscr.cz/id/2900,2557,2557,
alsasko,Alsace,teater,2901,https://teater.aiscr.cz/id/2901,2557,2557 2900,
andalusie,Andalusia,teater,2902,https://teater.aiscr.cz/id/2902,2557,2557 2900,
anglie,England,teater,2903,https://teater.aiscr.cz/id/2903,2557,2557 2900,
aragonie,Aragon,teater,2904,https://teater.aiscr.cz/id/2904,2557,2557 2900,
armagnac,Armagnac,teater,2905,https://teater.aiscr.cz/id/2905,2557,2557 2900,
aquitaine,Aquitaine,teater,2906,https://teater.aiscr.cz/id/2906,2557,2557 2900,
asturie,Asturias,teater,2907,https://teater.aiscr.cz/id/2907,2557,2557 2900,
auvergne,Auvergne,teater,2908,https://teater.aiscr.cz/id/2908,2557,2557 2900,
avarský kaganát,Avar Khaganate,teater,2909,https://teater.aiscr.cz/id/2909,2557,2557 2900,
baltské země,Baltic countries,teater,2910,https://teater.aiscr.cz/id/2910,2557,2557 2900,
bavorsko,Bavaria,teater,2911,https://teater.aiscr.cz/id/2911,2557,2557 2900,
bayreuth (německo : knížectví),Bayreuth (Germany : Fürstentum),teater,2912,https://teater.aiscr.cz/id/2912,2557,2557 2900,
benátsko,Veneto,teater,2913,https://teater.aiscr.cz/id/2913,2557,2557 2900,
brabantsko,Duchy of Brabant,teater,2914,https://teater.aiscr.cz/id/2914,2557,2557 2900,
braniborsko,Brandenburg,teater,2915,https://teater.aiscr.cz/id/2915,2557,2557 2900,
bretaň,Brittany,teater,2916,https://teater.aiscr.cz/id/2916,2557,2557 2900,
británie (provincie),Roman Britain,teater,2917,https://teater.aiscr.cz/id/2917,2557,2557 2900,
brunšvicko,Duchy of Brunswick,teater,2918,https://teater.aiscr.cz/id/2918,2557,2557 2900,
byzanc,Byzantine Empire,teater,2919,https://teater.aiscr.cz/id/2919,2557,2557 2900,
byzantinismus,Byzantinism,teater,2920,https://teater.aiscr.cz/id/2920,2557,2557 2900 2919,
byzantologie,Byzantine studies,teater,2921,https://teater.aiscr.cz/id/2921,2557,2557 2900 2919,
byzantika,Byzantine studies (sources),teater,2922,https://teater.aiscr.cz/id/2922,2557,2557 2900 2919 2921,
byzantolog,byzantologist,teater,2923,https://teater.aiscr.cz/id/2923,2557,2557 2900 2919 2921,
byzantoložka,women byzantologist,teater,2924,https://teater.aiscr.cz/id/2924,2557,2557 2900 2919 2921,
dějiny byzantské literatury,history of Byzantine literature,teater,2925,https://teater.aiscr.cz/id/2925,2557,2557 2900 2919 2921,
byzantská kultura,Byzantine culture,teater,2926,https://teater.aiscr.cz/id/2926,2557,2557 2900 2919,
byzantská filozofie,Byzantine philosophy,teater,2927,https://teater.aiscr.cz/id/2927,2557,2557 2900 2919 2926,
byzantská mytologie,Byzantine mythology,teater,2928,https://teater.aiscr.cz/id/2928,2557,2557 2900 2919 2926,
byzantské právo,Byzantine law,teater,2929,https://teater.aiscr.cz/id/2929,2557,2557 2900 2919 2926,
byzantské umění,Byzantine art,teater,2930,https://teater.aiscr.cz/id/2930,2557,2557 2900 2919 2926,
byzantská architektura,Byzantine architecture,teater,2931,https://teater.aiscr.cz/id/2931,2557,2557 2900 2919 2926 2930,
byzantská hudba,Byzantine music,teater,2932,https://teater.aiscr.cz/id/2932,2557,2557 2900 2919 2926 2930,
byzantská literatura,Byzantine literature,teater,2933,https://teater.aiscr.cz/id/2933,2557,2557 2900 2919 2926 2930,
byzantská poezie,Byzantine poetry,teater,2934,https://teater.aiscr.cz/id/2934,2557,2557 2900 2919 2926 2930 2933,
byzantský epos,Byzantine epos,teater,2935,https://teater.aiscr.cz/id/2935,2557,2557 2900 2919 2926 2930 2933,
byzantský hymnus,Byzantine hymns,teater,2936,https://teater.aiscr.cz/id/2936,2557,2557 2900 2919 2926 2930 2933,
byzantské malířství,Byzantine painting,teater,2937,https://teater.aiscr.cz/id/2937,2557,2557 2900 2919 2926 2930,
byzantský ritus,Byzantine rite,teater,2938,https://teater.aiscr.cz/id/2938,2557,2557 2900 2919 2926,
středověká řečtina,Medieval Greek,teater,2939,https://teater.aiscr.cz/id/2939,2557,2557 2900 2919 2926,
byzantsko-slovanské vztahy,Byzantine-Slavic relations,teater,2940,https://teater.aiscr.cz/id/2940,2557,2557 2900 2919,
černigovské knížectví,Principality of Chernigov,teater,2941,https://teater.aiscr.cz/id/2941,2557,2557 2900,
černá rus,Black Ruthenia,teater,2942,https://teater.aiscr.cz/id/2942,2557,2557 2900,
české knížectví,Duchy of Bohemia,teater,2943,https://teater.aiscr.cz/id/2943,2557,2557 2900,
dácie,Dacia (Dacian kingdom),teater,2944,https://teater.aiscr.cz/id/2944,2557,2557 2900,
dalmácie,Dalmatia,teater,2945,https://teater.aiscr.cz/id/2945,2557,2557 2900,
dauphiné,Dauphiné,teater,2946,https://teater.aiscr.cz/id/2946,2557,2557 2900,
dolní lotrinsko,Lower Lotharingia,teater,2947,https://teater.aiscr.cz/id/2947,2557,2557 2900,
dolní rakousko,Lower Austria,teater,2948,https://teater.aiscr.cz/id/2948,2557,2557 2900,
durynsko,Thuringia,teater,2949,https://teater.aiscr.cz/id/2949,2557,2557 2900,
épeirský despotát,Despotate of Epirus,teater,2950,https://teater.aiscr.cz/id/2950,2557,2557 2900,
epirus,Epirus,teater,2951,https://teater.aiscr.cz/id/2951,2557,2557 2900,
etrurie,Etruria,teater,2952,https://teater.aiscr.cz/id/2952,2557,2557 2900,
falc rýnská,Palatinate,teater,2953,https://teater.aiscr.cz/id/2953,2557,2557 2900,
flandry,County of Flanders,teater,2954,https://teater.aiscr.cz/id/2954,2557,2557 2900,
franky,Franconia,teater,2955,https://teater.aiscr.cz/id/2955,2557,2557 2900,
franská říše,Francia,teater,2956,https://teater.aiscr.cz/id/2956,2557,2557 2900,
karolinská říše,Carolingian Empire,teater,2957,https://teater.aiscr.cz/id/2957,2557,2557 2900 2956,
karolinská renesance,Carolingian Renaissance,teater,2958,https://teater.aiscr.cz/id/2958,2557,2557 2900 2956 2957,
karolinské písmo,Caroline minuscule,teater,2959,https://teater.aiscr.cz/id/2959,2557,2557 2900 2956 2957,
karolinské umění,Carolingian art,teater,2960,https://teater.aiscr.cz/id/2960,2557,2557 2900 2956 2957,
merovejská kultura,Merovingian culture,teater,2961,https://teater.aiscr.cz/id/2961,2557,2557 2900 2956,
východofranská říše,East Francia,teater,2962,https://teater.aiscr.cz/id/2962,2557,2557 2900 2956,
západofranská říše,West Francia,teater,2963,https://teater.aiscr.cz/id/2963,2557,2557 2900 2956,
frísko,Friesland,teater,2964,https://teater.aiscr.cz/id/2964,2557,2557 2900,
furlandsko,Friuli,teater,2965,https://teater.aiscr.cz/id/2965,2557,2557 2900,
galicie,Galicia,teater,2966,https://teater.aiscr.cz/id/2966,2557,2557 2900,
galie,Gaul,teater,2967,https://teater.aiscr.cz/id/2967,2557,2557 2900,
gaskoňsko,Gascony,teater,2968,https://teater.aiscr.cz/id/2968,2557,2557 2900,
germánie,Germania,teater,2969,https://teater.aiscr.cz/id/2969,2557,2557 2900,
gorice a gradiška,Gorizia and Gradisca,teater,2970,https://teater.aiscr.cz/id/2970,2557,2557 2900,
granada,Granada,teater,2971,https://teater.aiscr.cz/id/2971,2557,2557 2900,
halič,Galicia,teater,2972,https://teater.aiscr.cz/id/2972,2557,2557 2900,
haličsko-volyňské knížectví,Kingdom of Galicia–Volhynia,teater,2973,https://teater.aiscr.cz/id/2973,2557,2557 2900,
hedvábná cesta (obchodní stezka),Silk Road,teater,2974,https://teater.aiscr.cz/id/2974,2557,2557 2900,
hesensko,Hesse,teater,2975,https://teater.aiscr.cz/id/2975,2557,2557 2900,
hispánie,Hispania,teater,2976,https://teater.aiscr.cz/id/2976,2557,2557 2900,
holštýnsko,Holstein,teater,2977,https://teater.aiscr.cz/id/2977,2557,2557 2900,
horní falc,Upper Palatinate,teater,2978,https://teater.aiscr.cz/id/2978,2557,2557 2900,
horní rakousko,Upper Austria,teater,2979,https://teater.aiscr.cz/id/2979,2557,2557 2900,
hunská říše,Hunnic Empire,teater,2980,https://teater.aiscr.cz/id/2980,2557,2557 2900,
champagne,Champagne,teater,2981,https://teater.aiscr.cz/id/2981,2557,2557 2900,
chazarská říše,Khazaria,teater,2982,https://teater.aiscr.cz/id/2982,2557,2557 2900,
ilýrie,Illyria,teater,2983,https://teater.aiscr.cz/id/2983,2557,2557 2900,
ilyrské provincie,Illyrian Provinces,teater,2984,https://teater.aiscr.cz/id/2984,2557,2557 2900,
jantarová stezka (obchodní stezka),Amber Road,teater,2985,https://teater.aiscr.cz/id/2985,2557,2557 2900,
jutský poloostrov,Jutland Peninsula,teater,2986,https://teater.aiscr.cz/id/2986,2557,2557 2900,
kastilie,Castile,teater,2987,https://teater.aiscr.cz/id/2987,2557,2557 2900,
katalánsko,Catalonia,teater,2988,https://teater.aiscr.cz/id/2988,2557,2557 2900,
korutanské vévodství,Duchy of Carinthia,teater,2989,https://teater.aiscr.cz/id/2989,2557,2557 2900,
království obojí sicílie,Kingdom of the Two Sicilies,teater,2990,https://teater.aiscr.cz/id/2990,2557,2557 2900,
kraňské vévodství,Duchy of Carniola,teater,2991,https://teater.aiscr.cz/id/2991,2557,2557 2900,
kraňsko,Carniola,teater,2992,https://teater.aiscr.cz/id/2992,2557,2557 2900,
kujavsko,Kujawy,teater,2993,https://teater.aiscr.cz/id/2993,2557,2557 2900,
kuronsko,Courland,teater,2994,https://teater.aiscr.cz/id/2994,2557,2557 2900,
kyjevská rus,Kievan Rus',teater,2995,https://teater.aiscr.cz/id/2995,2557,2557 2900,
león,León,teater,2996,https://teater.aiscr.cz/id/2996,2557,2557 2900,
liguríe,Liguria,teater,2997,https://teater.aiscr.cz/id/2997,2557,2557 2900,
litevské velkoknížectví,Grand Duchy of Lithuania,teater,2998,https://teater.aiscr.cz/id/2998,2557,2557 2900,
livonsko,Livonia,teater,2999,https://teater.aiscr.cz/id/2999,2557,2557 2900,
lombardie,Lombardy,teater,3000,https://teater.aiscr.cz/id/3000,2557,2557 2900,
lužice,Lusatia,teater,3001,https://teater.aiscr.cz/id/3001,2557,2557 2900,
makedonie,Makedonien,teater,3002,https://teater.aiscr.cz/id/3002,2557,2557 2900,
malá litva,Lithuania Minor,teater,3003,https://teater.aiscr.cz/id/3003,2557,2557 2900,
malopolsko,Lesser Poland,teater,3004,https://teater.aiscr.cz/id/3004,2557,2557 2900,
mazovsko,Mazovia,teater,3005,https://teater.aiscr.cz/id/3005,2557,2557 2900,
míšeňsko (německo : markrabství),Margraviate of Meissen,teater,3006,https://teater.aiscr.cz/id/3006,2557,2557 2900,
moesie,Moesia,teater,3007,https://teater.aiscr.cz/id/3007,2557,2557 2900,
moldávie (historické území),Moldavia,teater,3008,https://teater.aiscr.cz/id/3008,2557,2557 2900,
navarra,Navarra,teater,3009,https://teater.aiscr.cz/id/3009,2557,2557 2900,
neapolsko (království),Kingdom of Naples,teater,3010,https://teater.aiscr.cz/id/3010,2557,2557 2900,
noricum,Noricum,teater,3011,https://teater.aiscr.cz/id/3011,2557,2557 2900,
normandie,Normandy,teater,3012,https://teater.aiscr.cz/id/3012,2557,2557 2900,
northumbrie,Kingdom of Northumbria,teater,3013,https://teater.aiscr.cz/id/3013,2557,2557 2900,
panonie,Pannonia,teater,3014,https://teater.aiscr.cz/id/3014,2557,2557 2900,
papežský stát,papal states,teater,3015,https://teater.aiscr.cz/id/3015,2557,2557 2900,
podolí,Podolia,teater,3016,https://teater.aiscr.cz/id/3016,2557,2557 2900,
polesí,Polesia,teater,3017,https://teater.aiscr.cz/id/3017,2557,2557 2900,
polocké knížectví,Principality of Polotsk,teater,3018,https://teater.aiscr.cz/id/3018,2557,2557 2900,
pomořansko,Pomerania,teater,3019,https://teater.aiscr.cz/id/3019,2557,2557 2900,
povolžské bulharsko,Volga Bulgaria,teater,3020,https://teater.aiscr.cz/id/3020,2557,2557 2900,
provence,Provence,teater,3021,https://teater.aiscr.cz/id/3021,2557,2557 2900,
prusko,Prussia,teater,3022,https://teater.aiscr.cz/id/3022,2557,2557 2900,
prusy knížecí,Duchy of Prussia,teater,3023,https://teater.aiscr.cz/id/3023,2557,2557 2900,
prusy královské,West Prussia,teater,3024,https://teater.aiscr.cz/id/3024,2557,2557 2900,
raetie,Raetia,teater,3025,https://teater.aiscr.cz/id/3025,2557,2557 2900,
rakousko (1867-1918),Cisleithania,teater,3026,https://teater.aiscr.cz/id/3026,2557,2557 2900,
salcbursko,Salzburg,teater,3027,https://teater.aiscr.cz/id/3027,2557,2557 2900,
saská vévodství,Saxon duchies,teater,3028,https://teater.aiscr.cz/id/3028,2557,2557 2900,
sasko (německo),Duchy of Saxony,teater,3029,https://teater.aiscr.cz/id/3029,2557,2557 2900,
savojsko,Savoy,teater,3030,https://teater.aiscr.cz/id/3030,2557,2557 2900,
sedmihradsko,Transylvania,teater,3031,https://teater.aiscr.cz/id/3031,2557,2557 2900,
skandinávie,Scandinavia,teater,3032,https://teater.aiscr.cz/id/3032,2557,2557 2900,
slavonie,Slavonia,teater,3033,https://teater.aiscr.cz/id/3033,2557,2557 2900,
slezsko,Silesia,teater,3034,https://teater.aiscr.cz/id/3034,2557,2557 2900,
brežské knížectví,Duchy of Brzeg,teater,3035,https://teater.aiscr.cz/id/3035,2557,2557 2900 3034,
dolní slezsko,Lower Silesia,teater,3036,https://teater.aiscr.cz/id/3036,2557,2557 2900 3034,
hlučínsko,Hlučín Region,teater,3037,https://teater.aiscr.cz/id/3037,2557,2557 2900 3034,
horní slezsko,Upper Silesia,teater,3038,https://teater.aiscr.cz/id/3038,2557,2557 2900 3034,
javorské knížectví,Duchy of Jawor,teater,3039,https://teater.aiscr.cz/id/3039,2557,2557 2900 3034,
lehnické knížectví,Duchy of Legnica,teater,3040,https://teater.aiscr.cz/id/3040,2557,2557 2900 3034,
minsterberské knížectví,Duchy of Münsterberg,teater,3041,https://teater.aiscr.cz/id/3041,2557,2557 2900 3034,
niské knížectví,Duchy of Nysa,teater,3042,https://teater.aiscr.cz/id/3042,2557,2557 2900 3034,
olešnické knížectví,Duchy of Oels,teater,3043,https://teater.aiscr.cz/id/3043,2557,2557 2900 3034,
opavské knížectví,Duchy of Troppau,teater,3044,https://teater.aiscr.cz/id/3044,2557,2557 2900 3034,
opavské slezsko,Opavian Silesia,teater,3045,https://teater.aiscr.cz/id/3045,2557,2557 2900 3034,
slezská knížectví,Duchies of Silesia,teater,3046,https://teater.aiscr.cz/id/3046,2557,2557 2900 3034,
slezsko (česko),Silesia (Czechia),teater,3047,https://teater.aiscr.cz/id/3047,2557,2557 2900 3034,
slezsko (polsko),Silesia (Poland),teater,3048,https://teater.aiscr.cz/id/3048,2557,2557 2900 3034,
svídnické knížectví,Duchy of Jawor-Świdnica,teater,3049,https://teater.aiscr.cz/id/3049,2557,2557 2900 3034,
těšínské slezsko,Cieszyn Silesia,teater,3050,https://teater.aiscr.cz/id/3050,2557,2557 2900 3034,
volovské knížectví,Duchy of Wołów,teater,3051,https://teater.aiscr.cz/id/3051,2557,2557 2900 3034,
skotsko,Scotland,teater,3052,https://teater.aiscr.cz/id/3052,2557,2557 2900,
spiš,Spiš,teater,3053,https://teater.aiscr.cz/id/3053,2557,2557 2900,
spojené království nizozemské (1815-1830/1839),United Kingdom of the Netherlands,teater,3054,https://teater.aiscr.cz/id/3054,2557,2557 2900,
svatá říše římská,Holy Roman Empire,teater,3055,https://teater.aiscr.cz/id/3055,2557,2557 2900,
otonská architektura,Ottonian architecture,teater,3056,https://teater.aiscr.cz/id/3056,2557,2557 2900 3055,
otonské umění,Ottonian art,teater,3057,https://teater.aiscr.cz/id/3057,2557,2557 2900 3055,
šlesvicko,Duchy of Schleswig,teater,3058,https://teater.aiscr.cz/id/3058,2557,2557 2900,
štýrsko,Styria,teater,3059,https://teater.aiscr.cz/id/3059,2557,2557 2900,
švábsko,Swabia,teater,3060,https://teater.aiscr.cz/id/3060,2557,2557 2900,
thrácké moře,Thracian Sea,teater,3061,https://teater.aiscr.cz/id/3061,2557,2557 2900,
thrákie,Thrace,teater,3062,https://teater.aiscr.cz/id/3062,2557,2557 2900,
tyrolsko,Tyrol,teater,3063,https://teater.aiscr.cz/id/3063,2557,2557 2900,
uhersko (1867-1918),Transleithania,teater,3064,https://teater.aiscr.cz/id/3064,2557,2557 2900,
valašsko,Wallachia,teater,3065,https://teater.aiscr.cz/id/3065,2557,2557 2900,
velkomoravská říše,Great Moravia,teater,3066,https://teater.aiscr.cz/id/3066,2557,2557 2900,
velkopolsko,Greater Poland,teater,3067,https://teater.aiscr.cz/id/3067,2557,2557 2900,
vitorazsko,Weitra,teater,3068,https://teater.aiscr.cz/id/3068,2557,2557 2900,
wales,Wales,teater,3069,https://teater.aiscr.cz/id/3069,2557,2557 2900,
wessex,Kingdom of Wessex,teater,3070,https://teater.aiscr.cz/id/3070,2557,2557 2900,
země koruny české,Lands of the Bohemian Crown,teater,3071,https://teater.aiscr.cz/id/3071,2557,2557 2900,
české království,Kingdom of Bohemia,teater,3072,https://teater.aiscr.cz/id/3072,2557,2557 2900 3071,
moravské markrabství,Margraviate of Moravia,teater,3073,https://teater.aiscr.cz/id/3073,2557,2557 2900 3071,
zlatá horda,Golden Horde,teater,3074,https://teater.aiscr.cz/id/3074,2557,2557 2900,
žemaitija,Samogitia,teater,3075,https://teater.aiscr.cz/id/3075,2557,2557 2900,
panovnické dynastie z prostoru středovýchodní evropy,ruling dynasties from East-Central Europe,teater,3076,https://teater.aiscr.cz/id/3076,2557,2557,
anjouovci,Angevin,teater,3077,https://teater.aiscr.cz/id/3077,2557,2557 3076,
arpádovci,Árpád dynasty,teater,3078,https://teater.aiscr.cz/id/3078,2557,2557 3076,
habsburkové,House of Habsburg,teater,3079,https://teater.aiscr.cz/id/3079,2557,2557 3076,
jagellonci,Jagiellonian dynasty,teater,3080,https://teater.aiscr.cz/id/3080,2557,2557 3076,
karlovci,Carolingian dynasty,teater,3081,https://teater.aiscr.cz/id/3081,2557,2557 3076,
liudolfovci,Ottonian dynasty,teater,3082,https://teater.aiscr.cz/id/3082,2557,2557 3076,
lucemburkové,House of Luxembourg,teater,3083,https://teater.aiscr.cz/id/3083,2557,2557 3076,
merovejci,Merovingian dynasty,teater,3084,https://teater.aiscr.cz/id/3084,2557,2557 3076,
mojmírovci,House of Mojmír,teater,3085,https://teater.aiscr.cz/id/3085,2557,2557 3076,
piastovci,Piast dynasty,teater,3086,https://teater.aiscr.cz/id/3086,2557,2557 3076,
přemyslovci,Přemyslid dynasty,teater,3087,https://teater.aiscr.cz/id/3087,2557,2557 3076,
slavníkovci,Slavník dynasty,teater,3088,https://teater.aiscr.cz/id/3088,2557,2557 3076,
štaufové,House of Hohenstaufen,teater,3089,https://teater.aiscr.cz/id/3089,2557,2557 3076,
wittelsbach,House of Wittelsbach,teater,3090,https://teater.aiscr.cz/id/3090,2557,2557 3076,
války,wars,teater,3091,https://teater.aiscr.cz/id/3091,2557,2557,
galské války (58-51 př. kr.),Gallic War,teater,3092,https://teater.aiscr.cz/id/3092,2557,2557 3091,
"markomanské války, 166-180",Marcomannic Wars,teater,3093,https://teater.aiscr.cz/id/3093,2557,2557 3091,
11) povolání a pracovní činnosti,11) Professions and work activities,teater,3094,https://teater.aiscr.cz/id/3094,3094,,
kult,cult,teater,3095,https://teater.aiscr.cz/id/3095,3094,3094,
arcibiskup,archbishop,teater,3096,https://teater.aiscr.cz/id/3096,3094,3094 3095,
biskup,bishop,teater,3097,https://teater.aiscr.cz/id/3097,3094,3094 3095,
farář,priest,teater,3098,https://teater.aiscr.cz/id/3098,3094,3094 3095,
farářka,woman priest,teater,3099,https://teater.aiscr.cz/id/3099,3094,3094 3095,
kanovník,canon,teater,3100,https://teater.aiscr.cz/id/3100,3094,3094 3095,
kardinál,cardinal,teater,3101,https://teater.aiscr.cz/id/3101,3094,3094 3095,
kněz,priest,teater,3102,https://teater.aiscr.cz/id/3102,3094,3094 3095,
bráhman,Brahman,teater,3103,https://teater.aiscr.cz/id/3103,3094,3094 3095 3102,
druid,druid,teater,3104,https://teater.aiscr.cz/id/3104,3094,3094 3095 3102,
křesťanský kněz,Christian priest,teater,3105,https://teater.aiscr.cz/id/3105,3094,3094 3095 3102,
evangelický duchovní,Evangelical minister,teater,3106,https://teater.aiscr.cz/id/3106,3094,3094 3095 3102 3105,
katolický kněz,Catholic priest,teater,3107,https://teater.aiscr.cz/id/3107,3094,3094 3095 3102 3105,
pravoslavný kněz,Orthodox priest,teater,3108,https://teater.aiscr.cz/id/3108,3094,3094 3095 3102 3105,
řeckokatolický kněz,Greek Catholic priest,teater,3109,https://teater.aiscr.cz/id/3109,3094,3094 3095 3102 3105,
starokatolický kněz,Old Catholic priest,teater,3110,https://teater.aiscr.cz/id/3110,3094,3094 3095 3102 3105,
židovský kněz,Jewish priest,teater,3111,https://teater.aiscr.cz/id/3111,3094,3094 3095 3102,
kněžka,priestess,teater,3112,https://teater.aiscr.cz/id/3112,3094,3094 3095,
vestálka,vestal virgin,teater,3113,https://teater.aiscr.cz/id/3113,3094,3094 3095 3112,
křesťanská misionářka,Christian women missionary,teater,3114,https://teater.aiscr.cz/id/3114,3094,3094 3095,
křesťanský misionář,Christian missionary,teater,3115,https://teater.aiscr.cz/id/3115,3094,3094 3095,
legát,Legat,teater,3116,https://teater.aiscr.cz/id/3116,3094,3094 3095,
mnišský řád,monkish order,teater,3117,https://teater.aiscr.cz/id/3117,3094,3094 3095,
abatyše,abbess,teater,3118,https://teater.aiscr.cz/id/3118,3094,3094 3095 3117,
mnich,monk,teater,3119,https://teater.aiscr.cz/id/3119,3094,3094 3095 3117,
mniška,nun (mniška/Nonne),teater,3120,https://teater.aiscr.cz/id/3120,3094,3094 3095 3117,
opat,abbot,teater,3121,https://teater.aiscr.cz/id/3121,3094,3094 3095 3117,
papež,pope,teater,3122,https://teater.aiscr.cz/id/3122,3094,3094 3095,
patriarcha,patriarch,teater,3123,https://teater.aiscr.cz/id/3123,3094,3094 3095,
poustevnice,anchoress,teater,3124,https://teater.aiscr.cz/id/3124,3094,3094 3095,
poustevník,hermit,teater,3125,https://teater.aiscr.cz/id/3125,3094,3094 3095,
kamaldulové,Camaldolese,teater,3126,https://teater.aiscr.cz/id/3126,3094,3094 3095 3125,
starčestvo,starchestvo,teater,3127,https://teater.aiscr.cz/id/3127,3094,3094 3095 3125,
starec,starets,teater,3128,https://teater.aiscr.cz/id/3128,3094,3094 3095 3125 3127,
prelát,prelate,teater,3129,https://teater.aiscr.cz/id/3129,3094,3094 3095,
probošt,provost,teater,3130,https://teater.aiscr.cz/id/3130,3094,3094 3095,
řeholní kanovník,regular canon,teater,3131,https://teater.aiscr.cz/id/3131,3094,3094 3095,
řeholní řád,monastic order,teater,3132,https://teater.aiscr.cz/id/3132,3094,3094 3095,
funkce řádů,function of the orders,teater,3133,https://teater.aiscr.cz/id/3133,3094,3094 3095 3132,
nemocniční řeholní řád,hospitaler order,teater,3134,https://teater.aiscr.cz/id/3134,3094,3094 3095 3132 3133,
rytířský řeholní řád,order of knighthood and chivalry,teater,3135,https://teater.aiscr.cz/id/3135,3094,3094 3095 3132 3133,
žebravý řád,mendicant order,teater,3136,https://teater.aiscr.cz/id/3136,3094,3094 3095 3132 3133,
mužský řeholní řád,male monastic order,teater,3137,https://teater.aiscr.cz/id/3137,3094,3094 3095 3132,
augustiniáni,Augustinians,teater,3138,https://teater.aiscr.cz/id/3138,3094,3094 3095 3132 3137,
augustiniáni kanovníci,Augustinian Canons,teater,3139,https://teater.aiscr.cz/id/3139,3094,3094 3095 3132 3137,
benediktini,Benedictines,teater,3140,https://teater.aiscr.cz/id/3140,3094,3094 3095 3132 3137,
bosí augustiniáni,Discalced Augustinians,teater,3141,https://teater.aiscr.cz/id/3141,3094,3094 3095 3132 3137,
bosí karmelitáni,Discalced Carmelite,teater,3142,https://teater.aiscr.cz/id/3142,3094,3094 3095 3132 3137,
cisterciáci,Cistercians,teater,3143,https://teater.aiscr.cz/id/3143,3094,3094 3095 3132 3137,
dominikáni,Dominicans,teater,3144,https://teater.aiscr.cz/id/3144,3094,3094 3095 3132 3137,
františkáni,Franciscans,teater,3145,https://teater.aiscr.cz/id/3145,3094,3094 3095 3132 3137,
gilbertini,Gilbertines,teater,3146,https://teater.aiscr.cz/id/3146,3094,3094 3095 3132 3137,
hyberni,Irish Franciscans,teater,3147,https://teater.aiscr.cz/id/3147,3094,3094 3095 3132 3137,
jeruzalémští bratři,Teutonic Knights,teater,3148,https://teater.aiscr.cz/id/3148,3094,3094 3095 3132 3137,
jezuité,Jesuits,teater,3149,https://teater.aiscr.cz/id/3149,3094,3094 3095 3132 3137,
karmelitáni,Carmelites,teater,3150,https://teater.aiscr.cz/id/3150,3094,3094 3095 3132 3137,
křížovníci s červenou hvězdou,Knights of the Cross with the Red Star,teater,3151,https://teater.aiscr.cz/id/3151,3094,3094 3095 3132 3137,
křížovníci s červeným křížem,Knights of the Cross with the Red Cross,teater,3152,https://teater.aiscr.cz/id/3152,3094,3094 3095 3132 3137,
křížovníci s červeným srdcem,Knights of the Cross with the Red Heart,teater,3153,https://teater.aiscr.cz/id/3153,3094,3094 3095 3132 3137,
lazariáni,Lazarians,teater,3154,https://teater.aiscr.cz/id/3154,3094,3094 3095 3132 3137,
maltézští rytíři,Knights of Malta,teater,3155,https://teater.aiscr.cz/id/3155,3094,3094 3095 3132 3137,
mečoví rytíři,Knights of the swords,teater,3156,https://teater.aiscr.cz/id/3156,3094,3094 3095 3132 3137,
milosrdní bratři,Brothers Hospitallers,teater,3157,https://teater.aiscr.cz/id/3157,3094,3094 3095 3132 3137,
minorité,Minoriten,teater,3158,https://teater.aiscr.cz/id/3158,3094,3094 3095 3132 3137,
pauláni,Paulaner,teater,3159,https://teater.aiscr.cz/id/3159,3094,3094 3095 3132 3137,
premonstráti,Premonstratensians,teater,3160,https://teater.aiscr.cz/id/3160,3094,3094 3095 3132 3137,
servité,Servites,teater,3161,https://teater.aiscr.cz/id/3161,3094,3094 3095 3132 3137,
templáři,Templars,teater,3162,https://teater.aiscr.cz/id/3162,3094,3094 3095 3132 3137,
trapisté,Trappists,teater,3163,https://teater.aiscr.cz/id/3163,3094,3094 3095 3132 3137,
řeholnice,nun (řeholnice/Ordensschwester),teater,3164,https://teater.aiscr.cz/id/3164,3094,3094 3095 3132,
řeholník,votarist,teater,3165,https://teater.aiscr.cz/id/3165,3094,3094 3095 3132,
ženský řeholní řád,female monastic order,teater,3166,https://teater.aiscr.cz/id/3166,3094,3094 3095 3132,
alžbětinky,Sisters of Charity of St. Elizabeth,teater,3167,https://teater.aiscr.cz/id/3167,3094,3094 3095 3132 3166,
augustiniánky,Augustinian nuns,teater,3168,https://teater.aiscr.cz/id/3168,3094,3094 3095 3132 3166,
benediktinky,Benedictine nuns,teater,3169,https://teater.aiscr.cz/id/3169,3094,3094 3095 3132 3166,
boromejky,St. Charles Borromeo Sisters,teater,3170,https://teater.aiscr.cz/id/3170,3094,3094 3095 3132 3166,
brigitinky,Bridgettine nuns,teater,3171,https://teater.aiscr.cz/id/3171,3094,3094 3095 3132 3166,
cisterciačky,Cistercian nuns,teater,3172,https://teater.aiscr.cz/id/3172,3094,3094 3095 3132 3166,
dominikánky,Dominican nuns,teater,3173,https://teater.aiscr.cz/id/3173,3094,3094 3095 3132 3166,
jeruzalémské sestry,Sisters of The Teutonic order,teater,3174,https://teater.aiscr.cz/id/3174,3094,3094 3095 3132 3166,
karmelitky,Carmelite nuns,teater,3175,https://teater.aiscr.cz/id/3175,3094,3094 3095 3132 3166,
klaristky,Clares,teater,3176,https://teater.aiscr.cz/id/3176,3094,3094 3095 3132 3166,
klaristky kapucínky,Poor Clares,teater,3177,https://teater.aiscr.cz/id/3177,3094,3094 3095 3132 3166,
premonstrátky,Premonstratensian nuns,teater,3178,https://teater.aiscr.cz/id/3178,3094,3094 3095 3132 3166,
trapistky,Trappist nuns,teater,3179,https://teater.aiscr.cz/id/3179,3094,3094 3095 3132 3166,
vizitantky,Visitation nuns,teater,3180,https://teater.aiscr.cz/id/3180,3094,3094 3095 3132 3166,
voršilky,Ursulines,teater,3181,https://teater.aiscr.cz/id/3181,3094,3094 3095 3132 3166,
obchod,trade,teater,3182,https://teater.aiscr.cz/id/3182,3094,3094,
dálkový obchod,long-distance trade,teater,3183,https://teater.aiscr.cz/id/3183,3094,3094 3182,
dějiny obchodu,history of comerce,teater,3184,https://teater.aiscr.cz/id/3184,3094,3094 3182,
mýtné,toll,teater,3185,https://teater.aiscr.cz/id/3185,3094,3094 3182,
námořní obchod,maritime commerce,teater,3186,https://teater.aiscr.cz/id/3186,3094,3094 3182,
obchodní společnost,trade association,teater,3187,https://teater.aiscr.cz/id/3187,3094,3094 3182,
obchodní stezka,trade route,teater,3188,https://teater.aiscr.cz/id/3188,3094,3094 3182,
obchodní vztahy,trade relations,teater,3189,https://teater.aiscr.cz/id/3189,3094,3094 3182,
obchodnice,merchantwoman,teater,3190,https://teater.aiscr.cz/id/3190,3094,3094 3182,
obchodník,merchant,teater,3191,https://teater.aiscr.cz/id/3191,3094,3094 3182,
povozník,carter,teater,3192,https://teater.aiscr.cz/id/3192,3094,3094 3182,
vodní doprava,water transport,teater,3193,https://teater.aiscr.cz/id/3193,3094,3094 3182,
námořní doprava,maritime transport,teater,3194,https://teater.aiscr.cz/id/3194,3094,3094 3182 3193,
říční doprava,river transport,teater,3195,https://teater.aiscr.cz/id/3195,3094,3094 3182 3193,
"pěstování plodin, chov a lov","crop production, breeding and hunting",teater,3196,https://teater.aiscr.cz/id/3196,3094,3094,
lesní hospodářství,forest management,teater,3197,https://teater.aiscr.cz/id/3197,3094,3094 3196,
lovectví,hunting,teater,3198,https://teater.aiscr.cz/id/3198,3094,3094 3196,
lov ptáků,bird catching,teater,3199,https://teater.aiscr.cz/id/3199,3094,3094 3196 3198,
ptáčnictví,bird catching,teater,3200,https://teater.aiscr.cz/id/3200,3094,3094 3196 3198 3199,
ptáčník,bird catcher,teater,3201,https://teater.aiscr.cz/id/3201,3094,3094 3196 3198 3199 3200,
lov zvěře,animal hunting,teater,3202,https://teater.aiscr.cz/id/3202,3094,3094 3196 3198,
lovec,hunter,teater,3203,https://teater.aiscr.cz/id/3203,3094,3094 3196 3198,
myslivost,game management,teater,3204,https://teater.aiscr.cz/id/3204,3094,3094 3196 3198,
dějiny myslivosti,history of game management,teater,3205,https://teater.aiscr.cz/id/3205,3094,3094 3196 3198 3204,
myslivec,gamekeeper,teater,3206,https://teater.aiscr.cz/id/3206,3094,3094 3196 3198 3204,
rybolov,fishing,teater,3207,https://teater.aiscr.cz/id/3207,3094,3094 3196 3198,
sokolnictví,falconry,teater,3208,https://teater.aiscr.cz/id/3208,3094,3094 3196 3198,
pastevectví,pastoralism,teater,3209,https://teater.aiscr.cz/id/3209,3094,3094 3196,
kočovník,nomad,teater,3210,https://teater.aiscr.cz/id/3210,3094,3094 3196 3209,
pastevec,herdsmen,teater,3211,https://teater.aiscr.cz/id/3211,3094,3094 3196 3209,
pastevní chov,grazing,teater,3212,https://teater.aiscr.cz/id/3212,3094,3094 3196 3209,
rostlinná výroba,crop production,teater,3213,https://teater.aiscr.cz/id/3213,3094,3094 3196,
zemědělství,farming,teater,3214,https://teater.aiscr.cz/id/3214,3094,3094 3196,
dějiny zemědělství,history of agriculture,teater,3215,https://teater.aiscr.cz/id/3215,3094,3094 3196 3214,
extenzivní zemědělství,extensive agriculture,teater,3216,https://teater.aiscr.cz/id/3216,3094,3094 3196 3214,
orba,plowing,teater,3217,https://teater.aiscr.cz/id/3217,3094,3094 3196 3214,
tažná zvířata,draught animals,teater,3218,https://teater.aiscr.cz/id/3218,3094,3094 3196 3214,
trojpolní systém hospodaření,open field system,teater,3219,https://teater.aiscr.cz/id/3219,3094,3094 3196 3214,
úhor,fallow land,teater,3220,https://teater.aiscr.cz/id/3220,3094,3094 3196 3214,
zemědělec,agriculturist,teater,3221,https://teater.aiscr.cz/id/3221,3094,3094 3196 3214,
zemědělská půda,agricultural land,teater,3222,https://teater.aiscr.cz/id/3222,3094,3094 3196 3214,
orná půda,arable land,teater,3223,https://teater.aiscr.cz/id/3223,3094,3094 3196 3214 3222,
zemědělská výroba,agricultural production,teater,3224,https://teater.aiscr.cz/id/3224,3094,3094 3196 3214,
žárové zemědělství,slash and burn agriculture,teater,3225,https://teater.aiscr.cz/id/3225,3094,3094 3196 3214,
živočišná výroba,animal husbandry,teater,3226,https://teater.aiscr.cz/id/3226,3094,3094 3196,
chov domácích zvířat,animal husbandry,teater,3227,https://teater.aiscr.cz/id/3227,3094,3094 3196 3226,
drůbež,poultry,teater,3228,https://teater.aiscr.cz/id/3228,3094,3094 3196 3226 3227,
kůň,horse,teater,3229,https://teater.aiscr.cz/id/3229,3094,3094 3196 3226 3227,
koza,goat,teater,3230,https://teater.aiscr.cz/id/3230,3094,3094 3196 3226 3227,
ovce,sheep,teater,3231,https://teater.aiscr.cz/id/3231,3094,3094 3196 3226 3227,
prase,pig,teater,3232,https://teater.aiscr.cz/id/3232,3094,3094 3196 3226 3227,
skot,cattle,teater,3233,https://teater.aiscr.cz/id/3233,3094,3094 3196 3226 3227,
řemeslná práce,craftsmanship,teater,3234,https://teater.aiscr.cz/id/3234,3094,3094,
cech,guild,teater,3235,https://teater.aiscr.cz/id/3235,3094,3094 3234,
cechovní znak,guild coats of arms,teater,3236,https://teater.aiscr.cz/id/3236,3094,3094 3234 3235,
dějiny řemesel,history of handicrafts,teater,3237,https://teater.aiscr.cz/id/3237,3094,3094 3234,
řemeslo,craft,teater,3238,https://teater.aiscr.cz/id/3238,3094,3094 3234,
bednářství,coopering,teater,3239,https://teater.aiscr.cz/id/3239,3094,3094 3234 3238,
bednář,cooper,teater,3240,https://teater.aiscr.cz/id/3240,3094,3094 3234 3238 3239,
brašnářství,bagmaking,teater,3241,https://teater.aiscr.cz/id/3241,3094,3094 3234 3238,
cihlářství,brickmaking,teater,3242,https://teater.aiscr.cz/id/3242,3094,3094 3234 3238,
cihlář,brickmaker,teater,3243,https://teater.aiscr.cz/id/3243,3094,3094 3234 3238 3242,
cínařství,tinsmithing,teater,3244,https://teater.aiscr.cz/id/3244,3094,3094 3234 3238,
cínař,tinsmith,teater,3245,https://teater.aiscr.cz/id/3245,3094,3094 3234 3238 3244,
cizelérství,chasing (metalworking),teater,3246,https://teater.aiscr.cz/id/3246,3094,3094 3234 3238,
cízelér,chaser,teater,3247,https://teater.aiscr.cz/id/3247,3094,3094 3234 3238 3246,
čalounictví,upholstery,teater,3248,https://teater.aiscr.cz/id/3248,3094,3094 3234 3238,
čalouník,upholsterer,teater,3249,https://teater.aiscr.cz/id/3249,3094,3094 3234 3238 3248,
dlaždičské práce,pavements,teater,3250,https://teater.aiscr.cz/id/3250,3094,3094 3234 3238,
dlaždič,tile maker,teater,3251,https://teater.aiscr.cz/id/3251,3094,3094 3234 3238 3250,
drátenictví,tinkers trade,teater,3252,https://teater.aiscr.cz/id/3252,3094,3094 3234 3238,
dráteník,tinker,teater,3253,https://teater.aiscr.cz/id/3253,3094,3094 3234 3238 3252,
drátník,wire drawer,teater,3254,https://teater.aiscr.cz/id/3254,3094,3094 3234 3238 3252,
draslářství,potash production,teater,3255,https://teater.aiscr.cz/id/3255,3094,3094 3234 3238,
draslář,Ash burner,teater,3256,https://teater.aiscr.cz/id/3256,3094,3094 3234 3238 3255,
drožďařství,yeast industry,teater,3257,https://teater.aiscr.cz/id/3257,3094,3094 3234 3238,
hodinářství,watch making,teater,3258,https://teater.aiscr.cz/id/3258,3094,3094 3234 3238,
hodinář,watchmaker,teater,3259,https://teater.aiscr.cz/id/3259,3094,3094 3234 3238 3258,
hrnčířství,potteries,teater,3260,https://teater.aiscr.cz/id/3260,3094,3094 3234 3238,
hrnčíř,potter,teater,3261,https://teater.aiscr.cz/id/3261,3094,3094 3234 3238 3260,
hrnčířská značka,factory mark,teater,3262,https://teater.aiscr.cz/id/3262,3094,3094 3234 3238 3260,
hrnčířský výrobek,pottery product,teater,3263,https://teater.aiscr.cz/id/3263,3094,3094 3234 3238 3260,
inkrustace,incrustation,teater,3264,https://teater.aiscr.cz/id/3264,3094,3094 3234 3238 3260,
keramická barva,ceramic colour,teater,3265,https://teater.aiscr.cz/id/3265,3094,3094 3234 3238 3260,
keramická glazura,ceramic glaze,teater,3266,https://teater.aiscr.cz/id/3266,3094,3094 3234 3238 3260,
keramická surovina,ceramic raw material,teater,3267,https://teater.aiscr.cz/id/3267,3094,3094 3234 3238 3260,
cihlářská hlína,brick clay,teater,3268,https://teater.aiscr.cz/id/3268,3094,3094 3234 3238 3260 3267,
ostřivo,temper,teater,3269,https://teater.aiscr.cz/id/3269,3094,3094 3234 3238 3260 3267,
silikáty,silicates,teater,3270,https://teater.aiscr.cz/id/3270,3094,3094 3234 3238 3260 3267,
šamot,fireclay,teater,3271,https://teater.aiscr.cz/id/3271,3094,3094 3234 3238 3260 3267,
keramický pigment,ceramic pigment,teater,3272,https://teater.aiscr.cz/id/3272,3094,3094 3234 3238 3260,
keramička,woman ceramist,teater,3273,https://teater.aiscr.cz/id/3273,3094,3094 3234 3238 3260,
keramik,ceramist,teater,3274,https://teater.aiscr.cz/id/3274,3094,3094 3234 3238 3260,
lidové hrnčířství,folk pottery,teater,3275,https://teater.aiscr.cz/id/3275,3094,3094 3234 3238 3260,
povrchová úprava keramiky,ceramics finishing,teater,3276,https://teater.aiscr.cz/id/3276,3094,3094 3234 3238 3260,
glazovaná keramika,glazed ceramic ware,teater,3277,https://teater.aiscr.cz/id/3277,3094,3094 3234 3238 3260 3276,
slámování,brushing,teater,3278,https://teater.aiscr.cz/id/3278,3094,3094 3234 3238 3260,
tuhování,graphite painting,teater,3279,https://teater.aiscr.cz/id/3279,3094,3094 3234 3238 3260,
tvarování keramiky,ceramics forming,teater,3280,https://teater.aiscr.cz/id/3280,3094,3094 3234 3238 3260,
výpal keramiky,ceramics firing,teater,3281,https://teater.aiscr.cz/id/3281,3094,3094 3234 3238 3260,
zdobení keramiky,ceramic design,teater,3282,https://teater.aiscr.cz/id/3282,3094,3094 3234 3238 3260,
malovaná keramika,painted pottery,teater,3283,https://teater.aiscr.cz/id/3283,3094,3094 3234 3238 3260 3282,
ilustrace,illustration,teater,3284,https://teater.aiscr.cz/id/3284,3094,3094 3234 3238,
iluminace prvotisků,illumination of incunabula,teater,3285,https://teater.aiscr.cz/id/3285,3094,3094 3234 3238 3284,
iluminace rukopisů,illumination of manuscripts,teater,3286,https://teater.aiscr.cz/id/3286,3094,3094 3234 3238 3284,
iluminátor,illuminator,teater,3287,https://teater.aiscr.cz/id/3287,3094,3094 3234 3238 3284,
iluminátorka,woman illuminator,teater,3288,https://teater.aiscr.cz/id/3288,3094,3094 3234 3238 3284,
ilustrátor,illustrator,teater,3289,https://teater.aiscr.cz/id/3289,3094,3094 3234 3238 3284,
ilustrátorka,woman illustrator,teater,3290,https://teater.aiscr.cz/id/3290,3094,3094 3234 3238 3284,
knižní ilustrace,illustration of books,teater,3291,https://teater.aiscr.cz/id/3291,3094,3094 3234 3238 3284,
miniaturista,miniaturist,teater,3292,https://teater.aiscr.cz/id/3292,3094,3094 3234 3238 3284,
kamenictví,stonemasonry,teater,3293,https://teater.aiscr.cz/id/3293,3094,3094 3234 3238,
kamenická značka,masons' mark,teater,3294,https://teater.aiscr.cz/id/3294,3094,3094 3234 3238 3293,
kameník,stonemason,teater,3295,https://teater.aiscr.cz/id/3295,3094,3094 3234 3238 3293,
kamenosochařství,stone sculpture,teater,3296,https://teater.aiscr.cz/id/3296,3094,3094 3234 3238 3293,
opracování kamene,stone-working,teater,3297,https://teater.aiscr.cz/id/3297,3094,3094 3234 3238 3293,
kamnářství,stovemaking,teater,3298,https://teater.aiscr.cz/id/3298,3094,3094 3234 3238,
kamnář,stove maker,teater,3299,https://teater.aiscr.cz/id/3299,3094,3094 3234 3238 3298,
knihařství,bookbinding,teater,3300,https://teater.aiscr.cz/id/3300,3094,3094 3234 3238,
knihař,bookbinder,teater,3301,https://teater.aiscr.cz/id/3301,3094,3094 3234 3238 3300,
knižní obchod,bookstore,teater,3302,https://teater.aiscr.cz/id/3302,3094,3094 3234 3238,
knihkupec,bookseller,teater,3303,https://teater.aiscr.cz/id/3303,3094,3094 3234 3238 3302,
knihkupkyně,woman bookseller,teater,3304,https://teater.aiscr.cz/id/3304,3094,3094 3234 3238 3302,
knoflíkář,button making,teater,3305,https://teater.aiscr.cz/id/3305,3094,3094 3234 3238,
kolářství,wheel making,teater,3306,https://teater.aiscr.cz/id/3306,3094,3094 3234 3238,
kominíctví,chimney sweeping,teater,3307,https://teater.aiscr.cz/id/3307,3094,3094 3234 3238,
košíkářství,basketmaking,teater,3308,https://teater.aiscr.cz/id/3308,3094,3094 3234 3238,
kovářství,blacksmithing,teater,3309,https://teater.aiscr.cz/id/3309,3094,3094 3234 3238,
kovář,blacksmith,teater,3310,https://teater.aiscr.cz/id/3310,3094,3094 3234 3238 3309,
kovářský výrobek,blacksmith’s product,teater,3311,https://teater.aiscr.cz/id/3311,3094,3094 3234 3238 3309,
kovorytectví,metal engraving,teater,3312,https://teater.aiscr.cz/id/3312,3094,3094 3234 3238,
kovotepectví,metalworking,teater,3313,https://teater.aiscr.cz/id/3313,3094,3094 3234 3238,
kotlář,boilermaker,teater,3314,https://teater.aiscr.cz/id/3314,3094,3094 3234 3238 3313,
měditepectví,copper beating,teater,3315,https://teater.aiscr.cz/id/3315,3094,3094 3234 3238 3313,
mědikovec,coppersmith,teater,3316,https://teater.aiscr.cz/id/3316,3094,3094 3234 3238 3313 3315,
stříbrotepectví,silversmithing,teater,3317,https://teater.aiscr.cz/id/3317,3094,3094 3234 3238 3313,
stříbrotepec,silversmith,teater,3318,https://teater.aiscr.cz/id/3318,3094,3094 3234 3238 3313 3317,
koželužství,tannery,teater,3319,https://teater.aiscr.cz/id/3319,3094,3094 3234 3238,
činění kožešin,tanning (činění kožešin/Pelzzurichtung),teater,3320,https://teater.aiscr.cz/id/3320,3094,3094 3234 3238 3319,
kožešník,furrier,teater,3321,https://teater.aiscr.cz/id/3321,3094,3094 3234 3238 3319 3320,
činění kůží,tanning (činění kůží/Gerberei),teater,3322,https://teater.aiscr.cz/id/3322,3094,3094 3234 3238 3319,
koželuh,tanner,teater,3323,https://teater.aiscr.cz/id/3323,3094,3094 3234 3238 3319 3322,
jirchářství,curriers,teater,3324,https://teater.aiscr.cz/id/3324,3094,3094 3234 3238 3319,
krejčovství,tailors trade,teater,3325,https://teater.aiscr.cz/id/3325,3094,3094 3234 3238,
krejčí,tailor,teater,3326,https://teater.aiscr.cz/id/3326,3094,3094 3234 3238 3325,
švadlena,dressmaker,teater,3327,https://teater.aiscr.cz/id/3327,3094,3094 3234 3238 3325,
lnářství,flax industry,teater,3328,https://teater.aiscr.cz/id/3328,3094,3094 3234 3238,
metalurgie,metallurgy,teater,3329,https://teater.aiscr.cz/id/3329,3094,3094 3234 3238,
hutník,smelterman,teater,3330,https://teater.aiscr.cz/id/3330,3094,3094 3234 3238 3329,
kovolijectví,art casting,teater,3331,https://teater.aiscr.cz/id/3331,3094,3094 3234 3238 3329,
litina,cast iron,teater,3332,https://teater.aiscr.cz/id/3332,3094,3094 3234 3238 3329 3331,
umělecká litina,decorative cast iron,teater,3333,https://teater.aiscr.cz/id/3333,3094,3094 3234 3238 3329 3331 3332,
odlévání kovů,casting,teater,3334,https://teater.aiscr.cz/id/3334,3094,3094 3234 3238 3329 3331,
slitina,alloy,teater,3335,https://teater.aiscr.cz/id/3335,3094,3094 3234 3238 3329 3331,
metalurgie železa,iron metallurgy,teater,3336,https://teater.aiscr.cz/id/3336,3094,3094 3234 3238 3329,
mincovnictví,minting,teater,3337,https://teater.aiscr.cz/id/3337,3094,3094 3234 3238,
mincmistr,mintmaster,teater,3338,https://teater.aiscr.cz/id/3338,3094,3094 3234 3238 3337,
ražba (mincovnictví),stamp (coinage),teater,3339,https://teater.aiscr.cz/id/3339,3094,3094 3234 3238 3337,
mlynářství,miller’s trade,teater,3340,https://teater.aiscr.cz/id/3340,3094,3094 3234 3238,
mlynář,miller,teater,3341,https://teater.aiscr.cz/id/3341,3094,3094 3234 3238 3340,
natěračství,painter’s trade,teater,3342,https://teater.aiscr.cz/id/3342,3094,3094 3234 3238,
nožířství,cutlery,teater,3343,https://teater.aiscr.cz/id/3343,3094,3094 3234 3238,
nožíř,cutler,teater,3344,https://teater.aiscr.cz/id/3344,3094,3094 3234 3238 3343,
obuvnictví,shoemaking trade,teater,3345,https://teater.aiscr.cz/id/3345,3094,3094 3234 3238,
obuvník,shoemaker,teater,3346,https://teater.aiscr.cz/id/3346,3094,3094 3234 3238 3345,
pasířství,girdlery,teater,3347,https://teater.aiscr.cz/id/3347,3094,3094 3234 3238,
pasíř,belt maker,teater,3348,https://teater.aiscr.cz/id/3348,3094,3094 3234 3238 3347,
pivovarnictví,beer industry,teater,3349,https://teater.aiscr.cz/id/3349,3094,3094 3234 3238,
pivovarník,brewer,teater,3350,https://teater.aiscr.cz/id/3350,3094,3094 3234 3238 3349,
sládek,brewmaster,teater,3351,https://teater.aiscr.cz/id/3351,3094,3094 3234 3238 3349,
plátenictví,linen industry,teater,3352,https://teater.aiscr.cz/id/3352,3094,3094 3234 3238,
platnéřství,armour making,teater,3353,https://teater.aiscr.cz/id/3353,3094,3094 3234 3238,
platnéř,platener,teater,3354,https://teater.aiscr.cz/id/3354,3094,3094 3234 3238 3353,
podkovářství,farriery,teater,3355,https://teater.aiscr.cz/id/3355,3094,3094 3234 3238,
podkovář,farrier,teater,3356,https://teater.aiscr.cz/id/3356,3094,3094 3234 3238 3355,
pokrývačské práce,roofing,teater,3357,https://teater.aiscr.cz/id/3357,3094,3094 3234 3238,
pokrývač,roofer,teater,3358,https://teater.aiscr.cz/id/3358,3094,3094 3234 3238 3357,
provaznictví,ropemaking,teater,3359,https://teater.aiscr.cz/id/3359,3094,3094 3234 3238,
puškařství,gunsmithing,teater,3360,https://teater.aiscr.cz/id/3360,3094,3094 3234 3238,
puškař,gunsmith,teater,3361,https://teater.aiscr.cz/id/3361,3094,3094 3234 3238 3360,
rámařství,framing,teater,3362,https://teater.aiscr.cz/id/3362,3094,3094 3234 3238,
rámař,picture framer,teater,3363,https://teater.aiscr.cz/id/3363,3094,3094 3234 3238 3362,
rukavičkářství,glove making,teater,3364,https://teater.aiscr.cz/id/3364,3094,3094 3234 3238,
sedlářství,saddlery,teater,3365,https://teater.aiscr.cz/id/3365,3094,3094 3234 3238,
sedlář,saddler,teater,3366,https://teater.aiscr.cz/id/3366,3094,3094 3234 3238 3365,
sklářství,glassworking,teater,3367,https://teater.aiscr.cz/id/3367,3094,3094 3234 3238,
sklář,glassworker,teater,3368,https://teater.aiscr.cz/id/3368,3094,3094 3234 3238 3367,
sklářka,woman glassworker,teater,3369,https://teater.aiscr.cz/id/3369,3094,3094 3234 3238 3367,
sklenářství,glazing,teater,3370,https://teater.aiscr.cz/id/3370,3094,3094 3234 3238,
sladovnictví,malt industry,teater,3371,https://teater.aiscr.cz/id/3371,3094,3094 3234 3238,
sladovník,maltster,teater,3372,https://teater.aiscr.cz/id/3372,3094,3094 3234 3238 3371,
stříbrnictví,silverwork,teater,3373,https://teater.aiscr.cz/id/3373,3094,3094 3234 3238,
šperkařství,jewelry,teater,3374,https://teater.aiscr.cz/id/3374,3094,3094 3234 3238,
email,enamel,teater,3375,https://teater.aiscr.cz/id/3375,3094,3094 3234 3238 3374,
filigrán (šperkařství),filigree (jewelry),teater,3376,https://teater.aiscr.cz/id/3376,3094,3094 3234 3238 3374,
granulace,granulation,teater,3377,https://teater.aiscr.cz/id/3377,3094,3094 3234 3238 3374,
jamkový email,champlevé,teater,3378,https://teater.aiscr.cz/id/3378,3094,3094 3234 3238 3374,
niello,niello,teater,3379,https://teater.aiscr.cz/id/3379,3094,3094 3234 3238 3374,
přihrádkový email,cloisonné,teater,3380,https://teater.aiscr.cz/id/3380,3094,3094 3234 3238 3374,
šperkař,jeweler,teater,3381,https://teater.aiscr.cz/id/3381,3094,3094 3234 3238 3374,
tiskařství,printing,teater,3382,https://teater.aiscr.cz/id/3382,3094,3094 3234 3238,
dějiny tiskařství,history of printing,teater,3383,https://teater.aiscr.cz/id/3383,3094,3094 3234 3238 3382,
tiskař,printer,teater,3384,https://teater.aiscr.cz/id/3384,3094,3094 3234 3238 3382,
tiskařka,woman printer,teater,3385,https://teater.aiscr.cz/id/3385,3094,3094 3234 3238 3382,
tkalcovství,weaving,teater,3386,https://teater.aiscr.cz/id/3386,3094,3094 3234 3238,
tkadlec,weaver,teater,3387,https://teater.aiscr.cz/id/3387,3094,3094 3234 3238 3386,
tkadlena,woman weaver,teater,3388,https://teater.aiscr.cz/id/3388,3094,3094 3234 3238 3386,
umělecké řemeslo,arts and crafts,teater,3389,https://teater.aiscr.cz/id/3389,3094,3094 3234 3238,
mozaikářství,mosaic working,teater,3390,https://teater.aiscr.cz/id/3390,3094,3094 3234 3238 3389,
mozaikář,mosaic craftsman,teater,3391,https://teater.aiscr.cz/id/3391,3094,3094 3234 3238 3389 3390,
řezbářství,woodcarving,teater,3392,https://teater.aiscr.cz/id/3392,3094,3094 3234 3238 3389,
intarzie,intarsia,teater,3393,https://teater.aiscr.cz/id/3393,3094,3094 3234 3238 3389 3392,
řezbář,carver,teater,3394,https://teater.aiscr.cz/id/3394,3094,3094 3234 3238 3389 3392,
řezbářka,woman carver,teater,3395,https://teater.aiscr.cz/id/3395,3094,3094 3234 3238 3389 3392,
řezbářský výrobek,woodcarving product,teater,3396,https://teater.aiscr.cz/id/3396,3094,3094 3234 3238 3389 3392,
štukatérství,stuccowork,teater,3397,https://teater.aiscr.cz/id/3397,3094,3094 3234 3238 3389,
štukatér,stuccoist,teater,3398,https://teater.aiscr.cz/id/3398,3094,3094 3234 3238 3389 3397,
umělecké kovářství,artistic blacksmithing,teater,3399,https://teater.aiscr.cz/id/3399,3094,3094 3234 3238,
umělecký kovář,artistic blacksmith,teater,3400,https://teater.aiscr.cz/id/3400,3094,3094 3234 3238 3399,
vinařství,wine making,teater,3401,https://teater.aiscr.cz/id/3401,3094,3094 3234 3238,
vinař,vintner,teater,3402,https://teater.aiscr.cz/id/3402,3094,3094 3234 3238 3401,
vlásenkářství,wig making,teater,3403,https://teater.aiscr.cz/id/3403,3094,3094 3234 3238,
výroba dřevěného uhlí,production of charcoal,teater,3404,https://teater.aiscr.cz/id/3404,3094,3094 3234 3238,
uhlíř,charcoal burner,teater,3405,https://teater.aiscr.cz/id/3405,3094,3094 3234 3238 3404,
zámečnictví,locksmithery,teater,3406,https://teater.aiscr.cz/id/3406,3094,3094 3234 3238,
stavební zámečnictví,building locksmithery,teater,3407,https://teater.aiscr.cz/id/3407,3094,3094 3234 3238 3406,
umělecké zámečnictví,artistic locksmithery,teater,3408,https://teater.aiscr.cz/id/3408,3094,3094 3234 3238 3406,
umělecký zámečník,artistic locksmith,teater,3409,https://teater.aiscr.cz/id/3409,3094,3094 3234 3238 3406 3408,
zamečník,locksmith,teater,3410,https://teater.aiscr.cz/id/3410,3094,3094 3234 3238 3406,
zbrojířství,bladesmithing,teater,3411,https://teater.aiscr.cz/id/3411,3094,3094 3234 3238,
zbrojíř,armorer,teater,3412,https://teater.aiscr.cz/id/3412,3094,3094 3234 3238 3411,
zbrojířská značka,armourer sign,teater,3413,https://teater.aiscr.cz/id/3413,3094,3094 3234 3238 3411,
zednické práce,bricklaying,teater,3414,https://teater.aiscr.cz/id/3414,3094,3094 3234 3238,
zedník,bricklayer,teater,3415,https://teater.aiscr.cz/id/3415,3094,3094 3234 3238 3414,
zlatnictví,goldsmithing,teater,3416,https://teater.aiscr.cz/id/3416,3094,3094 3234 3238,
pozlacování,gilding,teater,3417,https://teater.aiscr.cz/id/3417,3094,3094 3234 3238 3416,
puncovní značka,hallmark,teater,3418,https://teater.aiscr.cz/id/3418,3094,3094 3234 3238 3416,
tauzie,damascening,teater,3419,https://teater.aiscr.cz/id/3419,3094,3094 3234 3238 3416,
zlatník,goldsmith,teater,3420,https://teater.aiscr.cz/id/3420,3094,3094 3234 3238 3416,
řemeslná výroba,handicraft production,teater,3421,https://teater.aiscr.cz/id/3421,3094,3094 3234,
řemeslník,craftsman,teater,3422,https://teater.aiscr.cz/id/3422,3094,3094 3234,
řemeslnice,craftswoman,teater,3423,https://teater.aiscr.cz/id/3423,3094,3094 3234,
"správa, písemnictví","administration, literature",teater,3424,https://teater.aiscr.cz/id/3424,3094,3094,
církevní správa,church administration,teater,3425,https://teater.aiscr.cz/id/3425,3094,3094 3424,
církevní poplatky,church fee,teater,3426,https://teater.aiscr.cz/id/3426,3094,3094 3424 3425,
desátek,tithe,teater,3427,https://teater.aiscr.cz/id/3427,3094,3094 3424 3425,
daně,taxes,teater,3428,https://teater.aiscr.cz/id/3428,3094,3094 3424,
lokátor,lokator,teater,3429,https://teater.aiscr.cz/id/3429,3094,3094 3424,
městská správa,municipal government,teater,3430,https://teater.aiscr.cz/id/3430,3094,3094 3424,
konšel,town councillor,teater,3431,https://teater.aiscr.cz/id/3431,3094,3094 3424 3430,
městská pečeť,city seal,teater,3432,https://teater.aiscr.cz/id/3432,3094,3094 3424 3430,
městský úřad,municipal office,teater,3433,https://teater.aiscr.cz/id/3433,3094,3094 3424 3430,
městský znak,city coat of arms,teater,3434,https://teater.aiscr.cz/id/3434,3094,3094 3424 3430,
purkmistr,burgomaster / burgermeister,teater,3435,https://teater.aiscr.cz/id/3435,3094,3094 3424 3430,
rychtář,reeve,teater,3436,https://teater.aiscr.cz/id/3436,3094,3094 3424 3430,
notářství,notary’s office,teater,3437,https://teater.aiscr.cz/id/3437,3094,3094 3424,
notář,notary,teater,3438,https://teater.aiscr.cz/id/3438,3094,3094 3424 3437,
notářka,woman notary,teater,3439,https://teater.aiscr.cz/id/3439,3094,3094 3424 3437,
písemnictví,literature,teater,3440,https://teater.aiscr.cz/id/3440,3094,3094 3424,
právnička,woman lawyer,teater,3441,https://teater.aiscr.cz/id/3441,3094,3094 3424,
právník,lawyer,teater,3442,https://teater.aiscr.cz/id/3442,3094,3094 3424,
purkrabí,burgrave,teater,3443,https://teater.aiscr.cz/id/3443,3094,3094 3424,
státní správa,state administration,teater,3444,https://teater.aiscr.cz/id/3444,3094,3094 3424,
úřednice,woman official,teater,3445,https://teater.aiscr.cz/id/3445,3094,3094 3424,
úředník,official,teater,3446,https://teater.aiscr.cz/id/3446,3094,3094 3424,
těžba,extraction,teater,3447,https://teater.aiscr.cz/id/3447,3094,3094,
hornictví,mining,teater,3448,https://teater.aiscr.cz/id/3448,3094,3094 3447,
činnost (hornictví),activity (mining),teater,3449,https://teater.aiscr.cz/id/3449,3094,3094 3447 3448,
těžba břidlice,slate mining,teater,3450,https://teater.aiscr.cz/id/3450,3094,3094 3447 3448 3449,
těžba cínu,tin ore mining,teater,3451,https://teater.aiscr.cz/id/3451,3094,3094 3447 3448 3449,
těžba českého granátu,garnet mining,teater,3452,https://teater.aiscr.cz/id/3452,3094,3094 3447 3448 3449,
těžba diamantů,diamond mining,teater,3453,https://teater.aiscr.cz/id/3453,3094,3094 3447 3448 3449,
těžba fosfátů,phosphate mining,teater,3454,https://teater.aiscr.cz/id/3454,3094,3094 3447 3448 3449,
těžba grafitu,graphite mining,teater,3455,https://teater.aiscr.cz/id/3455,3094,3094 3447 3448 3449,
těžba hlíny,clay mining,teater,3456,https://teater.aiscr.cz/id/3456,3094,3094 3447 3448 3449,
těžba chromu,chrome mining,teater,3457,https://teater.aiscr.cz/id/3457,3094,3094 3447 3448 3449,
těžba jílu,clay minerals,teater,3458,https://teater.aiscr.cz/id/3458,3094,3094 3447 3448 3449,
těžba kamene,stone mining,teater,3459,https://teater.aiscr.cz/id/3459,3094,3094 3447 3448 3449,
těžba kaolinu,kaolin mining,teater,3460,https://teater.aiscr.cz/id/3460,3094,3094 3447 3448 3449,
těžba křídy,chalk mining,teater,3461,https://teater.aiscr.cz/id/3461,3094,3094 3447 3448 3449,
těžba manganu,manganese mining,teater,3462,https://teater.aiscr.cz/id/3462,3094,3094 3447 3448 3449,
těžba mědi,copper mining,teater,3463,https://teater.aiscr.cz/id/3463,3094,3094 3447 3448 3449,
těžba mramoru,marble mining,teater,3464,https://teater.aiscr.cz/id/3464,3094,3094 3447 3448 3449,
těžba nerostných surovin,mineral mining,teater,3465,https://teater.aiscr.cz/id/3465,3094,3094 3447 3448 3449,
těžba niklu,nickel mining,teater,3466,https://teater.aiscr.cz/id/3466,3094,3094 3447 3448 3449,
těžba olova,lead mining,teater,3467,https://teater.aiscr.cz/id/3467,3094,3094 3447 3448 3449,
těžba opálů,opal mining,teater,3468,https://teater.aiscr.cz/id/3468,3094,3094 3447 3448 3449,
těžba pískovce,sandstone mining,teater,3469,https://teater.aiscr.cz/id/3469,3094,3094 3447 3448 3449,
těžba písku,sand extraction,teater,3470,https://teater.aiscr.cz/id/3470,3094,3094 3447 3448 3449,
těžba platiny,platinum mining,teater,3471,https://teater.aiscr.cz/id/3471,3094,3094 3447 3448 3449,
těžba rašeliny,peat digging,teater,3472,https://teater.aiscr.cz/id/3472,3094,3094 3447 3448 3449,
těžba rohovce,chert mining,teater,3473,https://teater.aiscr.cz/id/3473,3094,3094 3447 3448 3449,
těžba rud,ore mining,teater,3474,https://teater.aiscr.cz/id/3474,3094,3094 3447 3448 3449,
těžba soli,salt mining,teater,3475,https://teater.aiscr.cz/id/3475,3094,3094 3447 3448 3449,
těžba stříbra,silver mining,teater,3476,https://teater.aiscr.cz/id/3476,3094,3094 3447 3448 3449,
těžba uhlí,coal mining,teater,3477,https://teater.aiscr.cz/id/3477,3094,3094 3447 3448 3449,
těžba černého uhlí,bituminous coal mining,teater,3478,https://teater.aiscr.cz/id/3478,3094,3094 3447 3448 3449 3477,
těžba hnědého uhlí,lignite mining,teater,3479,https://teater.aiscr.cz/id/3479,3094,3094 3447 3448 3449 3477,
těžba vápence,limestone mining,teater,3480,https://teater.aiscr.cz/id/3480,3094,3094 3447 3448 3449,
těžba zlata,gold mining,teater,3481,https://teater.aiscr.cz/id/3481,3094,3094 3447 3448 3449,
těžba železných rud,iron ore mining,teater,3482,https://teater.aiscr.cz/id/3482,3094,3094 3447 3448 3449,
dějiny hornictví,history of mining,teater,3483,https://teater.aiscr.cz/id/3483,3094,3094 3447 3448,
horník,miner,teater,3484,https://teater.aiscr.cz/id/3484,3094,3094 3447 3448,
ložiska,deposits,teater,3485,https://teater.aiscr.cz/id/3485,3094,3094 3447 3448,
ložisko břidlice,slate deposit,teater,3486,https://teater.aiscr.cz/id/3486,3094,3094 3447 3448 3485,
ložisko cínu,tin deposit,teater,3487,https://teater.aiscr.cz/id/3487,3094,3094 3447 3448 3485,
ložisko fosfátů,phosphate deposit,teater,3488,https://teater.aiscr.cz/id/3488,3094,3094 3447 3448 3485,
ložisko grafitu,graphite deposit,teater,3489,https://teater.aiscr.cz/id/3489,3094,3094 3447 3448 3485,
ložisko jílu,clay deposit,teater,3490,https://teater.aiscr.cz/id/3490,3094,3094 3447 3448 3485,
ložisko kamenné soli,rock salt deposit,teater,3491,https://teater.aiscr.cz/id/3491,3094,3094 3447 3448 3485,
ložisko mědi,copper deposit,teater,3492,https://teater.aiscr.cz/id/3492,3094,3094 3447 3448 3485,
ložisko mramoru,marble deposit,teater,3493,https://teater.aiscr.cz/id/3493,3094,3094 3447 3448 3485,
ložisko nerostných surovin,deposit of raw materials,teater,3494,https://teater.aiscr.cz/id/3494,3094,3094 3447 3448 3485,
ložisko niklu,nickel deposit,teater,3495,https://teater.aiscr.cz/id/3495,3094,3094 3447 3448 3485,
ložisko pískovce,sandstone deposit,teater,3496,https://teater.aiscr.cz/id/3496,3094,3094 3447 3448 3485,
ložisko písku,deposit of sands,teater,3497,https://teater.aiscr.cz/id/3497,3094,3094 3447 3448 3485,
ložisko rašeliny,peat deposit,teater,3498,https://teater.aiscr.cz/id/3498,3094,3094 3447 3448 3485,
ložisko rtuti,mercury deposit,teater,3499,https://teater.aiscr.cz/id/3499,3094,3094 3447 3448 3485,
ložisko sirných rud,sulphur-ore deposit,teater,3500,https://teater.aiscr.cz/id/3500,3094,3094 3447 3448 3485,
ložisko stříbra,silver deposit,teater,3501,https://teater.aiscr.cz/id/3501,3094,3094 3447 3448 3485,
ložisko těžkých kovů,heavy metals deposit,teater,3502,https://teater.aiscr.cz/id/3502,3094,3094 3447 3448 3485,
ložisko uhlí,coal deposit,teater,3503,https://teater.aiscr.cz/id/3503,3094,3094 3447 3448 3485,
ložisko černého uhlí,bituminous coal deposit,teater,3504,https://teater.aiscr.cz/id/3504,3094,3094 3447 3448 3485 3503,
ložisko hnědého uhlí,brown coal deposit,teater,3505,https://teater.aiscr.cz/id/3505,3094,3094 3447 3448 3485 3503,
ložisko vápence,limestone deposit,teater,3506,https://teater.aiscr.cz/id/3506,3094,3094 3447 3448 3485,
ložisko vltavínů,moldavite deposit,teater,3507,https://teater.aiscr.cz/id/3507,3094,3094 3447 3448 3485,
ložisko zlata,gold deposit,teater,3508,https://teater.aiscr.cz/id/3508,3094,3094 3447 3448 3485,
ložisko železných rud,iron ores deposit,teater,3509,https://teater.aiscr.cz/id/3509,3094,3094 3447 3448 3485,
minerální ložisko,mineral deposit,teater,3510,https://teater.aiscr.cz/id/3510,3094,3094 3447 3448 3485,
rudní ložisko,ore deposit,teater,3511,https://teater.aiscr.cz/id/3511,3094,3094 3447 3448 3485,
rýžování,washing,teater,3512,https://teater.aiscr.cz/id/3512,3094,3094 3447,
těžba dřeva,logging,teater,3513,https://teater.aiscr.cz/id/3513,3094,3094 3447,
dřevorubec,logger,teater,3514,https://teater.aiscr.cz/id/3514,3094,3094 3447 3513,
válečnictví,art of war,teater,3515,https://teater.aiscr.cz/id/3515,3094,3094,
armáda,army,teater,3516,https://teater.aiscr.cz/id/3516,3094,3094 3515,
bojovník,warrior,teater,3517,https://teater.aiscr.cz/id/3517,3094,3094 3515 3516,
složky armády,division of army,teater,3518,https://teater.aiscr.cz/id/3518,3094,3094 3515 3516,
dělostřelectvo,artillery,teater,3519,https://teater.aiscr.cz/id/3519,3094,3094 3515 3516 3518,
jezdectvo,cavalry,teater,3520,https://teater.aiscr.cz/id/3520,3094,3094 3515 3516 3518,
jízdní lučistníci,mounted archers,teater,3521,https://teater.aiscr.cz/id/3521,3094,3094 3515 3516 3518,
pěchota,infantry,teater,3522,https://teater.aiscr.cz/id/3522,3094,3094 3515 3516 3518,
ubytování vojska,military accomodation,teater,3523,https://teater.aiscr.cz/id/3523,3094,3094 3515 3516,
voják,soldier,teater,3524,https://teater.aiscr.cz/id/3524,3094,3094 3515 3516,
branec,conscript,teater,3525,https://teater.aiscr.cz/id/3525,3094,3094 3515 3516 3524,
legionář,legionary,teater,3526,https://teater.aiscr.cz/id/3526,3094,3094 3515 3516 3524,
odvedenec,recruit,teater,3527,https://teater.aiscr.cz/id/3527,3094,3094 3515 3516 3524,
válečný veterán,war veteran,teater,3528,https://teater.aiscr.cz/id/3528,3094,3094 3515 3516 3524,
vojenský velitel,military officer,teater,3529,https://teater.aiscr.cz/id/3529,3094,3094 3515 3516 3524,
vojevůdce,commander,teater,3530,https://teater.aiscr.cz/id/3530,3094,3094 3515 3516 3524,
žoldnéřské vojsko,mercenary troops,teater,3531,https://teater.aiscr.cz/id/3531,3094,3094 3515 3516 3524,
válka,war,teater,3532,https://teater.aiscr.cz/id/3532,3094,3094 3515,
anexe,annexation,teater,3533,https://teater.aiscr.cz/id/3533,3094,3094 3515 3532,
bitva,battle,teater,3534,https://teater.aiscr.cz/id/3534,3094,3094 3515 3532,
casus belli,casus belli,teater,3535,https://teater.aiscr.cz/id/3535,3094,3094 3515 3532,
filozofie války,philosophy of war,teater,3536,https://teater.aiscr.cz/id/3536,3094,3094 3515 3532,
obléhání,siege,teater,3537,https://teater.aiscr.cz/id/3537,3094,3094 3515 3532,
pohraniční konflikt,border conflict,teater,3538,https://teater.aiscr.cz/id/3538,3094,3094 3515 3532,
spravedlivá válka,just war,teater,3539,https://teater.aiscr.cz/id/3539,3094,3094 3515 3532,
územní spor,territorial dispute,teater,3540,https://teater.aiscr.cz/id/3540,3094,3094 3515 3532,
územní změna,territorial change,teater,3541,https://teater.aiscr.cz/id/3541,3094,3094 3515 3532,
válečné tažení,campaign,teater,3542,https://teater.aiscr.cz/id/3542,3094,3094 3515 3532,
vojenská porážka,military defeat,teater,3543,https://teater.aiscr.cz/id/3543,3094,3094 3515 3532,
vyhlášení války,declaration of war,teater,3544,https://teater.aiscr.cz/id/3544,3094,3094 3515 3532,
vojenství,military science,teater,3545,https://teater.aiscr.cz/id/3545,3094,3094 3515,
vojenská strategie,military strategy,teater,3546,https://teater.aiscr.cz/id/3546,3094,3094 3515 3545,
vojenská taktika,military tactic,teater,3547,https://teater.aiscr.cz/id/3547,3094,3094 3515 3545,
vojenský teoretik,military theorist,teater,3548,https://teater.aiscr.cz/id/3548,3094,3094 3515 3545,
12) společnost,12) Society,teater,3549,https://teater.aiscr.cz/id/3549,3549,,
obecná hesla (společnost),general entries (society),teater,3550,https://teater.aiscr.cz/id/3550,3549,3549,
dělba práce,division of labor,teater,3551,https://teater.aiscr.cz/id/3551,3549,3549 3550,
komunita (sociologie),community (sociology),teater,3552,https://teater.aiscr.cz/id/3552,3549,3549 3550,
sociální identita,social identity,teater,3553,https://teater.aiscr.cz/id/3553,3549,3549 3550,
sociální nerovnost,social inequality,teater,3554,https://teater.aiscr.cz/id/3554,3549,3549 3550,
sociální původ,social origin,teater,3555,https://teater.aiscr.cz/id/3555,3549,3549 3550,
sociální strategie,social strategy,teater,3556,https://teater.aiscr.cz/id/3556,3549,3549 3550,
sňatek šlechtických rodů,marriage of nobility,teater,3557,https://teater.aiscr.cz/id/3557,3549,3549 3550 3556,
sňatek panovnických rodů,marriage of royalty,teater,3558,https://teater.aiscr.cz/id/3558,3549,3549 3550 3556,
sociální mobilita,social mobility,teater,3559,https://teater.aiscr.cz/id/3559,3549,3549 3550 3556,
společenské postavení,social status,teater,3560,https://teater.aiscr.cz/id/3560,3549,3549 3550,
společenské vztahy,social relations,teater,3561,https://teater.aiscr.cz/id/3561,3549,3549 3550,
barter,barter,teater,3562,https://teater.aiscr.cz/id/3562,3549,3549 3550 3561,
dar,gift,teater,3563,https://teater.aiscr.cz/id/3563,3549,3549 3550 3561,
distribuční mapa,distribution map,teater,3564,https://teater.aiscr.cz/id/3564,3549,3549 3550 3561,
reciprocita,reciprocity,teater,3565,https://teater.aiscr.cz/id/3565,3549,3549 3550 3561,
zisk,profit,teater,3566,https://teater.aiscr.cz/id/3566,3549,3549 3550 3561,
písmo,script,teater,3567,https://teater.aiscr.cz/id/3567,3549,3549,
arabské písmo,Arabic script,teater,3568,https://teater.aiscr.cz/id/3568,3549,3549 3567,
aramejské písmo,Aramaic script,teater,3569,https://teater.aiscr.cz/id/3569,3549,3549 3567,
arménské písmo,Armenian script,teater,3570,https://teater.aiscr.cz/id/3570,3549,3549 3567,
azbuka (písmo),Russian alphabet,teater,3571,https://teater.aiscr.cz/id/3571,3549,3549 3567,
cyrilice,Cyrillic,teater,3572,https://teater.aiscr.cz/id/3572,3549,3549 3567,
gruzínské písmo,Georgian script,teater,3573,https://teater.aiscr.cz/id/3573,3549,3549 3567,
hebrejské písmo,Hebrew script,teater,3574,https://teater.aiscr.cz/id/3574,3549,3549 3567,
hieratické písmo,hieratic script,teater,3575,https://teater.aiscr.cz/id/3575,3549,3549 3567,
hieroglyfy,hieroglyphics,teater,3576,https://teater.aiscr.cz/id/3576,3549,3549 3567,
hlaholice,Glagolitic alphabet,teater,3577,https://teater.aiscr.cz/id/3577,3549,3549 3567,
klínové písmo,cuneiform,teater,3578,https://teater.aiscr.cz/id/3578,3549,3549 3567,
krétské hieroglyfické písmo,Cretan hieroglyphic script,teater,3579,https://teater.aiscr.cz/id/3579,3549,3549 3567,
latinské písmo,Latin script,teater,3580,https://teater.aiscr.cz/id/3580,3549,3549 3567,
fraktura (písmo),black letter,teater,3581,https://teater.aiscr.cz/id/3581,3549,3549 3567 3580,
humanistické písmo,humanistic script,teater,3582,https://teater.aiscr.cz/id/3582,3549,3549 3567 3580,
karolinské písmo,Caroline minuscule,teater,3583,https://teater.aiscr.cz/id/3583,3549,3549 3567 3580,
novogotické písmo,Gothic writing,teater,3584,https://teater.aiscr.cz/id/3584,3549,3549 3567 3580,
lineární písmo a,Linear A,teater,3585,https://teater.aiscr.cz/id/3585,3549,3549 3567,
lineární písmo b,Linear B,teater,3586,https://teater.aiscr.cz/id/3586,3549,3549 3567,
logografické písmo,ideographic script,teater,3587,https://teater.aiscr.cz/id/3587,3549,3549 3567,
obrázkové písmo,ideograms,teater,3588,https://teater.aiscr.cz/id/3588,3549,3549 3567,
petroglyf,petroglyph,teater,3589,https://teater.aiscr.cz/id/3589,3549,3549 3567,
piktogram,pictograph,teater,3590,https://teater.aiscr.cz/id/3590,3549,3549 3567,
řecké písmo,Greek script,teater,3591,https://teater.aiscr.cz/id/3591,3549,3549 3567,
právní institut,legal institute,teater,3592,https://teater.aiscr.cz/id/3592,3549,3549,
inkolát,inkolat,teater,3593,https://teater.aiscr.cz/id/3593,3549,3549 3592,
landfrýd,Landfrieden,teater,3594,https://teater.aiscr.cz/id/3594,3549,3549 3592,
léno,fief,teater,3595,https://teater.aiscr.cz/id/3595,3549,3549 3592,
nástupnické právo,succession law,teater,3596,https://teater.aiscr.cz/id/3596,3549,3549 3592,
primogenitura,primogeniture,teater,3597,https://teater.aiscr.cz/id/3597,3549,3549 3592 3596,
seniorát,agnatic seniority,teater,3598,https://teater.aiscr.cz/id/3598,3549,3549 3592 3596,
nevolnictví,serfdom,teater,3599,https://teater.aiscr.cz/id/3599,3549,3549 3592,
nobilitace,nobilitation,teater,3600,https://teater.aiscr.cz/id/3600,3549,3549 3592,
odúmrtní právo,escheat,teater,3601,https://teater.aiscr.cz/id/3601,3549,3549 3592,
ordál,trial by ordeal,teater,3602,https://teater.aiscr.cz/id/3602,3549,3549 3592,
otroctví,slavery,teater,3603,https://teater.aiscr.cz/id/3603,3549,3549 3592,
pacht,ground rent,teater,3604,https://teater.aiscr.cz/id/3604,3549,3549 3592,
poddanství,serfdom,teater,3605,https://teater.aiscr.cz/id/3605,3549,3549 3592,
robota,corvée,teater,3606,https://teater.aiscr.cz/id/3606,3549,3549 3592,
tribut,tribute,teater,3607,https://teater.aiscr.cz/id/3607,3549,3549 3592,
právo,law,teater,3608,https://teater.aiscr.cz/id/3608,3549,3549,
církevní právo,canon law,teater,3609,https://teater.aiscr.cz/id/3609,3549,3549 3608,
horní právo,mining law,teater,3610,https://teater.aiscr.cz/id/3610,3549,3549 3608,
horní regál,Bergregal,teater,3611,https://teater.aiscr.cz/id/3611,3549,3549 3608,
lenní právo,feudal law,teater,3612,https://teater.aiscr.cz/id/3612,3549,3549 3608,
městské právo,city rights,teater,3613,https://teater.aiscr.cz/id/3613,3549,3549 3608,
magdeburské právo,Magdeburg rights,teater,3614,https://teater.aiscr.cz/id/3614,3549,3549 3608 3613,
občanské právo,civil law,teater,3615,https://teater.aiscr.cz/id/3615,3549,3549 3608,
římské právo,Roman law,teater,3616,https://teater.aiscr.cz/id/3616,3549,3549 3608,
zákoník,law code,teater,3617,https://teater.aiscr.cz/id/3617,3549,3549 3608,
zákon,law,teater,3618,https://teater.aiscr.cz/id/3618,3549,3549 3608 3617,
zemské právo,municipal law,teater,3619,https://teater.aiscr.cz/id/3619,3549,3549 3608,
zvykové právo,common law,teater,3620,https://teater.aiscr.cz/id/3620,3549,3549 3608,
sociálni stratifikace,social stratification,teater,3621,https://teater.aiscr.cz/id/3621,3549,3549,
společenská třída,social class,teater,3622,https://teater.aiscr.cz/id/3622,3549,3549 3621,
obecné (společenské třídy),general (social class),teater,3623,https://teater.aiscr.cz/id/3623,3549,3549 3621 3622,
elita,elite,teater,3624,https://teater.aiscr.cz/id/3624,3549,3549 3621 3622 3623,
ekonomická elita,economic elite,teater,3625,https://teater.aiscr.cz/id/3625,3549,3549 3621 3622 3623 3624,
politická elita,political elite,teater,3626,https://teater.aiscr.cz/id/3626,3549,3549 3621 3622 3623 3624,
společenská elita,social elite,teater,3627,https://teater.aiscr.cz/id/3627,3549,3549 3621 3622 3623 3624,
kasta,caste,teater,3628,https://teater.aiscr.cz/id/3628,3549,3549 3621 3622 3623,
nižší společenská třída,lower class,teater,3629,https://teater.aiscr.cz/id/3629,3549,3549 3621 3622 3623,
střední vrstva,middle class,teater,3630,https://teater.aiscr.cz/id/3630,3549,3549 3621 3622 3623,
vyšší společenská vrstva,upper class,teater,3631,https://teater.aiscr.cz/id/3631,3549,3549 3621 3622 3623,
konkrétní (společenské třídy),concrete (social class),teater,3632,https://teater.aiscr.cz/id/3632,3549,3549 3621 3622,
dělnictvo,working class,teater,3633,https://teater.aiscr.cz/id/3633,3549,3549 3621 3622 3632,
duchovenstvo,clergy,teater,3634,https://teater.aiscr.cz/id/3634,3549,3549 3621 3622 3632,
měšťanstvo,bourgeoisie,teater,3635,https://teater.aiscr.cz/id/3635,3549,3549 3621 3622 3632,
buržoazie,bourgeoisie,teater,3636,https://teater.aiscr.cz/id/3636,3549,3549 3621 3622 3632 3635,
měšťanská kultura,bourgeois culture,teater,3637,https://teater.aiscr.cz/id/3637,3549,3549 3621 3622 3632 3635,
nevolník,serf,teater,3638,https://teater.aiscr.cz/id/3638,3549,3549 3621 3622 3632,
otrok,slave,teater,3639,https://teater.aiscr.cz/id/3639,3549,3549 3621 3622 3632,
otrokyně,slave women,teater,3640,https://teater.aiscr.cz/id/3640,3549,3549 3621 3622 3632,
panovnice,queen,teater,3641,https://teater.aiscr.cz/id/3641,3549,3549 3621 3622 3632,
panovník,king,teater,3642,https://teater.aiscr.cz/id/3642,3549,3549 3621 3622 3632,
panovnický dvůr,royal court,teater,3643,https://teater.aiscr.cz/id/3643,3549,3549 3621 3622 3632 3642,
poddaný,retainer,teater,3645,https://teater.aiscr.cz/id/3645,3549,3549 3621 3622 3632,
rolník,peasant,teater,3646,https://teater.aiscr.cz/id/3646,3549,3549 3621 3622 3632,
sedlák,farmer,teater,3647,https://teater.aiscr.cz/id/3647,3549,3549 3621 3622 3632,
stavy,Estates,teater,3648,https://teater.aiscr.cz/id/3648,3549,3549 3621 3622 3632,
šlechta,nobility,teater,3649,https://teater.aiscr.cz/id/3649,3549,3549 3621 3622 3632,
aristokracie,aristocracy,teater,3650,https://teater.aiscr.cz/id/3650,3549,3549 3621 3622 3632 3649,
kurfiřt,prince-elector,teater,3651,https://teater.aiscr.cz/id/3651,3549,3549 3621 3622 3632 3649,
markrabě,marquis,teater,3652,https://teater.aiscr.cz/id/3652,3549,3549 3621 3622 3632 3649,
nižší šlechta,gentry,teater,3653,https://teater.aiscr.cz/id/3653,3549,3549 3621 3622 3632 3649,
rytíř,knight,teater,3654,https://teater.aiscr.cz/id/3654,3549,3549 3621 3622 3632 3649,
šlechtický rod,house of nobility,teater,3655,https://teater.aiscr.cz/id/3655,3549,3549 3621 3622 3632 3649,
vyšší šlechta,higher nobility,teater,3656,https://teater.aiscr.cz/id/3656,3549,3549 3621 3622 3632 3649,
zemanstvo,squire,teater,3657,https://teater.aiscr.cz/id/3657,3549,3549 3621 3622 3632 3649,
sociální systém,social system,teater,3658,https://teater.aiscr.cz/id/3658,3549,3549,
matriarchát,matriarchy,teater,3659,https://teater.aiscr.cz/id/3659,3549,3549 3658,
matrilinearita,matrilineal kinship,teater,3660,https://teater.aiscr.cz/id/3660,3549,3549 3658,
patriarchát,patriarchy,teater,3661,https://teater.aiscr.cz/id/3661,3549,3549 3658,
patrilinearita,patrilineal kinship,teater,3662,https://teater.aiscr.cz/id/3662,3549,3549 3658,
příbuzenství,kinship,teater,3663,https://teater.aiscr.cz/id/3663,3549,3549 3658,
sociální endogamie,social endogamy,teater,3664,https://teater.aiscr.cz/id/3664,3549,3549 3658,
sociální exogamie,social exogamy,teater,3665,https://teater.aiscr.cz/id/3665,3549,3549 3658,
vládní forma,system of government,teater,3666,https://teater.aiscr.cz/id/3666,3549,3549 3658,
absolutismus,absolutism,teater,3667,https://teater.aiscr.cz/id/3667,3549,3549 3658 3666,
osvícenský absolutismus,enlightened absolutism,teater,3668,https://teater.aiscr.cz/id/3668,3549,3549 3658 3666 3667,
císařství,empire,teater,3669,https://teater.aiscr.cz/id/3669,3549,3549 3658 3666,
demokracie,democracy,teater,3670,https://teater.aiscr.cz/id/3670,3549,3549 3658 3666,
despotismus,despotism,teater,3671,https://teater.aiscr.cz/id/3671,3549,3549 3658 3666,
diktatura,dictatorship,teater,3672,https://teater.aiscr.cz/id/3672,3549,3549 3658 3666,
diktatura proletariátu,dictatorship of the proletariat,teater,3673,https://teater.aiscr.cz/id/3673,3549,3549 3658 3666,
feudalismus,feudalism,teater,3674,https://teater.aiscr.cz/id/3674,3549,3549 3658 3666,
gerontokracie,gerontocracy,teater,3675,https://teater.aiscr.cz/id/3675,3549,3549 3658 3666,
knížectví,principality,teater,3676,https://teater.aiscr.cz/id/3676,3549,3549 3658 3666,
monarchie,monarchy,teater,3677,https://teater.aiscr.cz/id/3677,3549,3549 3658 3666,
absolutní monarchie,absolute monarchy,teater,3678,https://teater.aiscr.cz/id/3678,3549,3549 3658 3666 3677,
konstituční monarchie,constitutional monarchy,teater,3679,https://teater.aiscr.cz/id/3679,3549,3549 3658 3666 3677,
náčelnictví,chiefdom,teater,3680,https://teater.aiscr.cz/id/3680,3549,3549 3658 3666,
oligarchie,oligarchy,teater,3681,https://teater.aiscr.cz/id/3681,3549,3549 3658 3666,
republika,republic,teater,3682,https://teater.aiscr.cz/id/3682,3549,3549 3658 3666,
stavovský stát,State of the Estates,teater,3683,https://teater.aiscr.cz/id/3683,3549,3549 3658 3666,
teokracie,theocracy,teater,3684,https://teater.aiscr.cz/id/3684,3549,3549 3658 3666,
totalitarismus,totalitarianism,teater,3685,https://teater.aiscr.cz/id/3685,3549,3549 3658 3666,
vojenská diktatura,military dictatorship,teater,3686,https://teater.aiscr.cz/id/3686,3549,3549 3658 3666,
společnosti,societies,teater,3687,https://teater.aiscr.cz/id/3687,3549,3549,
dvorská společnost,courtly society,teater,3688,https://teater.aiscr.cz/id/3688,3549,3549 3687,
industriální společnost,industrial society,teater,3689,https://teater.aiscr.cz/id/3689,3549,3549 3687,
lovecko-sběračská společnost,hunting and gathering society,teater,3690,https://teater.aiscr.cz/id/3690,3549,3549 3687,
moderní společnost,modern society,teater,3691,https://teater.aiscr.cz/id/3691,3549,3549 3687,
orientální civilizace,oriental civilization,teater,3692,https://teater.aiscr.cz/id/3692,3549,3549 3687,
pravěká společnost,prehistoric society,teater,3693,https://teater.aiscr.cz/id/3693,3549,3549 3687,
lovci mamutů,mammoth hunters,teater,3694,https://teater.aiscr.cz/id/3694,3549,3549 3687 3693,
starověká civilizace,ancient civilization,teater,3695,https://teater.aiscr.cz/id/3695,3549,3549 3687,
středověká společnost,medieval society,teater,3696,https://teater.aiscr.cz/id/3696,3549,3549 3687,
západní civilizace,western civilization,teater,3697,https://teater.aiscr.cz/id/3697,3549,3549 3687,
provazník,rope maker,teater,3698,https://teater.aiscr.cz/id/3698,3094,3094 3234 3238 3359,
řemenářství,belt production,teater,3699,https://teater.aiscr.cz/id/3699,3094,3094 3234 3238,
řemenář,girdler,teater,3700,https://teater.aiscr.cz/id/3700,3094,3094 3234 3238 3699,
tavení skla,glass melting,teater,3701,https://teater.aiscr.cz/id/3701,3094,3094 3234 3238 3367,
soukenictví,drapery,teater,3702,https://teater.aiscr.cz/id/3702,3094,3094 3234 3238,
soukeník,clothweaver,teater,3703,https://teater.aiscr.cz/id/3703,3094,3094 3234 3238 3702,
mečíř,swordsmith,teater,3704,https://teater.aiscr.cz/id/3704,3094,3094 3234 3238 3411,
inlej,inlays,teater,3705,https://teater.aiscr.cz/id/3705,3094,3094 3234 3238 3416,
kronikářství,chronicles,teater,3706,https://teater.aiscr.cz/id/3706,3094,3094 3424 3440,
kronikář,chronicler,teater,3707,https://teater.aiscr.cz/id/3707,3094,3094 3424 3440 3706,
kronikářka,woman chronicler,teater,3708,https://teater.aiscr.cz/id/3708,3094,3094 3424 3440 3706,
vozatajstvo,Tross,teater,3709,https://teater.aiscr.cz/id/3709,3094,3094 3515 3516 3518,
panovnická dynastie,dynasty,teater,3710,https://teater.aiscr.cz/id/3710,3549,3549 3621 3622 3632,
dějiny správy,Administrative History,teater,3711,https://teater.aiscr.cz/id/3711,288,288 352 583 587 588,
dějiny každodennosti,People´s History,teater,3712,https://teater.aiscr.cz/id/3712,288,288 352 583 587 588,
dějiny idejí,Intellectual History,teater,3713,https://teater.aiscr.cz/id/3713,288,288 352 583 587 588,
dějiny mentalit,History of Mentalities,teater,3714,https://teater.aiscr.cz/id/3714,288,288 352 583 587 588,
dějiny genderu,Gender History,teater,3715,https://teater.aiscr.cz/id/3715,288,288 352 583 587 588,
dějiny dějepisectví,History of Historiography,teater,3716,https://teater.aiscr.cz/id/3716,288,288 352 583 587 588,
mikrohistorie,Microhistory,teater,3717,https://teater.aiscr.cz/id/3717,288,288 352 583 584,
psychohistorie,Psychohistory,teater,3718,https://teater.aiscr.cz/id/3718,288,288 352 583 584,
biografická analýza,Biographical research,teater,3719,https://teater.aiscr.cz/id/3719,288,288 352 583 584,
metoda kolektivní biografie,Collective Biography,teater,3720,https://teater.aiscr.cz/id/3720,288,288 352 583 584,
metoda orální historie,Oral History,teater,3721,https://teater.aiscr.cz/id/3721,288,288 352 583 584,
metoda právní ikonografie,Legal Iconography,teater,3722,https://teater.aiscr.cz/id/3722,288,288 352 583 584,
metoda sondy,Probe Method,teater,3723,https://teater.aiscr.cz/id/3723,288,288 352 583 584,
hmotný pramen,Material Source,teater,3724,https://teater.aiscr.cz/id/3724,288,288 352 583 597 598,
obrazový pramen,Visual Source,teater,3725,https://teater.aiscr.cz/id/3725,288,288 352 583 597 598,
obrazový pramen symbolický,Symbolic Visual Source,teater,3726,https://teater.aiscr.cz/id/3726,288,288 352 583 597 598 3725,
obrazový pramen vlastní,Primary Visual Source,teater,3727,https://teater.aiscr.cz/id/3727,288,288 352 583 597 598 3725,
ústně předávaný pramen,Oral Tradition,teater,3728,https://teater.aiscr.cz/id/3728,288,288 352 583 597 598,
literární pramen,Literary Source,teater,3729,https://teater.aiscr.cz/id/3729,288,288 352 583 597 598 599,
zpovědní seznam,Confessional Registry,teater,3730,https://teater.aiscr.cz/id/3730,1788,1788 2181 2250,
soupis duší,Parish Family Book,teater,3731,https://teater.aiscr.cz/id/3731,1788,1788 2181 2250,
účetní materiál,Bookkeeping,teater,3732,https://teater.aiscr.cz/id/3732,1788,1788 2181 2250,
deník,Diary,teater,3733,https://teater.aiscr.cz/id/3733,1788,1788 2181,
cestovní deník,Travel Journal,teater,3734,https://teater.aiscr.cz/id/3734,1788,1788 2181,
památník,Album Amicorum,teater,3735,https://teater.aiscr.cz/id/3735,1788,1788 2181,
etruské umění,etruscan art,teater,3736,https://teater.aiscr.cz/id/3736,288,288 352 427 502 503,
raně křesťanské umění,early Christian art,teater,3737,https://teater.aiscr.cz/id/3737,288,288 352 427 502 503,
středověké umění,medieval art,teater,3738,https://teater.aiscr.cz/id/3738,288,288 352 427 502,
rokoko,rococo,teater,3739,https://teater.aiscr.cz/id/3739,288,288 352 427 502 504,
umění 19. století,art of the 19th century,teater,3740,https://teater.aiscr.cz/id/3740,288,288 352 427 502,
historismus,historicism,teater,3741,https://teater.aiscr.cz/id/3741,288,288 352 427 502 3740,
romantický historismus,romantic historicism,teater,3742,https://teater.aiscr.cz/id/3742,288,288 352 427 502 3740 3741,
neorománský sloh,neo–Romanesque,teater,3743,https://teater.aiscr.cz/id/3743,288,288 352 427 502 3740 3741,
neogotický sloh,neo–Gothic,teater,3744,https://teater.aiscr.cz/id/3744,288,288 352 427 502 3740 3741,
neorenesanční sloh,neo–Renaissance,teater,3745,https://teater.aiscr.cz/id/3745,288,288 352 427 502 3740 3741,
neobarokní sloh,neo–Baroque,teater,3746,https://teater.aiscr.cz/id/3746,288,288 352 427 502 3740 3741,
umění 20. století,20th–century art,teater,3747,https://teater.aiscr.cz/id/3747,288,288 352 427 502,
dórský stavební řád,doric order,teater,3748,https://teater.aiscr.cz/id/3748,288,288 352 427 428 429 2739,
iónský stavební řád,ionic order,teater,3749,https://teater.aiscr.cz/id/3749,288,288 352 427 428 429 2739,
korintský stavební řád,corinthian order,teater,3750,https://teater.aiscr.cz/id/3750,288,288 352 427 428 429 2739,
manýristická architektura,mannerist architecture,teater,3751,https://teater.aiscr.cz/id/3751,288,288 352 427 428 433,
rokoková architektura,rococo architecture,teater,3752,https://teater.aiscr.cz/id/3752,288,288 352 427 428 432,
architektura 19. století,19th-century architecture,teater,3753,https://teater.aiscr.cz/id/3753,288,288 352 427 428,
antické malířství,ancient painting,teater,3754,https://teater.aiscr.cz/id/3754,288,288 352 427 438,
řecké antické malířství,ancient greeek painting,teater,3755,https://teater.aiscr.cz/id/3755,288,288 352 427 438 3754,
etruské malířství,etruscan painting,teater,3756,https://teater.aiscr.cz/id/3756,288,288 352 427 438 3754,
římské antické malířství,ancient Roman painting,teater,3757,https://teater.aiscr.cz/id/3757,288,288 352 427 438 3754,
raně křesťanské malířství,early Christian painting,teater,3758,https://teater.aiscr.cz/id/3758,288,288 352 427 438 3754,
manýristické malířství,mannerist painting,teater,3759,https://teater.aiscr.cz/id/3759,288,288 352 427 438 441,
rokokové malířství,rococo painting,teater,3760,https://teater.aiscr.cz/id/3760,288,288 352 427 438 439,
malířství 19. století,19th century painting,teater,3761,https://teater.aiscr.cz/id/3761,288,288 352 427 438,
malířství klasicismu,classicism painting,teater,3762,https://teater.aiscr.cz/id/3762,288,288 352 427 438 3761,
malířství romantismu,romantic painting,teater,3763,https://teater.aiscr.cz/id/3763,288,288 352 427 438 3761,
malířství realismu,realism painting,teater,3764,https://teater.aiscr.cz/id/3764,288,288 352 427 438 3761,
impresionismus,impressionism,teater,3765,https://teater.aiscr.cz/id/3765,288,288 352 427 438 3761,
secesní malířství,Art Nouveau painting,teater,3766,https://teater.aiscr.cz/id/3766,288,288 352 427 438 3761,
etruské sochařství,etruscan sculpture,teater,3767,https://teater.aiscr.cz/id/3767,288,288 352 427 445 446,
raně křesťanské sochařství,early Christian sculpture,teater,3768,https://teater.aiscr.cz/id/3768,288,288 352 427 445 446,
středověké sochařství,medieval sculpture,teater,3769,https://teater.aiscr.cz/id/3769,288,288 352 427 445,
sochařství 19. století,19th century sculpture,teater,3770,https://teater.aiscr.cz/id/3770,288,288 352 427 445,
dagerotypie,daguerreotype,teater,3771,https://teater.aiscr.cz/id/3771,288,288 352 427 437,
archerotypie,collodion process,teater,3772,https://teater.aiscr.cz/id/3772,288,288 352 427 437,
kalotypie,calotype,teater,3773,https://teater.aiscr.cz/id/3773,288,288 352 427 437,
ambrotypie,ambrotype,teater,3774,https://teater.aiscr.cz/id/3774,288,288 352 427 437,
ferrotypie,ferrotype,teater,3775,https://teater.aiscr.cz/id/3775,288,288 352 427 437,
pannotypie,pannotype,teater,3776,https://teater.aiscr.cz/id/3776,288,288 352 427 437,
analýza uměleckého díla,artwork analysis,teater,3777,https://teater.aiscr.cz/id/3777,288,288 352 427 453,
umělecký směr,art style,teater,3778,https://teater.aiscr.cz/id/3778,288,288 352 427,
umělecká škola,art school,teater,3779,https://teater.aiscr.cz/id/3779,288,288 352 427,
barbizonská škola,Barbizon school,teater,3780,https://teater.aiscr.cz/id/3780,288,288 352 427 3779,
berlínská škola,Berlin school,teater,3781,https://teater.aiscr.cz/id/3781,288,288 352 427 3779,
pařížská škola,School of Paris,teater,3782,https://teater.aiscr.cz/id/3782,288,288 352 427 3779,
vídeňská škola dějin umění,Vienna School of Art History,teater,3783,https://teater.aiscr.cz/id/3783,288,288 352 427 3779,
donátor,donor,teater,3784,https://teater.aiscr.cz/id/3784,288,288 352 427 486,
donátorka,donor (female),teater,3785,https://teater.aiscr.cz/id/3785,288,288 352 427 486,
architekt,architect,teater,3786,https://teater.aiscr.cz/id/3786,288,288 352 427 486 492,
architektka,architect (female),teater,3787,https://teater.aiscr.cz/id/3787,288,288 352 427 486 497,
šaman,shaman,teater,3788,https://teater.aiscr.cz/id/3788,3094,3094 3095,
démon,demon,teater,3789,https://teater.aiscr.cz/id/3789,288,288 352 680 681 683 684 686,
démonolatrie,demonolatry,teater,3790,https://teater.aiscr.cz/id/3790,288,288 352 680 681 683 684 686 3789,
fetišismus,Fetishism,teater,3791,https://teater.aiscr.cz/id/3791,288,288 352 680 681 683 684,
fetiš,fetish,teater,3792,https://teater.aiscr.cz/id/3792,288,288 352 680 681 683 684 3791,
ortodoxie,orthodoxy,teater,3793,https://teater.aiscr.cz/id/3793,288,288 352 680 681 683,
heterodoxie,heterodoxy,teater,3794,https://teater.aiscr.cz/id/3794,288,288 352 680 681 683,
islám,Islam,teater,3795,https://teater.aiscr.cz/id/3795,288,288 352 680 681 683 691 692,
agnus dei,Lamb of God,teater,3796,https://teater.aiscr.cz/id/3796,288,288 352 680 681 683 691 692 693,
agnůstek (přívěsek),Agnus Dei (pendant),teater,3797,https://teater.aiscr.cz/id/3797,1788,1788 2374,
archa,ark,teater,3798,https://teater.aiscr.cz/id/3798,288,288 352 680 681 683 691 692 693,
apokalypsa,apocalypse,teater,3799,https://teater.aiscr.cz/id/3799,288,288 352 680 681 683 691 692 693,
apologetika,apologetics,teater,3800,https://teater.aiscr.cz/id/3800,288,288 352 680 681 683 691 692 693,
apoštol,Apostle,teater,3801,https://teater.aiscr.cz/id/3801,288,288 352 680 681 683 691 692 693,
cherub,cherub,teater,3802,https://teater.aiscr.cz/id/3802,288,288 352 680 681 683 691 692 693,
ekumenismus,ecumenism,teater,3803,https://teater.aiscr.cz/id/3803,288,288 352 680 681 683 691 692 693,
epištola,carta,teater,3804,https://teater.aiscr.cz/id/3804,288,288 352 680 681 683 691 692 693,
exarcha,Exarch,teater,3805,https://teater.aiscr.cz/id/3805,3094,3094 3095,
genesis,Book of Genesis,teater,3806,https://teater.aiscr.cz/id/3806,288,288 352 680 681 683 691 692 693,
jan křtitel,John the Baptist,teater,3807,https://teater.aiscr.cz/id/3807,288,288 352 680 681 683 691 692 693,
ježíš kristus,Jesus,teater,3808,https://teater.aiscr.cz/id/3808,288,288 352 680 681 683 691 692 693,
pantokrator,Christ Pantocrator,teater,3809,https://teater.aiscr.cz/id/3809,288,288 352 680 681 683 691 692 693 3808,
christogram,Christogram,teater,3810,https://teater.aiscr.cz/id/3810,288,288 352 680 681 683 691 692 693 3808,
krucifix,crucifix,teater,3811,https://teater.aiscr.cz/id/3811,288,288 352 680 681 683 691 692 693,
habáni,Habans,teater,3812,https://teater.aiscr.cz/id/3812,288,288 352 680 681 683 691 692 693 694 695,
anathéma,anathema,teater,3813,https://teater.aiscr.cz/id/3813,288,288 352 680 681 683 691 692 693 741,
kult svatých,Veneration,teater,3814,https://teater.aiscr.cz/id/3814,288,288 352 680 681 683 691 692 693 752,
kříž,Christian cross,teater,3815,https://teater.aiscr.cz/id/3815,288,288 352 680 681 683 691 692 693,
judaismus,Judaism,teater,3816,https://teater.aiscr.cz/id/3816,288,288 352 680 681 683 691 692,
jahve,Yahweh,teater,3817,https://teater.aiscr.cz/id/3817,288,288 352 680 681 683 691 692 3816,
židé,Jewish people,teater,3818,https://teater.aiscr.cz/id/3818,288,288 352 680 681 683 691 692 3816,
panenteismus,panentheism,teater,3819,https://teater.aiscr.cz/id/3819,288,288 352 680 681 683 691,
dualismus,dualism,teater,3820,https://teater.aiscr.cz/id/3820,288,288 352 680 681 683,
mazdaismus,mazdaism,teater,3821,https://teater.aiscr.cz/id/3821,288,288 352 680 681 683 3820,
zoroastrizmus,zoroastrianism,teater,3822,https://teater.aiscr.cz/id/3822,288,288 352 680 681 683 3820,
zarathuštra,Zoroaster,teater,3823,https://teater.aiscr.cz/id/3823,288,288 352 680 681 683 3820 3822,
apotropsion,apotropaic magic,teater,3824,https://teater.aiscr.cz/id/3824,288,288 352 680 681 682,
agnosticizmus,agnosticism,teater,3825,https://teater.aiscr.cz/id/3825,288,288 352 680 681 827,
anděl,angel,teater,3826,https://teater.aiscr.cz/id/3826,288,288 352 680 681 827,
archanděl,archangel,teater,3827,https://teater.aiscr.cz/id/3827,288,288 352 680 681 827 3826,
atribut,Attribute,teater,3828,https://teater.aiscr.cz/id/3828,288,288 352 680 681 827,
bůh,God,teater,3829,https://teater.aiscr.cz/id/3829,288,288 352 680 681 827,
chtonické božstvo,earth deity,teater,3830,https://teater.aiscr.cz/id/3830,288,288 352 680 681 827 3829,
astrální božstvo,solar deity,teater,3831,https://teater.aiscr.cz/id/3831,288,288 352 680 681 827 3829,
církev,church congregation,teater,3832,https://teater.aiscr.cz/id/3832,288,288 352 680 681 827,
charizma,charisma,teater,3833,https://teater.aiscr.cz/id/3833,288,288 352 680 681 827,
dogma,dogma,teater,3834,https://teater.aiscr.cz/id/3834,288,288 352 680 681 827,
duch,ghost,teater,3835,https://teater.aiscr.cz/id/3835,288,288 352 680 681 827,
duše,soul,teater,3836,https://teater.aiscr.cz/id/3836,288,288 352 680 681 827,
ďábel,devil,teater,3837,https://teater.aiscr.cz/id/3837,288,288 352 680 681 827,
eschatologie,eschatology,teater,3838,https://teater.aiscr.cz/id/3838,288,288 352 680 681 827,
esoterismus,esotericism,teater,3839,https://teater.aiscr.cz/id/3839,288,288 352 680 681 827,
alchymie,Alchemy,teater,3840,https://teater.aiscr.cz/id/3840,288,288 352 680 681 827 3839,
astrologie,astrology,teater,3841,https://teater.aiscr.cz/id/3841,288,288 352 680 681 827 3839,
gnosticismus,gnosticism,teater,3842,https://teater.aiscr.cz/id/3842,288,288 352 680 681 827,
gnóze,gnosis,teater,3843,https://teater.aiscr.cz/id/3843,288,288 352 680 681 827 3842,
magie,magic,teater,3844,https://teater.aiscr.cz/id/3844,288,288 352 680 681 827,
homeopatická magie,Homeopathic magic,teater,3845,https://teater.aiscr.cz/id/3845,288,288 352 680 681 827 3844 3847,
kontaktní magie,contagious magic,teater,3846,https://teater.aiscr.cz/id/3846,288,288 352 680 681 827 3844 3847,
sympatetická magie,sympathetic magic,teater,3847,https://teater.aiscr.cz/id/3847,288,288 352 680 681 827 3844,
náboženské bratrstvo,fraternal organization,teater,3848,https://teater.aiscr.cz/id/3848,288,288 352 680 681 827,
okultismus,occultism,teater,3849,https://teater.aiscr.cz/id/3849,288,288 352 680 681 827,
psychopomp,psychopomp,teater,3850,https://teater.aiscr.cz/id/3850,288,288 352 680 681 827,
věštba,divination,teater,3851,https://teater.aiscr.cz/id/3851,288,288 352 680 681 827,
geomancie,geomancy,teater,3852,https://teater.aiscr.cz/id/3852,288,288 352 680 681 827 3851,
advent,Advent,teater,3853,https://teater.aiscr.cz/id/3853,288,288 352 680 681 829,
askeze,asceticism,teater,3854,https://teater.aiscr.cz/id/3854,288,288 352 680 681 829,
bakchanálie,Bacchanalia,teater,3855,https://teater.aiscr.cz/id/3855,288,288 352 680 681 829,
blahořečení,beatification,teater,3856,https://teater.aiscr.cz/id/3856,288,288 352 680 681 829,
rituál,ritual,teater,3857,https://teater.aiscr.cz/id/3857,288,288 352 680 681 829,
filozofie náboženství,philosophy of religion,teater,3858,https://teater.aiscr.cz/id/3858,288,288 352 680 3909,
kognitivní psychologie,cognitive psychology,teater,3859,https://teater.aiscr.cz/id/3859,288,288 352 680 3909,
komparativní religionistika,comparative religion,teater,3860,https://teater.aiscr.cz/id/3860,288,288 352 680 3909,
posvátný háj,sacred grove,teater,3861,https://teater.aiscr.cz/id/3861,1267,1267 1303 1345,
enkolpión,engolpion,teater,3862,https://teater.aiscr.cz/id/3862,1788,1788 2374 2375,
mariánský amulet,Miraculous Medal,teater,3863,https://teater.aiscr.cz/id/3863,1788,1788 2374 2375,
dóm,duomo,teater,3864,https://teater.aiscr.cz/id/3864,1267,1267 1303 1322 1333,
chrám,temple,teater,3865,https://teater.aiscr.cz/id/3865,1267,1267 1303,
kouzelník,magician,teater,3866,https://teater.aiscr.cz/id/3866,3094,3094 3095,
věštec,oracle,teater,3867,https://teater.aiscr.cz/id/3867,3094,3094 3095,
bakchantky,Maenad,teater,3868,https://teater.aiscr.cz/id/3868,3094,3094 3095 3112,
psychologie náboženství,psychology of religion,teater,3869,https://teater.aiscr.cz/id/3869,288,288 352 680 3909,
behaviorismus,behaviorism,teater,3870,https://teater.aiscr.cz/id/3870,288,288 352 680 3907,
fenomenologie náboženství,phenomenology of religion,teater,3872,https://teater.aiscr.cz/id/3872,288,288 352 680 3907,
kefalometrie,cephalometry,teater,3873,https://teater.aiscr.cz/id/3873,288,288 352 353 354 356,
osteometrie,osteometry,teater,3874,https://teater.aiscr.cz/id/3874,288,288 352 353 354 356,
somatometrie,somatometry,teater,3875,https://teater.aiscr.cz/id/3875,288,288 352 353 354 356,
morfometrie,morphometry,teater,3876,https://teater.aiscr.cz/id/3876,288,288 352 353 354,
morfoskopie,morphoscopy,teater,3877,https://teater.aiscr.cz/id/3877,288,288 352 353 354,
odhad dožitého věku podle kostry,age estimation of skeletal remains,teater,3878,https://teater.aiscr.cz/id/3878,288,288 352 353 354,
odhad výšky postavy,stature estimation,teater,3879,https://teater.aiscr.cz/id/3879,288,288 352 353 354,
určení pohlaví podle kostry,sex estimation,teater,3880,https://teater.aiscr.cz/id/3880,288,288 352 353 354,
určení populační afinity,ancestry estimation,teater,3881,https://teater.aiscr.cz/id/3881,288,288 352 353 354,
zúčastněné pozorování,participant observation,teater,3882,https://teater.aiscr.cz/id/3882,288,288 352 353 354,
homo antecessor,Homo antecessor,teater,3883,https://teater.aiscr.cz/id/3883,288,288 352 353 360 361 364,
homo ergaster,Homo ergaster,teater,3884,https://teater.aiscr.cz/id/3884,288,288 352 353 360 361 364,
kulturní vzor,pattern of culture,teater,3885,https://teater.aiscr.cz/id/3885,288,288 352 353 360 374,
bar micva,Bar Mitzvah,teater,3886,https://teater.aiscr.cz/id/3886,288,288 352 353 360 374 379,
obřízka,circumcision,teater,3887,https://teater.aiscr.cz/id/3887,288,288 352 353 360 374 379,
antropologie náboženství,anthropology of religion,teater,3888,https://teater.aiscr.cz/id/3888,288,288 352 353 392,
antropologie sexuality,anthropology of sexuality,teater,3889,https://teater.aiscr.cz/id/3889,288,288 352 353 392,
antropologie smrti,anthropology of death,teater,3890,https://teater.aiscr.cz/id/3890,288,288 352 353 392,
archeologická antropologie,archaeological anthropology,teater,3891,https://teater.aiscr.cz/id/3891,288,288 352 353 392,
dentální antropologie,dental anthropology,teater,3892,https://teater.aiscr.cz/id/3892,288,288 352 353 392,
difuzionistická antropologie,diffusionism,teater,3893,https://teater.aiscr.cz/id/3893,288,288 352 353 392,
evolucionistická antropologie,evolutionistic anthropology,teater,3894,https://teater.aiscr.cz/id/3894,288,288 352 353 392,
evoluční antropologie,evolutionary anthropology,teater,3895,https://teater.aiscr.cz/id/3895,288,288 352 353 392,
filosofická antropologie,philosophical anthropology,teater,3896,https://teater.aiscr.cz/id/3896,288,288 352 353 392,
forenzní antropologie,forensic anthropology,teater,3897,https://teater.aiscr.cz/id/3897,288,288 352 353 392,
funkcionalistická antropologie,functionalist anthropology,teater,3898,https://teater.aiscr.cz/id/3898,288,288 352 353 392,
integrální antropologie,integral anthropology,teater,3899,https://teater.aiscr.cz/id/3899,288,288 352 353 392,
kinantropologie,kinanthropology,teater,3900,https://teater.aiscr.cz/id/3900,288,288 352 353 392,
konfiguracionistická antropologie,configurationism,teater,3901,https://teater.aiscr.cz/id/3901,288,288 352 353 392,
poststrukturální antropologie,poststructuralism,teater,3902,https://teater.aiscr.cz/id/3902,288,288 352 353 392,
virtuální antropologie,virtual anthropology,teater,3903,https://teater.aiscr.cz/id/3903,288,288 352 353 392,
zhuštěný popis,thick description,teater,3904,https://teater.aiscr.cz/id/3904,288,288 352 353 354,
dogmatismus,Dogmatism,teater,3905,https://teater.aiscr.cz/id/3905,288,288 352 680 681 827 3834,
církevní řád,religious order,teater,3906,https://teater.aiscr.cz/id/3906,288,288 352 680 681 683 691 692 693 792 794 795,
metody (religionistika),methods (religious science),teater,3907,https://teater.aiscr.cz/id/3907,288,288 352 680,
panteismus,pantheism,teater,3908,https://teater.aiscr.cz/id/3908,288,288 352 680 681 683 691,
subobor (religionistika),subfield (religious science),teater,3909,https://teater.aiscr.cz/id/3909,288,288 352 680,
barbaři,Barbarian,teater,3910,https://teater.aiscr.cz/id/3910,2557,2557 2560,
belgové,Belgae,teater,3911,https://teater.aiscr.cz/id/3911,2557,2557 2560,
karpové,Carpi,teater,3912,https://teater.aiscr.cz/id/3912,2557,2557 2560 2587,
dolopové,Dolopes,teater,3913,https://teater.aiscr.cz/id/3913,2557,2557 2560,
eburonové,Eburones,teater,3914,https://teater.aiscr.cz/id/3914,2557,2557 2560,
féničané,Phoenicians,teater,3915,https://teater.aiscr.cz/id/3915,2557,2557 2560,
frýgové,Phrygians,teater,3916,https://teater.aiscr.cz/id/3916,2557,2557 2560,
batavové,Batavi,teater,3917,https://teater.aiscr.cz/id/3917,2557,2557 2560 2595 2596,
hermunduři,Hermunduri,teater,3918,https://teater.aiscr.cz/id/3918,2557,2557 2560 2595 2596,
chattové,Chatti,teater,3919,https://teater.aiscr.cz/id/3919,2557,2557 2560 2595 2596,
cheruskové,Cherusci,teater,3920,https://teater.aiscr.cz/id/3920,2557,2557 2560 2595 2596,
kimbrové,Cimbri,teater,3921,https://teater.aiscr.cz/id/3921,2557,2557 2560 2595 2596,
teutoni,Teutons,teater,3922,https://teater.aiscr.cz/id/3922,2557,2557 2560 2595 2596,
treverové,Treveri,teater,3923,https://teater.aiscr.cz/id/3923,2557,2557 2560 2595 2596,
ubiové,Ubii,teater,3924,https://teater.aiscr.cz/id/3924,2557,2557 2560 2595 2596,
chaldejci,Chaldea,teater,3925,https://teater.aiscr.cz/id/3925,2557,2557 2560,
chalybové,Chalybes,teater,3926,https://teater.aiscr.cz/id/3926,2557,2557 2560,
chetité,Hittites,teater,3927,https://teater.aiscr.cz/id/3927,2557,2557 2560,
ilyrské etnika a kmeny,Illyrian ethnic groups and tribes,teater,3928,https://teater.aiscr.cz/id/3928,2557,2557 2560 2637,
liburnové,Liburnians,teater,3929,https://teater.aiscr.cz/id/3929,2557,2557 2560 2637 3928,
isaurové,Isauri,teater,3930,https://teater.aiscr.cz/id/3930,2557,2557 2560,
italikové,Italic peoples,teater,3931,https://teater.aiscr.cz/id/3931,2557,2557 2560,
marsové,Marsi,teater,3932,https://teater.aiscr.cz/id/3932,2557,2557 2560 3931,
kantabrové,Cantabri,teater,3933,https://teater.aiscr.cz/id/3933,2557,2557 2560,
kárové,Carians,teater,3934,https://teater.aiscr.cz/id/3934,2557,2557 2560,
galatové,Galatians,teater,3935,https://teater.aiscr.cz/id/3935,2557,2557 2560 2644 2676,
haeduové,Haedui,teater,3936,https://teater.aiscr.cz/id/3936,2557,2557 2560 2644 2676,
helvetiové,Helvetii,teater,3937,https://teater.aiscr.cz/id/3937,2557,2557 2560 2644 2676,
insubrové,Insubres,teater,3938,https://teater.aiscr.cz/id/3938,2557,2557 2560 2644 2676,
nerviové,Nervii,teater,3939,https://teater.aiscr.cz/id/3939,2557,2557 2560 2644 2676,
parisiové,Parisii,teater,3940,https://teater.aiscr.cz/id/3940,2557,2557 2560 2644 2676,
sékvanové,Sequani,teater,3941,https://teater.aiscr.cz/id/3941,2557,2557 2560 2644 2676,
senonové,Senones,teater,3942,https://teater.aiscr.cz/id/3942,2557,2557 2560 2644 2676,
sequanové,Sequani,teater,3943,https://teater.aiscr.cz/id/3943,2557,2557 2560 2644 2676,
koptové,Copts,teater,3944,https://teater.aiscr.cz/id/3944,2557,2557 2560,
kotinové,Cotini,teater,3945,https://teater.aiscr.cz/id/3945,2557,2557 2560,
latinové,Latins,teater,3946,https://teater.aiscr.cz/id/3946,2557,2557 2560,
ligurové,Ligures,teater,3947,https://teater.aiscr.cz/id/3947,2557,2557 2560,
médové,Medes,teater,3948,https://teater.aiscr.cz/id/3948,2557,2557 2560,
massagetové,Massagetae,teater,3949,https://teater.aiscr.cz/id/3949,2557,2557 2560,
messapiové,Messapii,teater,3950,https://teater.aiscr.cz/id/3950,2557,2557 2560,
mořské národy,Sea Peoples,teater,3951,https://teater.aiscr.cz/id/3951,2557,2557 2560,
nabatejci,Nabataeans,teater,3952,https://teater.aiscr.cz/id/3952,2557,2557 2560,
oskové,Osci,teater,3953,https://teater.aiscr.cz/id/3953,2557,2557 2560,
osové,Osi,teater,3954,https://teater.aiscr.cz/id/3954,2557,2557 2560,
paelignové,Paeligni,teater,3955,https://teater.aiscr.cz/id/3955,2557,2557 2560,
parthové,Parthians,teater,3956,https://teater.aiscr.cz/id/3956,2557,2557 2560,
pelasgové,Pelasgians,teater,3957,https://teater.aiscr.cz/id/3957,2557,2557 2560,
danaové,Denyen,teater,3958,https://teater.aiscr.cz/id/3958,2557,2557 2560 2719 2720,
sparťané,Spartiate,teater,3959,https://teater.aiscr.cz/id/3959,2557,2557 2560 2719 2720 2723,
lokrové,Locrians,teater,3960,https://teater.aiscr.cz/id/3960,2557,2557 2560 2719 2720,
magnétové,Magnetes,teater,3961,https://teater.aiscr.cz/id/3961,2557,2557 2560 2719 2720,
minyové,Minyans,teater,3962,https://teater.aiscr.cz/id/3962,2557,2557 2560 2719 2720,
molossové,Molossi,teater,3963,https://teater.aiscr.cz/id/3963,2557,2557 2560 2719 2720,
attičtina,Attic Greek,teater,3964,https://teater.aiscr.cz/id/3964,2557,2557 2560 2719 2725 2758,
quirité,Quirites,teater,3965,https://teater.aiscr.cz/id/3965,2557,2557 2560 2766 2767,
roxolani,Roxolani,teater,3966,https://teater.aiscr.cz/id/3966,2557,2557 2560,
sabellové,Sabellians,teater,3967,https://teater.aiscr.cz/id/3967,2557,2557 2560,
sabinové,Sabines,teater,3968,https://teater.aiscr.cz/id/3968,2557,2557 2560,
samnité,Samnites,teater,3969,https://teater.aiscr.cz/id/3969,2557,2557 2560,
jazygové,Iazyges,teater,3970,https://teater.aiscr.cz/id/3970,2557,2557 2560 2804,
sikanové,Sicani,teater,3971,https://teater.aiscr.cz/id/3971,2557,2557 2560,
taurové,Tauri,teater,3972,https://teater.aiscr.cz/id/3972,2557,2557 2560,
thessalové,Thessali,teater,3973,https://teater.aiscr.cz/id/3973,2557,2557 2560,
trójané,Trojans,teater,3974,https://teater.aiscr.cz/id/3974,2557,2557 2560,
umbrové,Umbri,teater,3975,https://teater.aiscr.cz/id/3975,2557,2557 2560,
venedové,Venethi,teater,3976,https://teater.aiscr.cz/id/3976,2557,2557 2560,
vindelikové,Vindelici,teater,3977,https://teater.aiscr.cz/id/3977,2557,2557 2560,
volskové,Volsci,teater,3978,https://teater.aiscr.cz/id/3978,2557,2557 2560,
židé,Jewish people,teater,3979,https://teater.aiscr.cz/id/3979,2557,2557 2560,
achaia,Achaea,teater,3980,https://teater.aiscr.cz/id/3980,2557,2557 2900,
afrika,Africa,teater,3981,https://teater.aiscr.cz/id/3981,2557,2557 2900,
aígina,Aegina,teater,3982,https://teater.aiscr.cz/id/3982,2557,2557 2900,
akkad,Akkad,teater,3983,https://teater.aiscr.cz/id/3983,2557,2557 2900,
alpy,Alps,teater,3984,https://teater.aiscr.cz/id/3984,2557,2557 2900,
apulie,Apulia,teater,3985,https://teater.aiscr.cz/id/3985,2557,2557 2900,
arabský poloostrov,Arabian Peninsula,teater,3986,https://teater.aiscr.cz/id/3986,2557,2557 2900,
argolis,Argolis,teater,3987,https://teater.aiscr.cz/id/3987,2557,2557 2900,
arkádie (řecko),Arcadia,teater,3988,https://teater.aiscr.cz/id/3988,2557,2557 2900,
arménie,Armenia,teater,3989,https://teater.aiscr.cz/id/3989,2557,2557 2900,
asie,Asia,teater,3990,https://teater.aiscr.cz/id/3990,2557,2557 2900,
asie (římská provincie),Asia (Roman province),teater,3991,https://teater.aiscr.cz/id/3991,2557,2557 2900,
asýrie,Assyria,teater,3992,https://teater.aiscr.cz/id/3992,2557,2557 2900,
atika,Attica,teater,3993,https://teater.aiscr.cz/id/3993,2557,2557 2900,
atlas (pohoří),Atlas Mountains,teater,3994,https://teater.aiscr.cz/id/3994,2557,2557 2900,
azovské moře (ukrajina a rusko),Sea of Azov,teater,3995,https://teater.aiscr.cz/id/3995,2557,2557 2900,
babylónie,Babylonia,teater,3996,https://teater.aiscr.cz/id/3996,2557,2557 2900,
baktrie,Bactria,teater,3997,https://teater.aiscr.cz/id/3997,2557,2557 2900,
barbarikum,Barbaricum,teater,3998,https://teater.aiscr.cz/id/3998,2557,2557 2900,
bíthýnie,Bithynia,teater,3999,https://teater.aiscr.cz/id/3999,2557,2557 2900,
boiohaemum,Bohemia,teater,4000,https://teater.aiscr.cz/id/4000,2557,2557 2900,
boiótie,Boeotia,teater,4001,https://teater.aiscr.cz/id/4001,2557,2557 2900,
bospor (turecko : průliv),Bosporus,teater,4002,https://teater.aiscr.cz/id/4002,2557,2557 2900,
bosporská říše,Bosporan Kingdom,teater,4003,https://teater.aiscr.cz/id/4003,2557,2557 2900,
bruttium,Bruttium,teater,4004,https://teater.aiscr.cz/id/4004,2557,2557 2900,
černé moře (oblast),Black Sea,teater,4005,https://teater.aiscr.cz/id/4005,2557,2557 2900,
dardanely (turecko : průliv),Dardanelles,teater,4006,https://teater.aiscr.cz/id/4006,2557,2557 2900,
délos (řecko : ostrov),Delos,teater,4007,https://teater.aiscr.cz/id/4007,2557,2557 2900,
egejské moře (oblast),Aegean Sea,teater,4008,https://teater.aiscr.cz/id/4008,2557,2557 2900,
starověký egypt,Ancient Egypt,teater,4009,https://teater.aiscr.cz/id/4009,2557,2557 2900,
elba (itálie : ostrov),Elba,teater,4010,https://teater.aiscr.cz/id/4010,2557,2557 2900,
élis (řecko),Elis,teater,4011,https://teater.aiscr.cz/id/4011,2557,2557 2900,
etiopie,Ethiopia,teater,4012,https://teater.aiscr.cz/id/4012,2557,2557 2900,
euboia (řecko : ostrov),Euboea,teater,4013,https://teater.aiscr.cz/id/4013,2557,2557 2900,
foiníkie,Phoenicia,teater,4014,https://teater.aiscr.cz/id/4014,2557,2557 2900,
fókis,Phocis,teater,4015,https://teater.aiscr.cz/id/4015,2557,2557 2900,
frýgie,Phrygia,teater,4016,https://teater.aiscr.cz/id/4016,2557,2557 2900,
galacie,Galatia,teater,4017,https://teater.aiscr.cz/id/4017,2557,2557 2900,
galské císařství,Gallic Empire,teater,4018,https://teater.aiscr.cz/id/4018,2557,2557 2900,
gandhára (pákistán a afghánistán),Gandhara,teater,4019,https://teater.aiscr.cz/id/4019,2557,2557 2900,
gibraltarský průliv (oblast),Strait of Gibraltar,teater,4020,https://teater.aiscr.cz/id/4020,2557,2557 2900,
hellas,Hellas,teater,4021,https://teater.aiscr.cz/id/4021,2557,2557 2900,
hercynský les,Hercynian Forest,teater,4022,https://teater.aiscr.cz/id/4022,2557,2557 2900,
chalkidiki (řecko),Chalkidiki,teater,4023,https://teater.aiscr.cz/id/4023,2557,2557 2900,
iónie (turecko),Ionia,teater,4024,https://teater.aiscr.cz/id/4024,2557,2557 2900,
ionské moře,Ionian Sea,teater,4025,https://teater.aiscr.cz/id/4025,2557,2557 2900,
starověká indie,India,teater,4026,https://teater.aiscr.cz/id/4026,2557,2557 2900,
isthmos (řecko),Isthmus,teater,4027,https://teater.aiscr.cz/id/4027,2557,2557 2900,
istrijský poloostrov (chorvatsko a slovinsko),Istria,teater,4028,https://teater.aiscr.cz/id/4028,2557,2557 2900,
itálie,Italia,teater,4029,https://teater.aiscr.cz/id/4029,2557,2557 2900,
jazyky v itálii,Italic languages,teater,4030,https://teater.aiscr.cz/id/4030,2557,2557 2900 4029,
jaderské moře,Adriatic Sea,teater,4031,https://teater.aiscr.cz/id/4031,2557,2557 2900,
jordán (řeka),Jordan River,teater,4032,https://teater.aiscr.cz/id/4032,2557,2557 2900,
judea,Judaea,teater,4033,https://teater.aiscr.cz/id/4033,2557,2557 2900,
kalábrie (itálie : kraj),Calabria,teater,4034,https://teater.aiscr.cz/id/4034,2557,2557 2900,
kampánie (itálie : kraj),Campania,teater,4035,https://teater.aiscr.cz/id/4035,2557,2557 2900,
kanaán,Canaan,teater,4036,https://teater.aiscr.cz/id/4036,2557,2557 2900,
kappadokie (turecko),Cappadocia,teater,4037,https://teater.aiscr.cz/id/4037,2557,2557 2900,
kárie,Caria,teater,4038,https://teater.aiscr.cz/id/4038,2557,2557 2900,
kartágo (zaniklé město),Carthage,teater,4039,https://teater.aiscr.cz/id/4039,2557,2557 2900,
kavkaz (pohoří : oblast),Caucasus Mountains,teater,4040,https://teater.aiscr.cz/id/4040,2557,2557 2900,
kilíkie (turecko),Cilicia,teater,4041,https://teater.aiscr.cz/id/4041,2557,2557 2900,
kolchida,Colchis,teater,4042,https://teater.aiscr.cz/id/4042,2557,2557 2900,
korfu (řecko : ostrov),Corfu,teater,4043,https://teater.aiscr.cz/id/4043,2557,2557 2900,
korsika (francie),Corsica,teater,4044,https://teater.aiscr.cz/id/4044,2557,2557 2900,
kós (řecko : ostrov),Kos,teater,4045,https://teater.aiscr.cz/id/4045,2557,2557 2900,
kréta (řecko : ostrov),Crete,teater,4046,https://teater.aiscr.cz/id/4046,2557,2557 2900,
kyklady (řecko : souostroví),Cyclades,teater,4047,https://teater.aiscr.cz/id/4047,2557,2557 2900,
kypr,Cyprus,teater,4048,https://teater.aiscr.cz/id/4048,2557,2557 2900,
kyrenaika,Cyrenaica,teater,4049,https://teater.aiscr.cz/id/4049,2557,2557 2900,
kythéra,Kythira,teater,4050,https://teater.aiscr.cz/id/4050,2557,2557 2900,
lago di nemi (itálie : jezero),Lake Nemi,teater,4051,https://teater.aiscr.cz/id/4051,2557,2557 2900,
lakónie (řecko),Laconia,teater,4052,https://teater.aiscr.cz/id/4052,2557,2557 2900,
latium,Latium,teater,4053,https://teater.aiscr.cz/id/4053,2557,2557 2900,
lavrion (řecko),Laurium,teater,4054,https://teater.aiscr.cz/id/4054,2557,2557 2900,
lesbos (řecko : ostrov),Lesbos,teater,4055,https://teater.aiscr.cz/id/4055,2557,2557 2900,
libye,Ancient Libya,teater,4056,https://teater.aiscr.cz/id/4056,2557,2557 2900,
limnos (řecko : ostrov),Lemnos,teater,4057,https://teater.aiscr.cz/id/4057,2557,2557 2900,
liparské ostrovy (itálie),Lipari Islands,teater,4058,https://teater.aiscr.cz/id/4058,2557,2557 2900,
lokris,Locris,teater,4059,https://teater.aiscr.cz/id/4059,2557,2557 2900,
lukánie,Lucania,teater,4060,https://teater.aiscr.cz/id/4060,2557,2557 2900,
lusitánie,Lusitania,teater,4061,https://teater.aiscr.cz/id/4061,2557,2557 2900,
lýdie,Lydia,teater,4062,https://teater.aiscr.cz/id/4062,2557,2557 2900,
lýkie,Lycia,teater,4063,https://teater.aiscr.cz/id/4063,2557,2557 2900,
magnesia,Magnesia,teater,4064,https://teater.aiscr.cz/id/4064,2557,2557 2900,
malá asie,Asia Minor,teater,4065,https://teater.aiscr.cz/id/4065,2557,2557 2900,
mauretánie (království),Mauretania,teater,4066,https://teater.aiscr.cz/id/4066,2557,2557 2900,
médie,Media,teater,4067,https://teater.aiscr.cz/id/4067,2557,2557 2900,
megaris,Megara,teater,4068,https://teater.aiscr.cz/id/4068,2557,2557 2900,
messénie (řecko),Messenia,teater,4069,https://teater.aiscr.cz/id/4069,2557,2557 2900,
mezopotámie,Mesopotamia,teater,4070,https://teater.aiscr.cz/id/4070,2557,2557 2900,
milos (řecko),Milos,teater,4071,https://teater.aiscr.cz/id/4071,2557,2557 2900,
mýsie,Mysia,teater,4072,https://teater.aiscr.cz/id/4072,2557,2557 2900,
nil (řeka),Nile,teater,4073,https://teater.aiscr.cz/id/4073,2557,2557 2900,
numidie,Numidia,teater,4074,https://teater.aiscr.cz/id/4074,2557,2557 2900,
starověký orient,Orient,teater,4075,https://teater.aiscr.cz/id/4075,2557,2557 2900,
pád (itálie : řeka),Po,teater,4076,https://teater.aiscr.cz/id/4076,2557,2557 2900,
paflagonie,Paphlagonia,teater,4077,https://teater.aiscr.cz/id/4077,2557,2557 2900,
palestina,Palestine,teater,4078,https://teater.aiscr.cz/id/4078,2557,2557 2900,
pamfýlie,Pamphylia,teater,4079,https://teater.aiscr.cz/id/4079,2557,2557 2900,
parnas,Parnass,teater,4080,https://teater.aiscr.cz/id/4080,2557,2557 2900,
parthská říše,Parthian Empire,teater,4081,https://teater.aiscr.cz/id/4081,2557,2557 2900,
peloponés (řecko : poloostrov),Peloponnese,teater,4082,https://teater.aiscr.cz/id/4082,2557,2557 2900,
pentelikon,Penteliko Mountain,teater,4083,https://teater.aiscr.cz/id/4083,2557,2557 2900,
pergamon (zaniklé město),Pergamon,teater,4084,https://teater.aiscr.cz/id/4084,2557,2557 2900,
perská říše,Persian Empire,teater,4085,https://teater.aiscr.cz/id/4085,2557,2557 2900,
picenum,Picenum,teater,4086,https://teater.aiscr.cz/id/4086,2557,2557 2900,
pieria (řecko),Pieria,teater,4087,https://teater.aiscr.cz/id/4087,2557,2557 2900,
pontská říše,Kingdom of Pontus,teater,4088,https://teater.aiscr.cz/id/4088,2557,2557 2900,
pyreneje (francie a španělsko : pohoří),Pyrenees,teater,4089,https://teater.aiscr.cz/id/4089,2557,2557 2900,
starověké řecko,Ancient Greece,teater,4090,https://teater.aiscr.cz/id/4090,2557,2557 2900,
rhodos (řecko : ostrov),Rhodes,teater,4091,https://teater.aiscr.cz/id/4091,2557,2557 2900,
samařsko (západní břeh jordánu),Samaria,teater,4092,https://teater.aiscr.cz/id/4092,2557,2557 2900,
samnium (itálie),Samnium,teater,4093,https://teater.aiscr.cz/id/4093,2557,2557 2900,
sámos (řecko),Samos,teater,4094,https://teater.aiscr.cz/id/4094,2557,2557 2900,
samothraké (řecko : ostrov),Samothrace,teater,4095,https://teater.aiscr.cz/id/4095,2557,2557 2900,
sardinie (itálie),Sardinia,teater,4096,https://teater.aiscr.cz/id/4096,2557,2557 2900,
sarmatie,Sarmatia,teater,4097,https://teater.aiscr.cz/id/4097,2557,2557 2900,
seleukovská říše,Seleucid Empire,teater,4098,https://teater.aiscr.cz/id/4098,2557,2557 2900,
sicílie (itálie),Sicily,teater,4099,https://teater.aiscr.cz/id/4099,2557,2557 2900,
sinajský poloostrov (egypt),Sinai Peninsula,teater,4100,https://teater.aiscr.cz/id/4100,2557,2557 2900,
skýros (řecko : ostrov),Skyros,teater,4101,https://teater.aiscr.cz/id/4101,2557,2557 2900,
skýtie,Scythia,teater,4102,https://teater.aiscr.cz/id/4102,2557,2557 2900,
sporady (řecko : souostroví),Sporades,teater,4103,https://teater.aiscr.cz/id/4103,2557,2557 2900,
sumer,Sumer,teater,4104,https://teater.aiscr.cz/id/4104,2557,2557 2900,
starověká sýrie,Syria,teater,4105,https://teater.aiscr.cz/id/4105,2557,2557 2900,
taurus (turecko : pohoří),Taurus,teater,4106,https://teater.aiscr.cz/id/4106,2557,2557 2900,
táygetos,Taygetus,teater,4107,https://teater.aiscr.cz/id/4107,2557,2557 2900,
teutoburský les (německo),Teutoburg Forest,teater,4108,https://teater.aiscr.cz/id/4108,2557,2557 2900,
thassos (řecko : ostrov),Thasos,teater,4109,https://teater.aiscr.cz/id/4109,2557,2557 2900,
thesálie (řecko),Thessalia,teater,4110,https://teater.aiscr.cz/id/4110,2557,2557 2900,
thesprótia,Thesprotia,teater,4111,https://teater.aiscr.cz/id/4111,2557,2557 2900,
thíra (řecko),Thera,teater,4112,https://teater.aiscr.cz/id/4112,2557,2557 2900,
thúlé,Thule,teater,4113,https://teater.aiscr.cz/id/4113,2557,2557 2900,
tróas,Troad,teater,4114,https://teater.aiscr.cz/id/4114,2557,2557 2900,
tyrrhénské moře,Tyrrhenian Sea,teater,4115,https://teater.aiscr.cz/id/4115,2557,2557 2900,
umbrie (itálie : kraj),Umbria,teater,4116,https://teater.aiscr.cz/id/4116,2557,2557 2900,
vanniovo království,Kingdom of Vannius,teater,4117,https://teater.aiscr.cz/id/4117,2557,2557 2900,
velké řecko,Magna Graecia,teater,4118,https://teater.aiscr.cz/id/4118,2557,2557 2900,
venetie,Venetia,teater,4119,https://teater.aiscr.cz/id/4119,2557,2557 2900,
vindelicia,Vindelicia,teater,4120,https://teater.aiscr.cz/id/4120,2557,2557 2900,
odlesňování,deforestration,teater,4121,https://teater.aiscr.cz/id/4121,288,288 352 850 851 852,
teplomilná doubrava,Quercetea pubescentis,teater,4122,https://teater.aiscr.cz/id/4122,288,288 352 850 851 852,
zahradní kultivace,tillage,teater,4123,https://teater.aiscr.cz/id/4123,288,288 352 850 851 852,
genius loci,genius loci,teater,4124,https://teater.aiscr.cz/id/4124,288,288 352 850 851 869,
prameny přírodní,natural source of information,teater,4127,https://teater.aiscr.cz/id/4127,288,288 352 850 851 869 870,
fyzickogeografické podmínky,physical-geographical conditions,teater,4128,https://teater.aiscr.cz/id/4128,288,288 352 850 851 869,
desková tektonika,plate tectonics,teater,4129,https://teater.aiscr.cz/id/4129,288,288 352 850 851 869 4128,
glaciální relikt,glacial relict,teater,4130,https://teater.aiscr.cz/id/4130,288,288 352 850 851 869 4128,
hlubokomořská rovina,abyssal plain,teater,4131,https://teater.aiscr.cz/id/4131,288,288 352 850 851 869 4128,
magma,magma,teater,4132,https://teater.aiscr.cz/id/4132,288,288 352 850 851 869 4128,
údolní niva,floodplain,teater,4133,https://teater.aiscr.cz/id/4133,288,288 352 850 851 869 4128,
vegetační index,vegetation index,teater,4134,https://teater.aiscr.cz/id/4134,288,288 352 850 851 869 4128,
vulkanická erupce,volcanic eruption,teater,4135,https://teater.aiscr.cz/id/4135,288,288 352 850 851 869 4128,
zemětřesení,earthquake,teater,4136,https://teater.aiscr.cz/id/4136,288,288 352 850 851 869 4128,
sídlo,residential area,teater,4137,https://teater.aiscr.cz/id/4137,288,288 352 850 851 869 870,
areál komunity,community area,teater,4138,https://teater.aiscr.cz/id/4138,288,288 352 850 851 869 870 4137,
enkláva,enclave,teater,4139,https://teater.aiscr.cz/id/4139,288,288 352 850 851 869 870 4137,
globalizace,globalisation,teater,4140,https://teater.aiscr.cz/id/4140,288,288 352 850 851 869 870 4137,
industrializace,industrialization,teater,4141,https://teater.aiscr.cz/id/4141,288,288 352 850 851 869 870 4137,
kolonie,colony,teater,4142,https://teater.aiscr.cz/id/4142,288,288 352 850 851 869 870 4137,
městský systém,city system,teater,4143,https://teater.aiscr.cz/id/4143,288,288 352 850 851 869 870 4137,
městská služba,city services,teater,4144,https://teater.aiscr.cz/id/4144,288,288 352 850 851 869 870 4137,
preindustriální město,preindustrial city,teater,4145,https://teater.aiscr.cz/id/4145,288,288 352 850 851 869 870 4137,
protoindustrializace,proto-industrialization,teater,4146,https://teater.aiscr.cz/id/4146,288,288 352 850 851 869 870 4137,
sídelní areál,settlement area,teater,4147,https://teater.aiscr.cz/id/4147,288,288 352 850 851 869 870 4137,
symbolické místo,symbolic place,teater,4148,https://teater.aiscr.cz/id/4148,288,288 352 850 851 869 870 4137,
urbanizační proces,urbanization,teater,4149,https://teater.aiscr.cz/id/4149,288,288 352 850 851 869 870 4137,
imaginativní geografie,imaginative geography,teater,4150,https://teater.aiscr.cz/id/4150,288,288 352 850 851 873,
othering,othering,teater,4151,https://teater.aiscr.cz/id/4151,288,288 352 850 851 873 4150,
orientalismus,orientalism,teater,4152,https://teater.aiscr.cz/id/4152,288,288 352 850 851 873 4150,
urbanismus,urbanism,teater,4153,https://teater.aiscr.cz/id/4153,288,288 352 850 851 873 896 902,
zemědělský půdní fond,agricultural soil fund,teater,4154,https://teater.aiscr.cz/id/4154,288,288 352 850 851 873 912,
"teorie, metody a myšlení (geografie)","theory, methods and thinking (geography)",teater,4155,https://teater.aiscr.cz/id/4155,288,288 352 850 851,
metody a techniky geografického výzkumu,Methods and techniques of geographical research,teater,4156,https://teater.aiscr.cz/id/4156,288,288 352 850 851 4155,
dotazník (geografie),questionnaire (geography),teater,4157,https://teater.aiscr.cz/id/4157,288,288 352 850 851 4155 4156,
mentální mapa,mental map,teater,4158,https://teater.aiscr.cz/id/4158,288,288 352 850 851 4155 4156,
rozhovor (geografie),dialogue (geography),teater,4159,https://teater.aiscr.cz/id/4159,288,288 352 850 851 4155 4156,
pozorování (geografie),observation (geography),teater,4160,https://teater.aiscr.cz/id/4160,288,288 352 850 851 4155 4156,
geografické myšlení,geographic thinking,teater,4161,https://teater.aiscr.cz/id/4161,288,288 352 850 851 4155,
feministická geografie,feminist geography,teater,4162,https://teater.aiscr.cz/id/4162,288,288 352 850 851 4155 4161,
humanistická geografie,human geography,teater,4163,https://teater.aiscr.cz/id/4163,288,288 352 850 851 4155 4161,
geografický realismus,realistic geography,teater,4164,https://teater.aiscr.cz/id/4164,288,288 352 850 851 4155 4161,
postmodernismus,Postmodernism,teater,4165,https://teater.aiscr.cz/id/4165,288,288 352 850 851 4155 4161,
prostorová věda,Theoretical Geography,teater,4166,https://teater.aiscr.cz/id/4166,288,288 352 850 851 4155 4161,
přírodní determinismus,(Natural) Determinism,teater,4167,https://teater.aiscr.cz/id/4167,288,288 352 850 851 4155 4161,
radikální geografie,radical geography,teater,4168,https://teater.aiscr.cz/id/4168,288,288 352 850 851 4155 4161,
teorie strukturace,Structuration theory,teater,4169,https://teater.aiscr.cz/id/4169,288,288 352 850 851 4155 4161,
