cs,en,source,source_id,scheme,sub,theme,placed_by,same_as_count
areál jiné aktivity,other site,amcr,HES-000056,areal,areál aktivity,Activity Area,heslar:areal,0
areál nezemědělské výroby,production site,amcr,HES-000078,areal,areál aktivity,Activity Area,heslar:areal,0
areál těžby,extracting site,amcr,HES-000032,areal,areál aktivity,Activity Area,heslar:areal,0
areál vojenských aktivit,military site,amcr,HES-000041,areal,areál aktivity,Activity Area,heslar:areal,0
areál zemědělské výroby,agricultural production site,amcr,HES-000036,areal,areál aktivity,Activity Area,heslar:areal,0
boj,fighting activity,amcr,HES-000008,aktivita,aktivita,Activity Area,heslar:aktivita,0
bojiště,battlefield,amcr,HES-000042,areal,areál aktivity,Activity Area,heslar:areal,0
dehtárna,tar kiln,amcr,HES-000079,areal,areál aktivity,Activity Area,heslar:areal,0
deponování,deposition activity,amcr,HES-000007,aktivita,aktivita,Activity Area,heslar:aktivita,0
depot,hoard,amcr,HES-000051,areal,areál aktivity,Activity Area,heslar:areal,0
dvorec/dvůr,curia/manorial farm,amcr,HES-000014,areal,areál aktivity,Activity Area,heslar:areal,2
důl,mine,amcr,HES-000033,areal,areál aktivity,Activity Area,heslar:areal,0
hrad,castle,amcr,HES-000015,areal,areál aktivity,Activity Area,heslar:areal,0
hradiště,hillfort,amcr,HES-000072,areal,areál aktivity,Activity Area,heslar:areal,0
hrazené sídliště,enclosed settlement,amcr,HES-000064,areal,areál aktivity,Activity Area,heslar:areal,0
hrazený areál,enclosure,amcr,HES-000071,areal,areál aktivity,Activity Area,heslar:areal,0
intruze,intrusion,amcr,HES-000010,aktivita,aktivita,Activity Area,heslar:aktivita,0
izolovaný pohřeb,isolated grave,amcr,HES-000026,areal,areál aktivity,Activity Area,heslar:areal,0
jez,weir,amcr,HES-000052,areal,areál aktivity,Activity Area,heslar:areal,0
jiná aktivita,other activity,amcr,HES-000009,aktivita,aktivita,Activity Area,heslar:aktivita,0
kanál/náhon,channel/millrace,amcr,HES-000053,areal,areál aktivity,Activity Area,heslar:areal,1
klášter,monastery,amcr,HES-000073,areal,areál aktivity,Activity Area,heslar:areal,0
komunikace,transportation activity,amcr,HES-000006,aktivita,aktivita,Activity Area,heslar:aktivita,0
krajina,landscape,amcr,HES-000117,lokalita_druh,druh lokality,Activity Area,heslar:lokalita_druh,0
kult,ritual activity,amcr,HES-000005,aktivita,aktivita,Activity Area,heslar:aktivita,0
kultovní areál,ritual site,amcr,HES-000019,areal,areál aktivity,Activity Area,heslar:areal,0
kultovní místo,ritual place,amcr,HES-000023,areal,areál aktivity,Activity Area,heslar:areal,0
kříž/boží muka,cross/calvary,amcr,HES-000022,areal,areál aktivity,Activity Area,heslar:areal,0
lom,quarry,amcr,HES-000034,areal,areál aktivity,Activity Area,heslar:areal,0
milířiště,charcoal kiln,amcr,HES-000029,areal,areál aktivity,Activity Area,heslar:areal,0
most/brod,bridge/ford,amcr,HES-000049,areal,areál aktivity,Activity Area,heslar:areal,1
muzeum/skanzen,museum/open-air museum,amcr,HES-000129,lokalita_druh,druh lokality,Activity Area,heslar:lokalita_druh,2
místo sběru,collection site,amcr,HES-000057,areal,areál aktivity,Activity Area,heslar:areal,0
město,city,amcr,HES-000074,areal,areál aktivity,Activity Area,heslar:areal,0
městský palác,town palace,amcr,HES-000016,areal,areál aktivity,Activity Area,heslar:areal,0
nadkomunitní areál,supracommunity site,amcr,HES-000011,areal,areál aktivity,Activity Area,heslar:areal,0
nemovitá památka,heritage site,amcr,HES-001122,lokalita_typ,typ lokality,Activity Area,heslar:lokalita_typ,0
neurčený areál,unspecified site,amcr,HES-000060,areal,areál aktivity,Activity Area,heslar:areal,0
nález v druhotné poloze,find in secondary context,amcr,HES-000061,areal,areál aktivity,Activity Area,heslar:areal,0
obora,game park,amcr,HES-000037,areal,areál aktivity,Activity Area,heslar:areal,0
obývání,residential activity,amcr,HES-000001,aktivita,aktivita,Activity Area,heslar:aktivita,0
ojedinělý nález,single find,amcr,HES-000062,areal,areál aktivity,Activity Area,heslar:areal,0
osídlený skalní prostor,cave settlement,amcr,HES-000065,areal,areál aktivity,Activity Area,heslar:areal,0
park,park,amcr,HES-000059,areal,areál aktivity,Activity Area,heslar:areal,0
pastvina/louka,pasture/meadow,amcr,HES-000038,areal,areál aktivity,Activity Area,heslar:areal,1
pevnost,fortress,amcr,HES-000043,areal,areál aktivity,Activity Area,heslar:areal,0
pivovar,brewery,amcr,HES-000080,areal,areál aktivity,Activity Area,heslar:areal,0
pohřbívání,burial activity,amcr,HES-000002,aktivita,aktivita,Activity Area,heslar:aktivita,0
pohřebiště v sakrální stavbě,burials in sacral building,amcr,HES-000077,areal,areál aktivity,Activity Area,heslar:areal,0
pohřebiště/hřbitov,cemetery/graveyard,amcr,HES-000027,areal,areál aktivity,Activity Area,heslar:areal,2
pohřební areál,burial site,amcr,HES-000025,areal,areál aktivity,Activity Area,heslar:areal,0
pole,cropland,amcr,HES-000039,areal,areál aktivity,Activity Area,heslar:areal,0
polní opevnění,field fortification,amcr,HES-000044,areal,areál aktivity,Activity Area,heslar:areal,0
polygon archeologického průzkumu,archaeological survey polygon,amcr,HES-000132,lokalita_druh_kat,druh lokality (kategorie),Activity Area,heslar:lokalita_druh_kat,0
polygon leteckého průzkumu,aerial survey polygon,amcr,HES-000111,lokalita_druh,druh lokality,Activity Area,heslar:lokalita_druh,0
polygon průzkumu,survey polygon,amcr,HES-001123,lokalita_typ,typ lokality,Activity Area,heslar:lokalita_typ,0
pomník/památník,memorial,amcr,HES-000128,lokalita_druh,druh lokality,Activity Area,heslar:lokalita_druh,1
popraviště,execution site,amcr,HES-000058,areal,areál aktivity,Activity Area,heslar:areal,0
pozůstatek komunikace,remains of transportation structure,amcr,HES-001429,lokalita_druh,druh lokality,Activity Area,heslar:lokalita_druh,0
pozůstatek kultu,remains of ritual site,amcr,HES-001433,lokalita_druh,druh lokality,Activity Area,heslar:lokalita_druh,0
pozůstatek mohylníku,remains of burial mounds,amcr,HES-001430,lokalita_druh,druh lokality,Activity Area,heslar:lokalita_druh,0
pozůstatek ohrazení,remains of enclosure,amcr,HES-001431,lokalita_druh,druh lokality,Activity Area,heslar:lokalita_druh,0
pozůstatek represe,remains of repression site,amcr,HES-001432,lokalita_druh,druh lokality,Activity Area,heslar:lokalita_druh,0
pozůstatek sídla elity,remains of manorial site,amcr,HES-001434,lokalita_druh,druh lokality,Activity Area,heslar:lokalita_druh,0
pozůstatek sídliště,remains of settlement,amcr,HES-001435,lokalita_druh,druh lokality,Activity Area,heslar:lokalita_druh,0
pozůstatek těžby,remains of extraction site,amcr,HES-001436,lokalita_druh,druh lokality,Activity Area,heslar:lokalita_druh,0
pozůstatek vojenství,remains of military site,amcr,HES-001437,lokalita_druh,druh lokality,Activity Area,heslar:lokalita_druh,0
pozůstatek výroby,remains of production site,amcr,HES-001438,lokalita_druh,druh lokality,Activity Area,heslar:lokalita_druh,0
protourbánní aglomerace,proto-urban agglomeration,amcr,HES-000075,areal,areál aktivity,Activity Area,heslar:areal,0
předměstí,suburb,amcr,HES-000076,areal,areál aktivity,Activity Area,heslar:areal,0
přehrada,dam,amcr,HES-000054,areal,areál aktivity,Activity Area,heslar:areal,0
přírodní útvar s lidskou aktivitou,inhabited natural landform,amcr,HES-000133,lokalita_druh_kat,druh lokality (kategorie),Activity Area,heslar:lokalita_druh_kat,0
rondel/rondeloid,roundel/rondeloid,amcr,HES-000012,areal,areál aktivity,Activity Area,heslar:areal,1
rybník,pond,amcr,HES-000055,areal,areál aktivity,Activity Area,heslar:areal,1
rýžoviště,panning site,amcr,HES-000035,areal,areál aktivity,Activity Area,heslar:areal,0
samostatná usedlost,individual homestead,amcr,HES-000067,areal,areál aktivity,Activity Area,heslar:areal,0
sklárna,glassworks,amcr,HES-000030,areal,areál aktivity,Activity Area,heslar:areal,0
stanice/tábořiště,camp,amcr,HES-000066,areal,areál aktivity,Activity Area,heslar:areal,2
strážnice/předsunutá bašta,outpost/watchtower,amcr,HES-000045,areal,areál aktivity,Activity Area,heslar:areal,0
synagoga,synagogue,amcr,HES-000024,areal,areál aktivity,Activity Area,heslar:areal,0
sídliště,settlement,amcr,HES-000081,areal,areál aktivity,Activity Area,heslar:areal,0
sídliště specializované komunity,special-community settlement,amcr,HES-000070,areal,areál aktivity,Activity Area,heslar:areal,0
sídlo elity,elite settlement,amcr,HES-000013,areal,areál aktivity,Activity Area,heslar:areal,0
tvrz/hrádek,fortified manor,amcr,HES-000017,areal,areál aktivity,Activity Area,heslar:areal,2
těžba,mining activity,amcr,HES-000004,aktivita,aktivita,Activity Area,heslar:aktivita,0
vesnice/městečko,village/town,amcr,HES-000068,areal,areál aktivity,Activity Area,heslar:areal,2
vodní dílo,hydraulic structure,amcr,HES-000082,areal,areál aktivity,Activity Area,heslar:areal,0
vojenský tábor,military camp,amcr,HES-000046,areal,areál aktivity,Activity Area,heslar:areal,0
výroba,production activity,amcr,HES-000003,aktivita,aktivita,Activity Area,heslar:aktivita,0
výšinné sídliště,hill settlement,amcr,HES-000069,areal,areál aktivity,Activity Area,heslar:areal,0
zahrada,garden,amcr,HES-000526,objekt_druh,druh objektu,Activity Area,override:amcr:HES-000526,1
zahrada/sad,garden,amcr,HES-000040,areal,areál aktivity,Activity Area,heslar:areal,2
zaniklý/historický areál,deserted/historical site,amcr,HES-000134,lokalita_druh_kat,druh lokality (kategorie),Activity Area,heslar:lokalita_druh_kat,0
zničený prostor,destroyed site,amcr,HES-000063,areal,areál aktivity,Activity Area,heslar:areal,0
zámek/zámeček/vila,chateau/villa,amcr,HES-000018,areal,areál aktivity,Activity Area,heslar:areal,2
železnice,railway,amcr,HES-000050,areal,areál aktivity,Activity Area,heslar:areal,0
železářský areál,iron production site,amcr,HES-000031,areal,areál aktivity,Activity Area,heslar:areal,0
akvamanile,aquamanile,amcr,HES-000651,predmet_druh,druh předmětu,Artefact,heslar:predmet_druh,0
amfora,amphorae,amcr,HES-000652,predmet_druh,druh předmětu,Artefact,heslar:predmet_druh,0
amorfní zlomek/předmět,amorphous fragment/object,amcr,HES-000707,predmet_druh,druh předmětu,Artefact,heslar:predmet_druh,0
architektonický článek,architectural element,amcr,HES-000709,predmet_druh,druh předmětu,Artefact,heslar:predmet_druh,0
atypický předmět,exceptional object,amcr,HES-000708,predmet_druh,druh předmětu,Artefact,heslar:predmet_druh,0
bankovka,paper money,amcr,HES-000650,predmet_druh,druh předmětu,Artefact,heslar:predmet_druh,0
brousek,whetstone,amcr,HES-000803,predmet_druh,druh předmětu,Artefact,heslar:predmet_druh,0
brusle,ice skate,amcr,HES-000743,predmet_druh,druh předmětu,Artefact,heslar:predmet_druh,0
bulava,club,amcr,HES-000785,predmet_druh,druh předmětu,Artefact,heslar:predmet_druh,0
běžný nález,common find,amcr,HES-000842,predmet_druh_kat,druh předmětu (kategorie),Artefact,heslar:predmet_druh_kat,0
břitva,razor,amcr,HES-000661,predmet_druh,druh předmětu,Artefact,heslar:predmet_druh,0
cedník,colander,amcr,HES-000682,predmet_druh,druh předmětu,Artefact,heslar:predmet_druh,0
cihla,brick,amcr,HES-000813,predmet_druh,druh předmětu,Artefact,heslar:predmet_druh,0
deska,board,amcr,HES-000712,predmet_druh,druh předmětu,Artefact,heslar:predmet_druh,0
dlaždice,floor tile,amcr,HES-000678,predmet_druh,druh předmětu,Artefact,heslar:predmet_druh,0
dláto,chisel,amcr,HES-000824,predmet_druh,druh předmětu,Artefact,heslar:predmet_druh,0
doklad umění/kultu,artistic/ritual object,amcr,HES-000641,predmet_druh,druh předmětu,Artefact,heslar:predmet_druh,0
drasadlo,side scraper,amcr,HES-000715,predmet_druh,druh předmětu,Artefact,heslar:predmet_druh,0
drtidlo/zrnotěrka,handstone/saddle quern,amcr,HES-000795,predmet_druh,druh předmětu,Artefact,heslar:predmet_druh,2
drát,wire,amcr,HES-000782,predmet_druh,druh předmětu,Artefact,heslar:predmet_druh,0
dyzna,nozzle,amcr,HES-000689,predmet_druh,druh předmětu,Artefact,heslar:predmet_druh,0
dýka,dagger,amcr,HES-000820,predmet_druh,druh předmětu,Artefact,heslar:predmet_druh,0
dýmka,pipe,amcr,HES-000635,predmet_druh,druh předmětu,Artefact,heslar:predmet_druh,0
džbán,jug,amcr,HES-000636,predmet_druh,druh předmětu,Artefact,heslar:predmet_druh,0
ekofakt,ecofact,amcr,HES-000775,predmet_druh,druh předmětu,Artefact,heslar:predmet_druh,0
faléra,phalera,amcr,HES-000745,predmet_druh,druh předmětu,Artefact,heslar:predmet_druh,0
funkčně neurčený předmět,object of unspecified function,amcr,HES-000846,predmet_druh_kat,druh předmětu (kategorie),Artefact,heslar:predmet_druh_kat,0
gemma,gem,amcr,HES-000731,predmet_druh,druh předmětu,Artefact,heslar:predmet_druh,0
gombík,spherical button,amcr,HES-000693,predmet_druh,druh předmětu,Artefact,heslar:predmet_druh,0
herní předmět,game equipment,amcr,HES-000681,predmet_druh,druh předmětu,Artefact,heslar:predmet_druh,0
hladítko,smoother,amcr,HES-000825,predmet_druh,druh předmětu,Artefact,heslar:predmet_druh,0
hrací kostka,dice,amcr,HES-000696,predmet_druh,druh předmětu,Artefact,heslar:predmet_druh,0
hrací kámen,game piece,amcr,HES-000684,predmet_druh,druh předmětu,Artefact,heslar:predmet_druh,0
hrnec,pot,amcr,HES-000768,predmet_druh,druh předmětu,Artefact,heslar:predmet_druh,0
hrot/hák,spike/hook,amcr,HES-000783,predmet_druh,druh předmětu,Artefact,heslar:predmet_druh,2
hudební nástroj,musical instrument,amcr,HES-000749,predmet_druh,druh předmětu,Artefact,heslar:predmet_druh,0
hřeb/hřebík/nýt,nail/rivet,amcr,HES-000679,predmet_druh,druh předmětu,Artefact,heslar:predmet_druh,3
hřeben,comb,amcr,HES-000826,predmet_druh,druh předmětu,Artefact,heslar:predmet_druh,0
hřivna,ingot,amcr,HES-000829,predmet_druh,druh předmětu,Artefact,heslar:predmet_druh,0
jehla/špendlík,needle/pin,amcr,HES-000804,predmet_druh,druh předmětu,Artefact,heslar:predmet_druh,2
jehlice,clothing pin,amcr,HES-000699,predmet_druh,druh předmětu,Artefact,heslar:predmet_druh,0
kachel,stove tile,amcr,HES-000736,predmet_druh,druh předmětu,Artefact,heslar:predmet_druh,0
kadlub,mold,amcr,HES-000716,predmet_druh,druh předmětu,Artefact,heslar:predmet_druh,0
kamenná industrie,lithics,amcr,HES-000640,predmet_druh,druh předmětu,Artefact,heslar:predmet_druh,0
kamenné jádro,stone core,amcr,HES-000776,predmet_druh,druh předmětu,Artefact,heslar:predmet_druh,0
kaptorga,kaptorga (metal pendant case),amcr,HES-000700,predmet_druh,druh předmětu,Artefact,heslar:predmet_druh,0
kladivo/palice,hammer/sledgehammer,amcr,HES-000796,predmet_druh,druh předmětu,Artefact,heslar:predmet_druh,2
kleště,pliers,amcr,HES-000797,predmet_druh,druh předmětu,Artefact,heslar:predmet_druh,0
klín,wedge,amcr,HES-000717,predmet_druh,druh předmětu,Artefact,heslar:predmet_druh,0
klíč,key,amcr,HES-000728,predmet_druh,druh předmětu,Artefact,heslar:predmet_druh,0
kniha,book,amcr,HES-000840,predmet_druh,druh předmětu,Artefact,heslar:predmet_druh,0
knoflík,button,amcr,HES-000675,predmet_druh,druh předmětu,Artefact,heslar:predmet_druh,0
koflík,cup,amcr,HES-000769,predmet_druh,druh předmětu,Artefact,heslar:predmet_druh,0
konvice,pitcher,amcr,HES-000690,predmet_druh,druh předmětu,Artefact,heslar:predmet_druh,0
kopí/hrot kopí,spear/spearhead,amcr,HES-000821,predmet_druh,druh předmětu,Artefact,heslar:predmet_druh,2
korálek,bead,amcr,HES-000663,predmet_druh,druh předmětu,Artefact,heslar:predmet_druh,0
kosa,scythe,amcr,HES-000798,predmet_druh,druh předmětu,Artefact,heslar:predmet_druh,0
kost,single bone,amcr,HES-000753,predmet_druh,druh předmětu,Artefact,heslar:predmet_druh,0
kostra,skeleton,amcr,HES-000642,predmet_druh,druh předmětu,Artefact,heslar:predmet_druh,0
kotel/kotlík,kettle,amcr,HES-000770,predmet_druh,druh předmětu,Artefact,heslar:predmet_druh,2
kovadlina,anvil,amcr,HES-000654,predmet_druh,druh předmětu,Artefact,heslar:predmet_druh,0
kování,mount,amcr,HES-000694,predmet_druh,druh předmětu,Artefact,heslar:predmet_druh,0
kroužek/kruh,circle/ring,amcr,HES-000764,predmet_druh,druh předmětu,Artefact,heslar:predmet_druh,1
kulička/koule,ball/sphere,amcr,HES-000760,predmet_druh,druh předmětu,Artefact,heslar:predmet_druh,1
kuše,crossbow,amcr,HES-000822,predmet_druh,druh předmětu,Artefact,heslar:predmet_druh,0
křesadlo/ocílka,firesteel,amcr,HES-000729,predmet_druh,druh předmětu,Artefact,heslar:predmet_druh,2
křížek,cross,amcr,HES-000664,predmet_druh,druh předmětu,Artefact,heslar:predmet_druh,0
kůl,pole,amcr,HES-000737,predmet_druh,druh předmětu,Artefact,heslar:predmet_druh,1
lahev,bottle,amcr,HES-000691,predmet_druh,druh předmětu,Artefact,heslar:predmet_druh,0
lampa/kahan,lamp/burner,amcr,HES-000695,predmet_druh,druh předmětu,Artefact,heslar:predmet_druh,1
listina,deed,amcr,HES-000670,predmet_druh,druh předmětu,Artefact,heslar:predmet_druh,0
lopata/rýč,shovel/spade,amcr,HES-000655,predmet_druh,druh předmětu,Artefact,heslar:predmet_druh,2
luk,bow,amcr,HES-000823,predmet_druh,druh předmětu,Artefact,heslar:predmet_druh,0
lžíce,spoon,amcr,HES-000730,predmet_druh,druh předmětu,Artefact,heslar:predmet_druh,0
malakofauna,mollusca,amcr,HES-000777,predmet_druh,druh předmětu,Artefact,heslar:predmet_druh,0
meč,sword,amcr,HES-000786,predmet_druh,druh předmětu,Artefact,heslar:predmet_druh,0
militaria,weapons and armour,amcr,HES-000784,predmet_druh,druh předmětu,Artefact,heslar:predmet_druh,0
mince,coin,amcr,HES-000794,predmet_druh,druh předmětu,Artefact,heslar:predmet_druh,0
motyka/krumpáč,mattock/pickaxe,amcr,HES-000799,predmet_druh,druh předmětu,Artefact,heslar:predmet_druh,2
mísa,bowl,amcr,HES-000719,predmet_druh,druh předmětu,Artefact,heslar:predmet_druh,0
nehotový výrobek/polotovar,semiproduct/blank,amcr,HES-000828,predmet_druh,druh předmětu,Artefact,heslar:predmet_druh,1
nádoba,vessel,amcr,HES-000714,predmet_druh,druh předmětu,Artefact,heslar:predmet_druh,0
náhrdelník,necklace,amcr,HES-000835,predmet_druh,druh předmětu,Artefact,heslar:predmet_druh,0
nákončí,mordant,amcr,HES-000668,predmet_druh,druh předmětu,Artefact,heslar:predmet_druh,0
nákrčník,neck ring,amcr,HES-000665,predmet_druh,druh předmětu,Artefact,heslar:predmet_druh,0
nánožník,anklet,amcr,HES-000836,predmet_druh,druh předmětu,Artefact,heslar:predmet_druh,0
nápažník,armlet,amcr,HES-000812,predmet_druh,druh předmětu,Artefact,heslar:predmet_druh,0
náprstek,thimble,amcr,HES-000805,predmet_druh,druh předmětu,Artefact,heslar:predmet_druh,0
náramek,bracelet,amcr,HES-000666,predmet_druh,druh předmětu,Artefact,heslar:predmet_druh,0
nástroj hrubý,utensil,amcr,HES-000653,predmet_druh,druh předmětu,Artefact,heslar:predmet_druh,0
nástroj jemný,instrument,amcr,HES-000727,predmet_druh,druh předmětu,Artefact,heslar:predmet_druh,0
nátepní destička,wrist guard,amcr,HES-000734,predmet_druh,druh předmětu,Artefact,heslar:predmet_druh,0
náušnice,earring,amcr,HES-000667,predmet_druh,druh předmětu,Artefact,heslar:predmet_druh,0
nůž,knife,amcr,HES-000806,predmet_druh,druh předmětu,Artefact,heslar:predmet_druh,0
nůžky,scissors,amcr,HES-000807,predmet_druh,druh předmětu,Artefact,heslar:predmet_druh,0
obuv,footwear,amcr,HES-000735,predmet_druh,druh předmětu,Artefact,heslar:predmet_druh,0
odpad,waste,amcr,HES-000778,predmet_druh,druh předmětu,Artefact,heslar:predmet_druh,0
odpad stavební,construction waste,amcr,HES-000779,predmet_druh,druh předmětu,Artefact,heslar:predmet_druh,0
odpad výrobní,production waste,amcr,HES-000780,predmet_druh,druh předmětu,Artefact,heslar:predmet_druh,0
okenní výplň,window panes,amcr,HES-000738,predmet_druh,druh předmětu,Artefact,heslar:predmet_druh,0
omítka,plaster,amcr,HES-000739,predmet_druh,druh předmětu,Artefact,heslar:predmet_druh,0
opasek,belt,amcr,HES-000676,predmet_druh,druh předmětu,Artefact,heslar:predmet_druh,0
ostruha,spur,amcr,HES-000787,predmet_druh,druh předmětu,Artefact,heslar:predmet_druh,0
ostění,jamb,amcr,HES-000710,predmet_druh,druh předmětu,Artefact,heslar:predmet_druh,0
otloukač,hammerstone,amcr,HES-000656,predmet_druh,druh předmětu,Artefact,heslar:predmet_druh,0
ozdoba,adornment,amcr,HES-000834,predmet_druh,druh předmětu,Artefact,heslar:predmet_druh,0
oštěp/hrot oštěpu,javelin/javelin head,amcr,HES-000788,predmet_druh,druh předmětu,Artefact,heslar:predmet_druh,2
pekáč,baking pan,amcr,HES-000761,predmet_druh,druh předmětu,Artefact,heslar:predmet_druh,0
pila,saw,amcr,HES-000657,predmet_druh,druh předmětu,Artefact,heslar:predmet_druh,0
pilník,file,amcr,HES-000800,predmet_druh,druh předmětu,Artefact,heslar:predmet_druh,0
pinzeta,tweezers,amcr,HES-000808,predmet_druh,druh předmětu,Artefact,heslar:predmet_druh,0
plastika/soška,sculpture/statue,amcr,HES-000750,predmet_druh,druh předmětu,Artefact,heslar:predmet_druh,0
plastika/soška antropomorfní,anthropomorphic sculpture/statue,amcr,HES-000751,predmet_druh,druh předmětu,Artefact,heslar:predmet_druh,0
plastika/soška zoomorfní,zoomorphic sculpture/statue,amcr,HES-000752,predmet_druh,druh předmětu,Artefact,heslar:predmet_druh,0
platidlo,currency,amcr,HES-000848,predmet_druh_kat,druh předmětu (kategorie),Artefact,heslar:predmet_druh_kat,0
plech,metal sheet,amcr,HES-000680,predmet_druh,druh předmětu,Artefact,heslar:predmet_druh,0
pochva/pouzdro,sheath,amcr,HES-000677,predmet_druh,druh předmětu,Artefact,heslar:predmet_druh,2
podkova,horseshoe,amcr,HES-000746,predmet_druh,druh předmětu,Artefact,heslar:predmet_druh,0
pohár/číše,beaker/goblet,amcr,HES-000722,predmet_druh,druh předmětu,Artefact,heslar:predmet_druh,1
pojivo,binder,amcr,HES-000740,predmet_druh,druh předmětu,Artefact,heslar:predmet_druh,0
poklička,lid,amcr,HES-000724,predmet_druh,druh předmětu,Artefact,heslar:predmet_druh,0
popelnice,urn,amcr,HES-000726,predmet_druh,druh předmětu,Artefact,heslar:predmet_druh,0
portál,portal,amcr,HES-000711,predmet_druh,druh předmětu,Artefact,heslar:predmet_druh,0
postroj/doprava,harness/transportation,amcr,HES-000742,predmet_druh,druh předmětu,Artefact,heslar:predmet_druh,1
potrubí,plumbing pipe,amcr,HES-000741,predmet_druh,druh předmětu,Artefact,heslar:predmet_druh,0
pražnice,frying pan,amcr,HES-000771,predmet_druh,druh předmětu,Artefact,heslar:predmet_druh,0
prejz,pantile,amcr,HES-000773,predmet_druh,druh předmětu,Artefact,heslar:predmet_druh,0
prkno/fošna,board/plank,amcr,HES-000687,predmet_druh,druh předmětu,Artefact,heslar:predmet_druh,1
projektil/kule/munice,projectile/bullet/ammunition,amcr,HES-000755,predmet_druh,druh předmětu,Artefact,heslar:predmet_druh,1
prsten,finger ring,amcr,HES-000669,predmet_druh,druh předmětu,Artefact,heslar:predmet_druh,0
průvlečka,clothing buckle,amcr,HES-000683,predmet_druh,druh předmětu,Artefact,heslar:predmet_druh,0
pánev,pan,amcr,HES-000720,predmet_druh,druh předmětu,Artefact,heslar:predmet_druh,0
písemnost,written document,amcr,HES-000839,predmet_druh,druh předmětu,Artefact,heslar:predmet_druh,0
přechovávaná přírodnina,natural object,amcr,HES-000643,predmet_druh,druh předmětu,Artefact,heslar:predmet_druh,0
přeslen,spindle whorl,amcr,HES-000809,predmet_druh,druh předmětu,Artefact,heslar:predmet_druh,0
přezka,buckle,amcr,HES-000732,predmet_druh,druh předmětu,Artefact,heslar:predmet_druh,0
přívěsek/závěsek,pendant,amcr,HES-000837,predmet_druh,druh předmětu,Artefact,heslar:predmet_druh,1
rakev,coffin,amcr,HES-000704,predmet_druh,druh předmětu,Artefact,heslar:predmet_druh,0
rolnička,jingle bell,amcr,HES-000701,predmet_druh,druh předmětu,Artefact,heslar:predmet_druh,0
rostlinné makrozbytky,plant macro-remain,amcr,HES-000644,predmet_druh,druh předmětu,Artefact,heslar:predmet_druh,0
ruda,ore,amcr,HES-000830,predmet_druh,druh předmětu,Artefact,heslar:predmet_druh,0
rydlo,graver,amcr,HES-000810,predmet_druh,druh předmětu,Artefact,heslar:predmet_druh,0
růženec/medailon,rosary/medallion,amcr,HES-000702,predmet_druh,druh předmětu,Artefact,heslar:predmet_druh,2
sekera,axe,amcr,HES-000802,predmet_druh,druh předmětu,Artefact,heslar:predmet_druh,0
sekeromlat/mlat,hammer axe,amcr,HES-000789,predmet_druh,druh předmětu,Artefact,heslar:predmet_druh,1
sekáč,chopper,amcr,HES-000801,predmet_druh,druh předmětu,Artefact,heslar:predmet_druh,0
skořápka plodu,fruit shell/nutshell,amcr,HES-000754,predmet_druh,druh předmětu,Artefact,heslar:predmet_druh,0
slitek,bloom,amcr,HES-000831,predmet_druh,druh předmětu,Artefact,heslar:predmet_druh,0
součást hrobu,grave component,amcr,HES-000673,predmet_druh,druh předmětu,Artefact,heslar:predmet_druh,0
součást oděvu,costume component,amcr,HES-000674,predmet_druh,druh předmětu,Artefact,heslar:predmet_druh,0
součást pluhu,plow component,amcr,HES-000658,predmet_druh,druh předmětu,Artefact,heslar:predmet_druh,0
součást postroje,harness component,amcr,HES-000747,predmet_druh,druh předmětu,Artefact,heslar:predmet_druh,0
součást vozu,cargo vehicle component,amcr,HES-000703,predmet_druh,druh předmětu,Artefact,heslar:predmet_druh,0
součást zbroje,armor component,amcr,HES-000648,predmet_druh,druh předmětu,Artefact,heslar:predmet_druh,0
součást štítu,shield part,amcr,HES-000790,predmet_druh,druh předmětu,Artefact,heslar:predmet_druh,0
spona,fibula,amcr,HES-000733,predmet_druh,druh předmětu,Artefact,heslar:predmet_druh,0
srp,sickle,amcr,HES-000659,predmet_druh,druh předmětu,Artefact,heslar:predmet_druh,0
stavební keramika,construction ceramics,amcr,HES-000748,predmet_druh,druh předmětu,Artefact,heslar:predmet_druh,0
stavební/spojovací prvek,structural element component,amcr,HES-000757,predmet_druh,druh předmětu,Artefact,heslar:predmet_druh,0
stilus,stylus,amcr,HES-000811,predmet_druh,druh předmětu,Artefact,heslar:predmet_druh,0
struska,slag,amcr,HES-000645,predmet_druh,druh předmětu,Artefact,heslar:predmet_druh,0
střešní krytina,roofing tile,amcr,HES-000815,predmet_druh,druh předmětu,Artefact,heslar:predmet_druh,0
surovina,raw material,amcr,HES-000832,predmet_druh,druh předmětu,Artefact,heslar:predmet_druh,0
talíř,plate,amcr,HES-000766,predmet_druh,druh předmětu,Artefact,heslar:predmet_druh,0
technická keramika,technical ceramics,amcr,HES-000774,predmet_druh,druh předmětu,Artefact,heslar:predmet_druh,0
tesák,dussack,amcr,HES-000793,predmet_druh,druh předmětu,Artefact,heslar:predmet_druh,0
trám,beam,amcr,HES-000816,predmet_druh,druh předmětu,Artefact,heslar:predmet_druh,0
tyglík,crucible,amcr,HES-000772,predmet_druh,druh předmětu,Artefact,heslar:predmet_druh,0
tyčinka/váleček,rod/log,amcr,HES-000765,predmet_druh,druh předmětu,Artefact,heslar:predmet_druh,1
třmen,stirrup,amcr,HES-000671,predmet_druh,druh předmětu,Artefact,heslar:predmet_druh,0
udidlo,bridle bit,amcr,HES-000672,predmet_druh,druh předmětu,Artefact,heslar:predmet_druh,0
uhlíky/popel,charcoal/ash,amcr,HES-000781,predmet_druh,druh předmětu,Artefact,heslar:predmet_druh,1
valoun,pebble,amcr,HES-000833,predmet_druh,druh předmětu,Artefact,heslar:predmet_druh,0
vejce,eggshell,amcr,HES-000646,predmet_druh,druh předmětu,Artefact,heslar:predmet_druh,0
vzorek,sample,amcr,HES-000818,predmet_druh,druh předmětu,Artefact,heslar:predmet_druh,0
vzorek antrakologický,anthracological sample,amcr,HES-000763,predmet_druh,druh předmětu,Artefact,heslar:predmet_druh,0
vzorek dendrochronologický,dendrochronological sample,amcr,HES-000758,predmet_druh,druh předmětu,Artefact,heslar:predmet_druh,0
vzorek geologický,geological sample,amcr,HES-000685,predmet_druh,druh předmětu,Artefact,heslar:predmet_druh,0
vzorek malakologický,malacological sample,amcr,HES-000686,predmet_druh,druh předmětu,Artefact,heslar:predmet_druh,0
vzorek paleobotanický,palaeobotanical sample,amcr,HES-000698,predmet_druh,druh předmětu,Artefact,heslar:predmet_druh,0
vzorek palynologický,palynological sample,amcr,HES-000692,predmet_druh,druh předmětu,Artefact,heslar:predmet_druh,0
vzorek pedologický,pedological sample,amcr,HES-000697,predmet_druh,druh předmětu,Artefact,heslar:predmet_druh,0
vzorek pro radiokarbonové datování,radiocarbon dating sample,amcr,HES-000759,predmet_druh,druh předmětu,Artefact,heslar:predmet_druh,0
váza,vase,amcr,HES-000841,predmet_druh,druh předmětu,Artefact,heslar:predmet_druh,0
vědro/situla,bucket/situla,amcr,HES-000819,predmet_druh,druh předmětu,Artefact,heslar:predmet_druh,2
zavazadlo,luggage,amcr,HES-000638,predmet_druh,druh předmětu,Artefact,heslar:predmet_druh,0
zbraň chladná,cold weapon,amcr,HES-000713,predmet_druh,druh předmětu,Artefact,heslar:predmet_druh,0
zbraň palná,firearm,amcr,HES-000649,predmet_druh,druh předmětu,Artefact,heslar:predmet_druh,0
zlomek keramiky,potsherd,amcr,HES-000705,predmet_druh,druh předmětu,Artefact,heslar:predmet_druh,0
zlomek kosti,bone fragment,amcr,HES-000639,predmet_druh,druh předmětu,Artefact,heslar:predmet_druh,0
zlomek mazanice,daub fragment,amcr,HES-000706,predmet_druh,druh předmětu,Artefact,heslar:predmet_druh,0
zub,tooth,amcr,HES-000647,predmet_druh,druh předmětu,Artefact,heslar:predmet_druh,0
zámek,lock,amcr,HES-000817,predmet_druh,druh předmětu,Artefact,heslar:predmet_druh,1
zápona,clasp,amcr,HES-000637,predmet_druh,druh předmětu,Artefact,heslar:predmet_druh,0
zásobnice,storage vessel,amcr,HES-000767,predmet_druh,druh předmětu,Artefact,heslar:predmet_druh,0
záušnice,temple ring,amcr,HES-000838,predmet_druh,druh předmětu,Artefact,heslar:predmet_druh,0
závaží,weight,amcr,HES-000718,predmet_druh,druh předmětu,Artefact,heslar:predmet_druh,0
závaží rybářské,net weight,amcr,HES-000721,predmet_druh,druh předmětu,Artefact,heslar:predmet_druh,0
závaží tkalcovské,loom weight,amcr,HES-000723,predmet_druh,druh předmětu,Artefact,heslar:predmet_druh,0
čepel/čepelka,blade/small blade,amcr,HES-000662,predmet_druh,druh předmětu,Artefact,heslar:predmet_druh,2
člun,boat,amcr,HES-000744,predmet_druh,druh předmětu,Artefact,heslar:predmet_druh,0
řetízek,chain necklace,amcr,HES-000756,predmet_druh,druh předmětu,Artefact,heslar:predmet_druh,0
řetěz,chain,amcr,HES-000814,predmet_druh,druh předmětu,Artefact,heslar:predmet_druh,0
šavle,sabre,amcr,HES-000791,predmet_druh,druh předmětu,Artefact,heslar:predmet_druh,0
škrabadlo,endscraper,amcr,HES-000660,predmet_druh,druh předmětu,Artefact,heslar:predmet_druh,0
šídlo,awl,amcr,HES-000827,predmet_druh,druh předmětu,Artefact,heslar:predmet_druh,0
šíp/šipka/hrot šípu/šipky,arrow/arrowhead,amcr,HES-000792,predmet_druh,druh předmětu,Artefact,heslar:predmet_druh,2
žernov/mlýnský kámen,quern,amcr,HES-000725,predmet_druh,druh předmětu,Artefact,heslar:predmet_druh,2
žeton,token,amcr,HES-000762,predmet_druh,druh předmětu,Artefact,heslar:predmet_druh,0
HaD–LtA,HaD–LtA,amcr,HES-000309,obdobi,období,Chronology,heslar:obdobi,0
aurignacien,Aurignacian,amcr,HES-000262,obdobi,období,Chronology,heslar:obdobi,0
badenská kultura,Baden Culture,amcr,HES-000317,obdobi,období,Chronology,heslar:obdobi,0
billendorfská kultura,Billendorf Culture,amcr,HES-000330,obdobi,období,Chronology,heslar:obdobi,0
billendorfská kultura (HaC),Billendorf Culture (HaC),amcr,HES-000377,obdobi,období,Chronology,heslar:obdobi,0
bohunicien,Bohunician,amcr,HES-000261,obdobi,období,Chronology,heslar:obdobi,0
bošácká skupina,Bošáca Group,amcr,HES-000357,obdobi,období,Chronology,heslar:obdobi,0
bylanská kultura,Bylany Culture,amcr,HES-000331,obdobi,období,Chronology,heslar:obdobi,0
chamská kultura,Cham Culture,amcr,HES-000371,obdobi,období,Chronology,heslar:obdobi,0
chebská kultura,Cheb Culture,amcr,HES-000294,obdobi,období,Chronology,heslar:obdobi,0
datace neurčena,unspecified dating,amcr,HES-000316,obdobi,období,Chronology,heslar:obdobi,0
doba bronzová,Bronze Age,amcr,HES-000390,obdobi,období,Chronology,heslar:obdobi,0
doba bronzová–halštatská,Bronze Age–Hallstatt Period,amcr,HES-000384,obdobi,období,Chronology,heslar:obdobi,0
doba halštatská,Hallstatt Period,amcr,HES-000354,obdobi,období,Chronology,heslar:obdobi,0
doba halštatská–laténská,Hallstatt–La Tène Period,amcr,HES-000334,obdobi,období,Chronology,heslar:obdobi,0
doba laténská,La Tène Period,amcr,HES-000254,obdobi,období,Chronology,heslar:obdobi,0
doba laténská–římská,La Tène–Roman Period,amcr,HES-000288,obdobi,období,Chronology,heslar:obdobi,0
doba stěhování národů,Migration Period,amcr,HES-000342,obdobi,období,Chronology,heslar:obdobi,0
doba římská,Roman Period,amcr,HES-000335,obdobi,období,Chronology,heslar:obdobi,0
doba římská–stěhování národů,Roman–Migration Period,amcr,HES-000346,obdobi,období,Chronology,heslar:obdobi,0
dobrodzieńská skupina,Dobrodzień Group,amcr,HES-000344,obdobi,období,Chronology,heslar:obdobi,0
eneolit,Eneolithic,amcr,HES-000285,obdobi,období,Chronology,heslar:obdobi,0
epigravettien,Epigravettian,amcr,HES-000263,obdobi,období,Chronology,heslar:obdobi,0
epimagdalénien,Epimagdalenian,amcr,HES-000265,obdobi,období,Chronology,heslar:obdobi,0
gravettien,Gravettian,amcr,HES-000311,obdobi,období,Chronology,heslar:obdobi,0
halštatská mohylová kultura,Hallstatt Tumulus Culture,amcr,HES-000332,obdobi,období,Chronology,heslar:obdobi,0
hatvanská kultura,Hatvan Culture,amcr,HES-000320,obdobi,období,Chronology,heslar:obdobi,0
horákovská kultura,Horákov Culture,amcr,HES-000307,obdobi,období,Chronology,heslar:obdobi,0
industriální období,Industrial Period,amcr,HES-000347,obdobi,období,Chronology,heslar:obdobi,0
industriální období 1,Industrial Period 1,amcr,HES-000348,obdobi,období,Chronology,heslar:obdobi,0
industriální období 2,Industrial Period 2,amcr,HES-000349,obdobi,období,Chronology,heslar:obdobi,0
jevišovická kultura,Jevišovice Culture,amcr,HES-000373,obdobi,období,Chronology,heslar:obdobi,0
jordanovská kultura,Jordanów Culture,amcr,HES-000287,obdobi,období,Chronology,heslar:obdobi,0
knovízská kultura,Knovíz Culture,amcr,HES-000293,obdobi,období,Chronology,heslar:obdobi,0
kobylská skupina,Kobyly Group,amcr,HES-000259,obdobi,období,Chronology,heslar:obdobi,0
krumlovien,Krumlovian,amcr,HES-000314,obdobi,období,Chronology,heslar:obdobi,0
kultura Chlopice-Veselé,Chlopice-Veselé Culture,amcr,HES-000352,obdobi,období,Chronology,heslar:obdobi,0
kultura Kosihy-Čaka,Kosihy-Čaka Culture,amcr,HES-000351,obdobi,období,Chronology,heslar:obdobi,0
kultura Retz-Bajč-Křepice,Retz-Bajč-Křepice (Furchenstich) Culture,amcr,HES-000367,obdobi,období,Chronology,heslar:obdobi,0
kultura kulovitých amfor,Globular Amphora Culture,amcr,HES-000279,obdobi,období,Chronology,heslar:obdobi,0
kultura münchshöfenská,Münchshofen Culture,amcr,HES-000389,obdobi,období,Chronology,heslar:obdobi,0
kultura nálevkovitých pohárů,Funnel Beaker Culture,amcr,HES-000368,obdobi,období,Chronology,heslar:obdobi,0
kultura przeworská,Przeworsk Culture,amcr,HES-000257,obdobi,období,Chronology,heslar:obdobi,0
kultura púchovská,Púchov Culture,amcr,HES-000256,obdobi,období,Chronology,heslar:obdobi,0
kultura s lineární keramikou,Linear Pottery Culture,amcr,HES-000269,obdobi,období,Chronology,heslar:obdobi,0
kultura s moravskou malovanou keramikou 1,Moravian Painted Ware Culture 1,amcr,HES-000362,obdobi,období,Chronology,heslar:obdobi,0
kultura s moravskou malovanou keramikou 2,Moravian Painted Ware Culture 2,amcr,HES-000363,obdobi,období,Chronology,heslar:obdobi,0
kultura s vypíchanou keramikou,Stroke Pottery Culture,amcr,HES-000361,obdobi,období,Chronology,heslar:obdobi,0
kultura se šňůrovou keramikou,Corded Ware Culture,amcr,HES-000375,obdobi,období,Chronology,heslar:obdobi,0
kultura zvoncovitých pohárů,Bell Beaker Culture,amcr,HES-000318,obdobi,období,Chronology,heslar:obdobi,0
lengyelská kultura,Lengyel Culture,amcr,HES-000306,obdobi,období,Chronology,heslar:obdobi,0
lužická kultura,Lusatian Culture,amcr,HES-000337,obdobi,období,Chronology,heslar:obdobi,0
magdalénien,Magdalenian,amcr,HES-000283,obdobi,období,Chronology,heslar:obdobi,0
mezolit,Mesolithic,amcr,HES-000275,obdobi,období,Chronology,heslar:obdobi,0
michelsberská kultura,Michelsberg Culture,amcr,HES-000365,obdobi,období,Chronology,heslar:obdobi,0
micoquien,Micoquien,amcr,HES-000292,obdobi,období,Chronology,heslar:obdobi,0
milavečská kultura,Milavče Culture,amcr,HES-000339,obdobi,období,Chronology,heslar:obdobi,0
miškovický typ,Míškovice Type,amcr,HES-000282,obdobi,období,Chronology,heslar:obdobi,0
mladší doba bronzová,Late Bronze Age,amcr,HES-000290,obdobi,období,Chronology,heslar:obdobi,0
mladší doba halštatská (HaD2–3),Late Hallstatt Period (HaD2–3),amcr,HES-000310,obdobi,období,Chronology,heslar:obdobi,0
mladší doba stěhování národů,Late Migration Period,amcr,HES-000345,obdobi,období,Chronology,heslar:obdobi,0
mladší doba římská,Late Roman Period,amcr,HES-000341,obdobi,období,Chronology,heslar:obdobi,0
mladší eneolit,Late Eneolithic,amcr,HES-000280,obdobi,období,Chronology,heslar:obdobi,0
mladší paleolit,Upper Palaeolithic,amcr,HES-000315,obdobi,období,Chronology,heslar:obdobi,0
mladší/pozdní eneolit,Late/Final Eneolithic,amcr,HES-000374,obdobi,období,Chronology,heslar:obdobi,0
mladší–pozdní doba laténská (LtC2–D),Late–Final La Tène Period (LtC2–D),amcr,HES-000255,obdobi,období,Chronology,heslar:obdobi,0
mladší–pozdní eneolit,Late–Final Eneolithic,amcr,HES-001479,obdobi_kat,období (kategorie),Chronology,heslar:obdobi_kat,0
moustérien,Mousterian,amcr,HES-000312,obdobi,období,Chronology,heslar:obdobi,0
neolit,Neolithic,amcr,HES-000267,obdobi,období,Chronology,heslar:obdobi,0
neolit–eneolit,Neolithic–Eneolithic,amcr,HES-000387,obdobi,období,Chronology,heslar:obdobi,0
nitranská kultura,Nitra Culture,amcr,HES-000359,obdobi,období,Chronology,heslar:obdobi,0
novověk,Modern Period,amcr,HES-000252,obdobi,období,Chronology,heslar:obdobi,1
novověk 1,Modern Period 1,amcr,HES-000381,obdobi,období,Chronology,heslar:obdobi,0
novověk 2,Modern Period 2,amcr,HES-000382,obdobi,období,Chronology,heslar:obdobi,0
novověk–industriální období,Modern–Industrial Period,amcr,HES-000350,obdobi,období,Chronology,heslar:obdobi,0
nynická kultura,Nynice Culture,amcr,HES-000299,obdobi,období,Chronology,heslar:obdobi,0
období popelnicových polí,Urnfield Period,amcr,HES-000281,obdobi,období,Chronology,heslar:obdobi,0
oberlauterbašská skupina,Oberlauterbach Group,amcr,HES-000305,obdobi,období,Chronology,heslar:obdobi,0
ohrozimský typ,Ohrozim Type,amcr,HES-000369,obdobi,období,Chronology,heslar:obdobi,0
ostroměřská skupina,Ostroměř Group,amcr,HES-000266,obdobi,období,Chronology,heslar:obdobi,0
paleolit,Palaeolithic,amcr,HES-000253,obdobi,období,Chronology,heslar:obdobi,0
paleolit–mezolit,Palaeolithic–Mesolithic,amcr,HES-000284,obdobi,období,Chronology,heslar:obdobi,0
platěnická kultura,Platěnice Culture,amcr,HES-000300,obdobi,období,Chronology,heslar:obdobi,0
plaňanský typ,Plaňany Type,amcr,HES-000393,obdobi,období,Chronology,heslar:obdobi,0
podmokelská skupina,Podmokly Group,amcr,HES-000329,obdobi,období,Chronology,heslar:obdobi,0
podolská kultura,Podolí Culture,amcr,HES-000353,obdobi,období,Chronology,heslar:obdobi,0
pozdní doba bronzová,Final Bronze Age,amcr,HES-000383,obdobi,období,Chronology,heslar:obdobi,0
pozdní doba laténská (LtD),Final La Tène Period (LtD),amcr,HES-000258,obdobi,období,Chronology,heslar:obdobi,0
pozdní paleolit,Epipalaeolithic,amcr,HES-000264,obdobi,období,Chronology,heslar:obdobi,0
pozdní středohradištní období,Final Middle Hillfort Period,amcr,HES-000278,obdobi,období,Chronology,heslar:obdobi,0
pozdní středověk,Late Middle Ages,amcr,HES-000271,obdobi,období,Chronology,heslar:obdobi,0
pozdněhradištní období,Final Hillfort Period,amcr,HES-000326,obdobi,období,Chronology,heslar:obdobi,0
pravěk,prehistory,amcr,HES-000289,obdobi,období,Chronology,heslar:obdobi,0
protoúnětická kultura,Proto-Únětice Culture,amcr,HES-000391,obdobi,období,Chronology,heslar:obdobi,0
přechod pozdní středověk/novověk,Late Middle Ages/Modern Transition,amcr,HES-000272,obdobi,období,Chronology,heslar:obdobi,1
přechod raný/vrcholný středověk,Early/High Middle Ages Transition,amcr,HES-000270,obdobi,období,Chronology,heslar:obdobi,1
rané mladohradištní období,Early Late Hillfort Period,amcr,HES-000356,obdobi,období,Chronology,heslar:obdobi,0
rané středohradištní období,Early Middle Hillfort Period,amcr,HES-000277,obdobi,období,Chronology,heslar:obdobi,0
raný středověk,Early Middle Ages,amcr,HES-000385,obdobi,období,Chronology,heslar:obdobi,0
raný středověk 1,Early Middle Ages 1,amcr,HES-000386,obdobi,období,Chronology,heslar:obdobi,0
raný středověk 2,Early Middle Ages 2,amcr,HES-000301,obdobi,období,Chronology,heslar:obdobi,0
raný středověk 2–4,Early Middle Ages 2–4,amcr,HES-000276,obdobi,období,Chronology,heslar:obdobi,0
raný středověk 3,Early Middle Ages 3,amcr,HES-000379,obdobi,období,Chronology,heslar:obdobi,0
raný středověk 4,Early Middle Ages 4,amcr,HES-000325,obdobi,období,Chronology,heslar:obdobi,0
saská lužická kultura,Saxonian-Lusatian Culture,amcr,HES-000388,obdobi,období,Chronology,heslar:obdobi,0
schusseriedská kultura,Schussenried Culture,amcr,HES-000364,obdobi,období,Chronology,heslar:obdobi,0
slezskoplatěnická kultura,Silesian-Platěnice Culture,amcr,HES-000295,obdobi,období,Chronology,heslar:obdobi,0
slezskoplatěnická kultura (HaB),Silesian-Platěnice Culture (HaB),amcr,HES-000296,obdobi,období,Chronology,heslar:obdobi,0
slezskoplatěnická kultura (HaC–D),Silesian–Platěnice Culture (HaC–D),amcr,HES-000378,obdobi,období,Chronology,heslar:obdobi,0
slezská kultura,Silesian Culture,amcr,HES-000298,obdobi,období,Chronology,heslar:obdobi,0
starší doba bronzová,Early Bronze Age,amcr,HES-000319,obdobi,období,Chronology,heslar:obdobi,0
starší doba halštatská (HaC–D1),Early Hallstatt Period (HaC–D1),amcr,HES-000376,obdobi,období,Chronology,heslar:obdobi,0
starší doba stěhování národů,Early Migration Period,amcr,HES-000343,obdobi,období,Chronology,heslar:obdobi,0
starší doba římská,Early Roman Period,amcr,HES-000336,obdobi,období,Chronology,heslar:obdobi,0
starší eneolit,Early Eneolithic,amcr,HES-000366,obdobi,období,Chronology,heslar:obdobi,0
starší neolit,Early Neolithic,amcr,HES-000268,obdobi,období,Chronology,heslar:obdobi,0
starší paleolit,Lower Palaeolithic,amcr,HES-000291,obdobi,období,Chronology,heslar:obdobi,0
střední doba bronzová,Middle Bronze Age,amcr,HES-000322,obdobi,období,Chronology,heslar:obdobi,0
střední doba laténská (LtB–C1),Middle La Tène Period (LtB–C1),amcr,HES-000333,obdobi,období,Chronology,heslar:obdobi,0
střední eneolit,Middle Eneolithic,amcr,HES-000370,obdobi,období,Chronology,heslar:obdobi,0
střední paleolit,Middle Palaeolithic,amcr,HES-000274,obdobi,období,Chronology,heslar:obdobi,0
střední/mladší doba laténská (LtC1–2),Middle/Late La Tène Period (LtC1–2),amcr,HES-001447,obdobi,období,Chronology,heslar:obdobi,0
střední–mladší neolit,Middle–Late Neolithic,amcr,HES-000360,obdobi,období,Chronology,heslar:obdobi,0
středodunajská mohylová kultura,Middle-Danubian Tumulus Culture,amcr,HES-000323,obdobi,období,Chronology,heslar:obdobi,0
středověk,Middle Ages,amcr,HES-000380,obdobi,období,Chronology,heslar:obdobi,0
středověk–novověk,Middle Ages–Modern Period,amcr,HES-000392,obdobi,období,Chronology,heslar:obdobi,0
szeletien,Szeletian,amcr,HES-000260,obdobi,období,Chronology,heslar:obdobi,0
taubachien,Taubachian,amcr,HES-000313,obdobi,období,Chronology,heslar:obdobi,0
turnovský typ,Turnov type,amcr,HES-000308,obdobi,období,Chronology,heslar:obdobi,0
velatická kultura,Velatice Culture,amcr,HES-000338,obdobi,období,Chronology,heslar:obdobi,0
vrcholný středověk,High Middle Ages,amcr,HES-000328,obdobi,období,Chronology,heslar:obdobi,1
vrcholný středověk–novověk,High Middle Ages–Modern Period,amcr,HES-000273,obdobi,období,Chronology,heslar:obdobi,0
vrcholný–pozdní středověk,High–Late Middle Ages,amcr,HES-000327,obdobi,období,Chronology,heslar:obdobi,0
vyspělé mladohradištní období,Advanced Late Hillfort Period,amcr,HES-000303,obdobi,období,Chronology,heslar:obdobi,0
vyspělé středohradištní období,Advanced Middle Hillfort Period,amcr,HES-000302,obdobi,období,Chronology,heslar:obdobi,0
věteřovská kultura,Věteřov Culture,amcr,HES-000321,obdobi,období,Chronology,heslar:obdobi,0
zemědělský pravěk,farming prehistory,amcr,HES-000304,obdobi,období,Chronology,heslar:obdobi,0
únětická kultura,Únětice Culture,amcr,HES-000358,obdobi,období,Chronology,heslar:obdobi,0
časná doba laténská (LtA),Early La Tène Period (LtA),amcr,HES-000355,obdobi,období,Chronology,heslar:obdobi,0
časný eneolit,Proto-Eneolithic,amcr,HES-000286,obdobi,období,Chronology,heslar:obdobi,0
českofalcká mohylová kultura,Bohemian-Palatinate Tumulus Culture,amcr,HES-000324,obdobi,období,Chronology,heslar:obdobi,0
řivnáčská kultura,Řivnáč Culture,amcr,HES-000372,obdobi,období,Chronology,heslar:obdobi,0
štítarská kultura,Štítary Culture,amcr,HES-000297,obdobi,období,Chronology,heslar:obdobi,0
šárecký typ,Šárka Type,amcr,HES-000394,obdobi,období,Chronology,heslar:obdobi,0
želiezovská skupina,Želizovce Group,amcr,HES-000340,obdobi,období,Chronology,heslar:obdobi,0
(polo)zemnice,pit house,amcr,HES-000497,objekt_druh,druh objektu,Feature,heslar:objekt_druh,0
bastion/reduta,bastion/redoubt,amcr,HES-000468,objekt_druh,druh objektu,Feature,heslar:objekt_druh,1
bašta,wall tower,amcr,HES-000528,objekt_druh,druh objektu,Feature,heslar:objekt_druh,0
brána,gate,amcr,HES-000529,objekt_druh,druh objektu,Feature,heslar:objekt_druh,0
budova hospodářská,non-residential building,amcr,HES-000440,objekt_druh,druh objektu,Feature,heslar:objekt_druh,0
budova obytná,residential building,amcr,HES-000439,objekt_druh,druh objektu,Feature,heslar:objekt_druh,0
budova/stavba,building/structure,amcr,HES-000438,objekt_druh,druh objektu,Feature,heslar:objekt_druh,2
cesta,roads,amcr,HES-000048,areal,areál aktivity,Feature,override:amcr:HES-000048,0
chodba,corridor,amcr,HES-000494,objekt_druh,druh objektu,Feature,heslar:objekt_druh,0
cisterna,cistern,amcr,HES-000445,objekt_druh,druh objektu,Feature,heslar:objekt_druh,0
destrukční vrstva/souvrství,destruction layer/sequence,amcr,HES-000454,objekt_druh,druh objektu,Feature,heslar:objekt_druh,0
dláždění,pavement,amcr,HES-000492,objekt_druh,druh objektu,Feature,heslar:objekt_druh,0
erozní rýha,gully/ravine,amcr,HES-000471,objekt_druh,druh objektu,Feature,heslar:objekt_druh,0
geologická/přirozená vrstva,natural/geological layer,amcr,HES-000455,objekt_druh,druh objektu,Feature,heslar:objekt_druh,0
haltýř,spring house,amcr,HES-000478,objekt_druh,druh objektu,Feature,heslar:objekt_druh,0
hamr,hammer mill,amcr,HES-000545,objekt_druh,druh objektu,Feature,heslar:objekt_druh,0
hať,corduroy road,amcr,HES-000521,objekt_druh,druh objektu,Feature,heslar:objekt_druh,0
hliník,clay pit,amcr,HES-000512,objekt_druh,druh objektu,Feature,heslar:objekt_druh,0
hradba,defensive wall,amcr,HES-000530,objekt_druh,druh objektu,Feature,heslar:objekt_druh,0
hrob,grave,amcr,HES-000427,objekt_druh,druh objektu,Feature,heslar:objekt_druh,0
hrob komorový,chamber grave,amcr,HES-000428,objekt_druh,druh objektu,Feature,heslar:objekt_druh,0
hrob skříňkový,cist grave,amcr,HES-000429,objekt_druh,druh objektu,Feature,heslar:objekt_druh,0
hrobka,tomb,amcr,HES-000430,objekt_druh,druh objektu,Feature,heslar:objekt_druh,0
hráz,embankment/dam,amcr,HES-000493,objekt_druh,druh objektu,Feature,heslar:objekt_druh,0
inženýrské sítě,utilities,amcr,HES-000515,objekt_druh,druh objektu,Feature,heslar:objekt_druh,0
jeskyně/skalní prostor,cave/abri,amcr,HES-000472,objekt_druh,druh objektu,Feature,heslar:objekt_druh,1
jáma,pit,amcr,HES-000441,objekt_druh,druh objektu,Feature,heslar:objekt_druh,0
jáma kůlová/sloupová,stakehole/posthole,amcr,HES-000442,objekt_druh,druh objektu,Feature,heslar:objekt_druh,0
jáma odpadní/jímka,waste pit/cesspit,amcr,HES-000446,objekt_druh,druh objektu,Feature,heslar:objekt_druh,0
jáma stavební,construction pit,amcr,HES-000443,objekt_druh,druh objektu,Feature,heslar:objekt_druh,0
jáma zásobní,storage pit,amcr,HES-000444,objekt_druh,druh objektu,Feature,heslar:objekt_druh,0
kamna,stove,amcr,HES-000422,objekt_druh,druh objektu,Feature,heslar:objekt_druh,0
kanalizace,sewer,amcr,HES-000464,objekt_druh,druh objektu,Feature,heslar:objekt_druh,0
kaple,chapel,amcr,HES-000020,areal,areál aktivity,Feature,override:amcr:HES-000020,0
kašna,fountain,amcr,HES-000479,objekt_druh,druh objektu,Feature,heslar:objekt_druh,0
klenba,vaults,amcr,HES-000495,objekt_druh,druh objektu,Feature,heslar:objekt_druh,0
kolektor,collector,amcr,HES-000516,objekt_druh,druh objektu,Feature,heslar:objekt_druh,0
konstrukční prvek,architectural element,amcr,HES-000491,objekt_druh,druh objektu,Feature,heslar:objekt_druh,0
kostel,church,amcr,HES-000021,areal,areál aktivity,Feature,override:amcr:HES-000021,0
kostnice,ossuary,amcr,HES-000432,objekt_druh,druh objektu,Feature,heslar:objekt_druh,0
kovárna,blacksmith,amcr,HES-000546,objekt_druh,druh objektu,Feature,heslar:objekt_druh,0
kovářská výheň,forge,amcr,HES-000557,objekt_druh,druh objektu,Feature,heslar:objekt_druh,0
kultovní/sakrální objekt,ritual/sacral feature,amcr,HES-000525,objekt_druh,druh objektu,Feature,heslar:objekt_druh,0
křtitelnice,baptismal font,amcr,HES-000499,objekt_druh,druh objektu,Feature,heslar:objekt_druh,0
kůl/sloup,stake/post,amcr,HES-000447,objekt_druh,druh objektu,Feature,heslar:objekt_druh,2
lineární převýšený útvar,linear mound,amcr,HES-000538,objekt_druh,druh objektu,Feature,heslar:objekt_druh,0
lineární zahloubený útvar,linear depression,amcr,HES-000539,objekt_druh,druh objektu,Feature,heslar:objekt_druh,0
loch,larder (cellar),amcr,HES-000487,objekt_druh,druh objektu,Feature,heslar:objekt_druh,0
malba/freska,painting/fresco,amcr,HES-000540,objekt_druh,druh objektu,Feature,heslar:objekt_druh,2
menhir,menhir,amcr,HES-000500,objekt_druh,druh objektu,Feature,heslar:objekt_druh,0
mezní pás,field boundary,amcr,HES-000503,objekt_druh,druh objektu,Feature,heslar:objekt_druh,0
mezník/patník,milestone/boundary stone,amcr,HES-000522,objekt_druh,druh objektu,Feature,heslar:objekt_druh,1
milíř,charcoal kiln,amcr,HES-000554,objekt_druh,druh objektu,Feature,heslar:objekt_druh,0
mlýn,mill,amcr,HES-000028,areal,areál aktivity,Feature,override:amcr:HES-000028,0
mohyla,burial mound,amcr,HES-000431,objekt_druh,druh objektu,Feature,heslar:objekt_druh,0
most,bridge,amcr,HES-000523,objekt_druh,druh objektu,Feature,heslar:objekt_druh,1
motte,motte,amcr,HES-000531,objekt_druh,druh objektu,Feature,heslar:objekt_druh,0
místo těžby,extracting place,amcr,HES-000559,objekt_druh,druh objektu,Feature,heslar:objekt_druh,0
místo výroby,production place,amcr,HES-000544,objekt_druh,druh objektu,Feature,heslar:objekt_druh,0
místo zpracování,processing place,amcr,HES-000543,objekt_druh,druh objektu,Feature,heslar:objekt_druh,0
navážka,backfill,amcr,HES-000457,objekt_druh,druh objektu,Feature,heslar:objekt_druh,0
neklidný terén,uneven surface,amcr,HES-000568,objekt_druh,druh objektu,Feature,heslar:objekt_druh,0
nespecifikovaný reliéfní útvar,unspecified terrain feature,amcr,HES-000567,objekt_druh,druh objektu,Feature,heslar:objekt_druh,0
nika,niche,amcr,HES-000448,objekt_druh,druh objektu,Feature,heslar:objekt_druh,0
náhon,millrace,amcr,HES-000513,objekt_druh,druh objektu,Feature,heslar:objekt_druh,1
náhrobek/náhrobní kámen,gravestone,amcr,HES-000433,objekt_druh,druh objektu,Feature,heslar:objekt_druh,1
násep,bank,amcr,HES-000456,objekt_druh,druh objektu,Feature,heslar:objekt_druh,0
objekt/stopa výroby,production feature/trace,amcr,HES-000578,objekt_druh_kat,druh objektu (kategorie),Feature,heslar:objekt_druh_kat,0
obval,spoil bank,amcr,HES-000561,objekt_druh,druh objektu,Feature,heslar:objekt_druh,0
odpadní vrstva/souvrství,waste layer/sequence,amcr,HES-000458,objekt_druh,druh objektu,Feature,heslar:objekt_druh,1
ohniště,fireplace,amcr,HES-000423,objekt_druh,druh objektu,Feature,heslar:objekt_druh,0
ohradní zeď/plot,wall/fence,amcr,HES-000532,objekt_druh,druh objektu,Feature,heslar:objekt_druh,1
ohrazení/fortifikace,enclosure/fortification,amcr,HES-000527,objekt_druh,druh objektu,Feature,heslar:objekt_druh,0
oltář,altar,amcr,HES-000501,objekt_druh,druh objektu,Feature,heslar:objekt_druh,0
otopná pec,oven,amcr,HES-000424,objekt_druh,druh objektu,Feature,heslar:objekt_druh,0
otopné zařízení,heating equipment,amcr,HES-000421,objekt_druh,druh objektu,Feature,heslar:objekt_druh,0
palebné postavení,gun emplacement,amcr,HES-000506,objekt_druh,druh objektu,Feature,heslar:objekt_druh,0
palisáda,palisade,amcr,HES-000507,objekt_druh,druh objektu,Feature,heslar:objekt_druh,0
palác,palace,amcr,HES-000481,objekt_druh,druh objektu,Feature,heslar:objekt_druh,0
parkánová hradba,zwinger wall,amcr,HES-000533,objekt_druh,druh objektu,Feature,heslar:objekt_druh,0
pec,kiln,amcr,HES-000477,objekt_druh,druh objektu,Feature,heslar:objekt_druh,0
pec chlebová,bake oven,amcr,HES-000552,objekt_druh,druh objektu,Feature,heslar:objekt_druh,0
pec cihlářská,brick oven,amcr,HES-000548,objekt_druh,druh objektu,Feature,heslar:objekt_druh,0
pec dehtářská,tar pit,amcr,HES-000549,objekt_druh,druh objektu,Feature,heslar:objekt_druh,0
pec hrnčířská,pottery kiln,amcr,HES-000550,objekt_druh,druh objektu,Feature,heslar:objekt_druh,0
pec hutnická,iron-smelting furnace,amcr,HES-000551,objekt_druh,druh objektu,Feature,heslar:objekt_druh,0
pec kovolitecká,foundry,amcr,HES-000553,objekt_druh,druh objektu,Feature,heslar:objekt_druh,0
pec sklářská,glass furnace,amcr,HES-000555,objekt_druh,druh objektu,Feature,heslar:objekt_druh,0
pec vápenická,lime kiln,amcr,HES-000556,objekt_druh,druh objektu,Feature,heslar:objekt_druh,0
pilota,pier,amcr,HES-000450,objekt_druh,druh objektu,Feature,heslar:objekt_druh,0
pilíř,pillar,amcr,HES-000449,objekt_druh,druh objektu,Feature,heslar:objekt_druh,0
pinka,binge,amcr,HES-000562,objekt_druh,druh objektu,Feature,heslar:objekt_druh,0
plošina,platform,amcr,HES-000569,objekt_druh,druh objektu,Feature,heslar:objekt_druh,0
plužina,field system,amcr,HES-000504,objekt_druh,druh objektu,Feature,heslar:objekt_druh,0
podlaha (konstrukce),floor (construction),amcr,HES-000451,objekt_druh,druh objektu,Feature,heslar:objekt_druh,0
podlaha (vrstva/souvrství),floor layer/sequence,amcr,HES-000459,objekt_druh,druh objektu,Feature,heslar:objekt_druh,0
pohřeb kostrový,inhumation burial,amcr,HES-000434,objekt_druh,druh objektu,Feature,heslar:objekt_druh,0
pohřeb v sídlištním objektu,burial in settlement context,amcr,HES-000437,objekt_druh,druh objektu,Feature,heslar:objekt_druh,0
pohřeb zvířete,animal burial,amcr,HES-000436,objekt_druh,druh objektu,Feature,heslar:objekt_druh,0
pohřeb žárový,cremation burial,amcr,HES-000435,objekt_druh,druh objektu,Feature,heslar:objekt_druh,0
pohřební objekt,funerary structure,amcr,HES-000426,objekt_druh,druh objektu,Feature,heslar:objekt_druh,0
pramen,spring,amcr,HES-000473,objekt_druh,druh objektu,Feature,heslar:objekt_druh,0
pyrotechnologické zařízení,pyrotechnological device,amcr,HES-000476,objekt_druh,druh objektu,Feature,heslar:objekt_druh,0
převýšená plocha,mound,amcr,HES-000536,objekt_druh,druh objektu,Feature,heslar:objekt_druh,0
příkop,moat,amcr,HES-000508,objekt_druh,druh objektu,Feature,heslar:objekt_druh,0
rybník/nádrž,pond/water tank,amcr,HES-000505,objekt_druh,druh objektu,Feature,heslar:objekt_druh,2
schodiště,staircase,amcr,HES-000452,objekt_druh,druh objektu,Feature,heslar:objekt_druh,0
sejp/halda,spoil heap,amcr,HES-000563,objekt_druh,druh objektu,Feature,heslar:objekt_druh,1
skalní rytina,rock carving,amcr,HES-000541,objekt_druh,druh objektu,Feature,heslar:objekt_druh,0
sklep,cellar,amcr,HES-000488,objekt_druh,druh objektu,Feature,heslar:objekt_druh,0
smírčí kříž,wayside cross,amcr,HES-000502,objekt_druh,druh objektu,Feature,heslar:objekt_druh,0
součást komunikace,transportation structure,amcr,HES-000519,objekt_druh,druh objektu,Feature,heslar:objekt_druh,0
splach/naplavenina,colluvial/alluvial layer,amcr,HES-000461,objekt_druh,druh objektu,Feature,heslar:objekt_druh,1
stodola,barn,amcr,HES-000483,objekt_druh,druh objektu,Feature,heslar:objekt_druh,0
stopy orby,plough marks,amcr,HES-000467,objekt_druh,druh objektu,Feature,heslar:objekt_druh,0
studna,water well,amcr,HES-000514,objekt_druh,druh objektu,Feature,heslar:objekt_druh,0
stáj/chlév,stable/cowshed,amcr,HES-000482,objekt_druh,druh objektu,Feature,heslar:objekt_druh,2
stéla,stela,amcr,HES-000469,objekt_druh,druh objektu,Feature,heslar:objekt_druh,0
sídlištní vrstva/souvrství,settlement layer/sequence,amcr,HES-000460,objekt_druh,druh objektu,Feature,heslar:objekt_druh,0
sýpka/špýchar,granary/storehouse,amcr,HES-000484,objekt_druh,druh objektu,Feature,heslar:objekt_druh,2
terénní hrana,terrain edge,amcr,HES-000570,objekt_druh,druh objektu,Feature,heslar:objekt_druh,0
topný kanál,heating channel,amcr,HES-000425,objekt_druh,druh objektu,Feature,heslar:objekt_druh,0
trativod,drainage,amcr,HES-000517,objekt_druh,druh objektu,Feature,heslar:objekt_druh,0
těžební jáma,mining pit,amcr,HES-000566,objekt_druh,druh objektu,Feature,heslar:objekt_druh,0
těžební objekt,mining feature,amcr,HES-000558,objekt_druh,druh objektu,Feature,heslar:objekt_druh,0
val,rampart,amcr,HES-000534,objekt_druh,druh objektu,Feature,heslar:objekt_druh,0
vodoteč,riverine water bodies,amcr,HES-000474,objekt_druh,druh objektu,Feature,heslar:objekt_druh,0
vodovod,water supply pipe,amcr,HES-000518,objekt_druh,druh objektu,Feature,heslar:objekt_druh,0
vrstva/souvrství,layer/layer sequence,amcr,HES-000453,objekt_druh,druh objektu,Feature,heslar:objekt_druh,0
vápenická jáma,lime pit,amcr,HES-000547,objekt_druh,druh objektu,Feature,heslar:objekt_druh,0
výkop,cut,amcr,HES-000489,objekt_druh,druh objektu,Feature,heslar:objekt_druh,0
výplň/zásyp,fill/deposit,amcr,HES-000462,objekt_druh,druh objektu,Feature,heslar:objekt_druh,0
výrobní objekt,production feature,amcr,HES-000542,objekt_druh,druh objektu,Feature,heslar:objekt_druh,0
vývrat,windthrow,amcr,HES-000475,objekt_druh,druh objektu,Feature,heslar:objekt_druh,0
věž,tower,amcr,HES-000509,objekt_druh,druh objektu,Feature,heslar:objekt_druh,0
věžice,half tower,amcr,HES-000510,objekt_druh,druh objektu,Feature,heslar:objekt_druh,0
zahloubená plocha,depression,amcr,HES-000537,objekt_druh,druh objektu,Feature,heslar:objekt_druh,0
zahloubený objekt,sunken feature,amcr,HES-000486,objekt_druh,druh objektu,Feature,heslar:objekt_druh,0
zemědělský objekt,agricultural structure,amcr,HES-000466,objekt_druh,druh objektu,Feature,heslar:objekt_druh,0
zvonice,bell tower,amcr,HES-000485,objekt_druh,druh objektu,Feature,heslar:objekt_druh,0
základy,foundations,amcr,HES-000498,objekt_druh,druh objektu,Feature,heslar:objekt_druh,0
zákop,trench,amcr,HES-000535,objekt_druh,druh objektu,Feature,heslar:objekt_druh,0
úvoz,hollow way,amcr,HES-000524,objekt_druh,druh objektu,Feature,heslar:objekt_druh,0
šachta,shaft,amcr,HES-000564,objekt_druh,druh objektu,Feature,heslar:objekt_druh,0
šibenice,gallows,amcr,HES-000511,objekt_druh,druh objektu,Feature,heslar:objekt_druh,0
štola,adit,amcr,HES-000565,objekt_druh,druh objektu,Feature,heslar:objekt_druh,0
žlab,ditch,amcr,HES-000490,objekt_druh,druh objektu,Feature,heslar:objekt_druh,0
žároviště,burned layer,amcr,HES-000463,objekt_druh,druh objektu,Feature,heslar:objekt_druh,0
budova,building,amcr,HES-000250,nalezove_okolnosti,nálezové okolnosti,Finds Context,heslar:nalezove_okolnosti,1
jiný kontext,other context,amcr,HES-000251,nalezove_okolnosti,nálezové okolnosti,Finds Context,heslar:nalezove_okolnosti,0
kulturní vrstva/objekt,cultural layer/feature,amcr,HES-000247,nalezove_okolnosti,nálezové okolnosti,Finds Context,heslar:nalezove_okolnosti,1
lesní hrabanka,woodland topsoil,amcr,HES-000245,nalezove_okolnosti,nálezové okolnosti,Finds Context,heslar:nalezove_okolnosti,0
ornice,arable topsoil,amcr,HES-000243,nalezove_okolnosti,nálezové okolnosti,Finds Context,heslar:nalezove_okolnosti,0
podorničí/podloží,subsoil,amcr,HES-000248,nalezove_okolnosti,nálezové okolnosti,Finds Context,heslar:nalezove_okolnosti,0
povrch,surface,amcr,HES-000242,nalezove_okolnosti,nálezové okolnosti,Finds Context,heslar:nalezove_okolnosti,0
přirozený půdní horizont,natural topsoil,amcr,HES-000246,nalezove_okolnosti,nálezové okolnosti,Finds Context,heslar:nalezove_okolnosti,0
přírodní útvar,natural landform,amcr,HES-000470,objekt_druh,druh objektu,Finds Context,override:amcr:HES-000470,0
vodní plocha/tok,water body/stream,amcr,HES-000249,nalezove_okolnosti,nálezové okolnosti,Finds Context,heslar:nalezove_okolnosti,0
bez ochrany,unprotected,amcr,HES-000175,pamatkova_ochrana,památková ochrana,Location & Admin,heslar:pamatkova_ochrana,0
historická budova/komplex,historical building/complex,amcr,HES-001457,stav_dochovani,stav dochování lokality,Location & Admin,heslar:stav_dochovani,0
jiná organizace,other organisation,amcr,HES-001128,organizace_typ,typ organizace,Location & Admin,heslar:organizace_typ,0
jiná událost,other event,amcr,HES-001156,udalost_typ,typ události,Location & Admin,heslar:udalost_typ,0
konference,conference,amcr,HES-001152,udalost_typ,typ události,Location & Admin,heslar:udalost_typ,0
kulturní památka,listed monument,amcr,HES-000177,pamatkova_ochrana,památková ochrana,Location & Admin,heslar:pamatkova_ochrana,0
lokalita pod zástavbou,site in built environment,amcr,HES-001454,stav_dochovani,stav dochování lokality,Location & Admin,heslar:stav_dochovani,0
muzeum,museum,amcr,HES-001127,organizace_typ,typ organizace,Location & Admin,heslar:organizace_typ,1
nadzemní relikty,aboveground remains,amcr,HES-001455,stav_dochovani,stav dochování lokality,Location & Admin,heslar:stav_dochovani,0
národní kulturní památka,listed national monument,amcr,HES-000178,pamatkova_ochrana,památková ochrana,Location & Admin,heslar:pamatkova_ochrana,0
památková rezervace,heritage reserve,amcr,HES-000180,pamatkova_ochrana,památková ochrana,Location & Admin,heslar:pamatkova_ochrana,0
památková zóna,heritage zone,amcr,HES-000179,pamatkova_ochrana,památková ochrana,Location & Admin,heslar:pamatkova_ochrana,0
ruina,ruin,amcr,HES-001456,stav_dochovani,stav dochování lokality,Location & Admin,heslar:stav_dochovani,0
společenská akce,social event,amcr,HES-001155,udalost_typ,typ události,Location & Admin,heslar:udalost_typ,0
terénní pracoviště,fieldwork unit,amcr,HES-001129,organizace_typ,typ organizace,Location & Admin,heslar:organizace_typ,0
univerzita,university,amcr,HES-001132,organizace_typ,typ organizace,Location & Admin,heslar:organizace_typ,0
výzkumná instituce,research organisation,amcr,HES-001131,organizace_typ,typ organizace,Location & Admin,heslar:organizace_typ,0
zahraniční cesta,travel abroad,amcr,HES-001153,udalost_typ,typ události,Location & Admin,heslar:udalost_typ,0
zahraniční výzkum,fieldwork abroad,amcr,HES-001154,udalost_typ,typ události,Location & Admin,heslar:udalost_typ,0
zaniklá lokalita,buried site,amcr,HES-001453,stav_dochovani,stav dochování lokality,Location & Admin,heslar:stav_dochovani,0
ústav památkové péče,heritage organisation,amcr,HES-001130,organizace_typ,typ organizace,Location & Admin,heslar:organizace_typ,0
barvivo,colourant,amcr,HES-000903,objekt_specifikace,specifikace objektu,Material,heslar:objekt_specifikace,0
bronz,bronze,amcr,HES-000904,objekt_specifikace,specifikace objektu,Material,heslar:objekt_specifikace,0
cín,tin,amcr,HES-000921,objekt_specifikace,specifikace objektu,Material,heslar:objekt_specifikace,0
dehet,tar,amcr,HES-000922,objekt_specifikace,specifikace objektu,Material,heslar:objekt_specifikace,0
dřevo,wood,amcr,HES-000923,objekt_specifikace,specifikace objektu,Material,heslar:objekt_specifikace,0
grafit,graphite,amcr,HES-000924,objekt_specifikace,specifikace objektu,Material,heslar:objekt_specifikace,0
hlína,clay,amcr,HES-000925,objekt_specifikace,specifikace objektu,Material,heslar:objekt_specifikace,0
jantar,amber,amcr,HES-000926,objekt_specifikace,specifikace objektu,Material,heslar:objekt_specifikace,0
jiný materiál,other material,amcr,HES-001027,predmet_specifikace,specifikace předmětu,Material,heslar:predmet_specifikace,0
keramika,ceramic,amcr,HES-000933,objekt_specifikace,specifikace objektu,Material,heslar:objekt_specifikace,0
keramika fajáns/majolika,faience/maiolica,amcr,HES-000934,objekt_specifikace,specifikace objektu,Material,heslar:objekt_specifikace,1
keramika kamenina,stoneware,amcr,HES-000935,objekt_specifikace,specifikace objektu,Material,heslar:objekt_specifikace,0
keramika porcelán,porcelain,amcr,HES-000936,objekt_specifikace,specifikace objektu,Material,heslar:objekt_specifikace,0
keramika terra sigillata,terra sigillata ware,amcr,HES-000937,objekt_specifikace,specifikace objektu,Material,heslar:objekt_specifikace,0
konstrukce cihlová,brick structure,amcr,HES-000894,objekt_specifikace,specifikace objektu,Material,heslar:objekt_specifikace,0
konstrukce dlaždicová,tiled structure,amcr,HES-000895,objekt_specifikace,specifikace objektu,Material,heslar:objekt_specifikace,0
konstrukce dřevěná,wooden structure,amcr,HES-000897,objekt_specifikace,specifikace objektu,Material,heslar:objekt_specifikace,0
konstrukce hrázděná,half-timber construction,amcr,HES-000900,objekt_specifikace,specifikace objektu,Material,heslar:objekt_specifikace,0
konstrukce kamenná,stonework,amcr,HES-000896,objekt_specifikace,specifikace objektu,Material,heslar:objekt_specifikace,0
konstrukce kůlová/sloupová,post-and-beam structure,amcr,HES-000898,objekt_specifikace,specifikace objektu,Material,heslar:objekt_specifikace,0
konstrukce roubená,log construction,amcr,HES-000899,objekt_specifikace,specifikace objektu,Material,heslar:objekt_specifikace,0
konstrukce sypaná/vršená,earth construction,amcr,HES-000901,objekt_specifikace,specifikace objektu,Material,heslar:objekt_specifikace,0
konstrukce zahloubená,sunken structure,amcr,HES-000902,objekt_specifikace,specifikace objektu,Material,heslar:objekt_specifikace,0
konstrukce zděná,masonry construction,amcr,HES-000893,objekt_specifikace,specifikace objektu,Material,heslar:objekt_specifikace,0
korál,coral,amcr,HES-000938,objekt_specifikace,specifikace objektu,Material,heslar:objekt_specifikace,0
kost lidská,human bone,amcr,HES-000905,objekt_specifikace,specifikace objektu,Material,heslar:objekt_specifikace,0
kost zvířecí,animal bone,amcr,HES-000906,objekt_specifikace,specifikace objektu,Material,heslar:objekt_specifikace,0
kov,metal,amcr,HES-000907,objekt_specifikace,specifikace objektu,Material,heslar:objekt_specifikace,0
kov barevný,nonferrous metal,amcr,HES-000908,objekt_specifikace,specifikace objektu,Material,heslar:objekt_specifikace,0
kámen,stone,amcr,HES-000927,objekt_specifikace,specifikace objektu,Material,heslar:objekt_specifikace,0
kámen broušený,polished stone,amcr,HES-000928,objekt_specifikace,specifikace objektu,Material,heslar:objekt_specifikace,0
kámen drahý,gemstone,amcr,HES-000929,objekt_specifikace,specifikace objektu,Material,heslar:objekt_specifikace,0
kámen drtidlo/žernov,grinding stone,amcr,HES-000930,objekt_specifikace,specifikace objektu,Material,heslar:objekt_specifikace,1
kámen stavební,building stone,amcr,HES-000931,objekt_specifikace,specifikace objektu,Material,heslar:objekt_specifikace,0
kámen štípaný,lithics,amcr,HES-000932,objekt_specifikace,specifikace objektu,Material,heslar:objekt_specifikace,0
kůra,bark,amcr,HES-000940,objekt_specifikace,specifikace objektu,Material,heslar:objekt_specifikace,0
kůže,leather,amcr,HES-000909,objekt_specifikace,specifikace objektu,Material,heslar:objekt_specifikace,0
malta,mortar,amcr,HES-000910,objekt_specifikace,specifikace objektu,Material,heslar:objekt_specifikace,0
mazanice,daub,amcr,HES-000911,objekt_specifikace,specifikace objektu,Material,heslar:objekt_specifikace,0
mosaz,brass,amcr,HES-000913,objekt_specifikace,specifikace objektu,Material,heslar:objekt_specifikace,0
měď,copper,amcr,HES-000912,objekt_specifikace,specifikace objektu,Material,heslar:objekt_specifikace,0
obilky/semena,caryopses/seeds,amcr,HES-000914,objekt_specifikace,specifikace objektu,Material,heslar:objekt_specifikace,0
olovo,lead,amcr,HES-000915,objekt_specifikace,specifikace objektu,Material,heslar:objekt_specifikace,0
papír,paper,amcr,HES-000917,objekt_specifikace,specifikace objektu,Material,heslar:objekt_specifikace,0
paroh,antler,amcr,HES-000918,objekt_specifikace,specifikace objektu,Material,heslar:objekt_specifikace,0
pecka,fruit stone,amcr,HES-000919,objekt_specifikace,specifikace objektu,Material,heslar:objekt_specifikace,0
perla,pearl,amcr,HES-000920,objekt_specifikace,specifikace objektu,Material,heslar:objekt_specifikace,0
perleť/mušle,nacre/shell,amcr,HES-000941,objekt_specifikace,specifikace objektu,Material,heslar:objekt_specifikace,0
plast,plastic,amcr,HES-000942,objekt_specifikace,specifikace objektu,Material,heslar:objekt_specifikace,0
proutí,wattle,amcr,HES-000943,objekt_specifikace,specifikace objektu,Material,heslar:objekt_specifikace,0
pryskyřice,resin,amcr,HES-000944,objekt_specifikace,specifikace objektu,Material,heslar:objekt_specifikace,0
pyl,polen,amcr,HES-001007,predmet_specifikace,specifikace předmětu,Material,heslar:predmet_specifikace,0
roh,horn,amcr,HES-000945,objekt_specifikace,specifikace objektu,Material,heslar:objekt_specifikace,0
schránky měkkýšů,mollusc shell,amcr,HES-000946,objekt_specifikace,specifikace objektu,Material,heslar:objekt_specifikace,0
sklo,glass,amcr,HES-000947,objekt_specifikace,specifikace objektu,Material,heslar:objekt_specifikace,0
slonovina/mamutovina,ivory,amcr,HES-000948,objekt_specifikace,specifikace objektu,Material,heslar:objekt_specifikace,2
spondylus,spondylus,amcr,HES-000949,objekt_specifikace,specifikace objektu,Material,heslar:objekt_specifikace,0
stříbro,silver,amcr,HES-000950,objekt_specifikace,specifikace objektu,Material,heslar:objekt_specifikace,0
textil,textile,amcr,HES-000952,objekt_specifikace,specifikace objektu,Material,heslar:objekt_specifikace,0
uhlí,coal,amcr,HES-000953,objekt_specifikace,specifikace objektu,Material,heslar:objekt_specifikace,0
uhlí dřevěné,charcoal,amcr,HES-000954,objekt_specifikace,specifikace objektu,Material,heslar:objekt_specifikace,0
vosk,wax,amcr,HES-000957,objekt_specifikace,specifikace objektu,Material,heslar:objekt_specifikace,0
vápno,quicklime,amcr,HES-000955,objekt_specifikace,specifikace objektu,Material,heslar:objekt_specifikace,0
zlato,gold,amcr,HES-000958,objekt_specifikace,specifikace objektu,Material,heslar:objekt_specifikace,0
zub lidský,human tooth,amcr,HES-000960,objekt_specifikace,specifikace objektu,Material,heslar:objekt_specifikace,0
zub zvířecí,animal tooth,amcr,HES-000961,objekt_specifikace,specifikace objektu,Material,heslar:objekt_specifikace,0
švartna,sapropel,amcr,HES-000951,objekt_specifikace,specifikace objektu,Material,heslar:objekt_specifikace,0
železo,iron,amcr,HES-000962,objekt_specifikace,specifikace objektu,Material,heslar:objekt_specifikace,0
absolutní datování,absolute dating,amcr,HES-000634,posudek_typ,posudek,Methods,heslar:posudek_typ,0
analýza stabilních izotopů,stable isotope analysis,amcr,HES-000618,posudek_typ,posudek,Methods,heslar:posudek_typ,0
antrakologie/xylotomie,anthracology/xylotomy,amcr,HES-000604,posudek_typ,posudek,Methods,heslar:posudek_typ,0
archeoentomologie,archeoentomology,amcr,HES-000624,posudek_typ,posudek,Methods,heslar:posudek_typ,0
archeogenetika,archaeogenetics,amcr,HES-000606,posudek_typ,posudek,Methods,heslar:posudek_typ,0
archeomalakologie,archeomalacology,amcr,HES-000621,posudek_typ,posudek,Methods,heslar:posudek_typ,0
archeoparazitologie,archeoparasitology,amcr,HES-000626,posudek_typ,posudek,Methods,heslar:posudek_typ,0
archeozoologie,archaeozoology,amcr,HES-000607,posudek_typ,posudek,Methods,heslar:posudek_typ,0
badatelský záměr,research project,amcr,HES-000595,adb_podnet,podnět,Methods,heslar:adb_podnet,0
bez okolností,unknown context,amcr,HES-001062,akce_typ,typ akce,Methods,heslar:akce_typ,0
bioarcheologie,bioarchaeology,amcr,HES-001439,posudek_typ,posudek,Methods,heslar:posudek_typ,0
biologická antropologie,biological anthropology,amcr,HES-000605,posudek_typ,posudek,Methods,heslar:posudek_typ,0
chemická analýza,chemical analysis,amcr,HES-000617,posudek_typ,posudek,Methods,heslar:posudek_typ,0
dendrochronologie,dendrochronology,amcr,HES-000609,posudek_typ,posudek,Methods,heslar:posudek_typ,0
diatomární analýza,diatomic analysis,amcr,HES-000610,posudek_typ,posudek,Methods,heslar:posudek_typ,0
environmentální vzorek,environmental sampling,amcr,HES-001060,akce_typ,typ akce,Methods,heslar:akce_typ,0
experimentální archeologie,experimental archaeology,amcr,HES-001446,posudek_typ,posudek,Methods,heslar:posudek_typ,0
expertní analýza,expert analysis,amcr,HES-000619,posudek_typ,posudek,Methods,heslar:posudek_typ,0
fytolitová analýza,phytological analysis,amcr,HES-000612,posudek_typ,posudek,Methods,heslar:posudek_typ,0
geoarcheologie,geoarchaeology,amcr,HES-000613,posudek_typ,posudek,Methods,heslar:posudek_typ,0
geochemický průzkum,geochemical survey,amcr,HES-001047,akce_typ,typ akce,Methods,heslar:akce_typ,0
geochemie,geochemistry,amcr,HES-000615,posudek_typ,posudek,Methods,heslar:posudek_typ,0
geochronologie,geochronology,amcr,HES-001442,posudek_typ,posudek,Methods,heslar:posudek_typ,0
geodetický průzkum,geodetic survey,amcr,HES-001141,adb_typ,typ sondy,Methods,heslar:adb_typ,1
geofyzika,geophysics,amcr,HES-000614,posudek_typ,posudek,Methods,heslar:posudek_typ,0
geofyzikální průzkum,geophysical survey,amcr,HES-001046,akce_typ,typ akce,Methods,heslar:akce_typ,0
geologická sonda,geological trench,amcr,HES-001145,adb_typ,typ sondy,Methods,heslar:adb_typ,0
geologický vrt,geological core sample,amcr,HES-001144,adb_typ,typ sondy,Methods,heslar:adb_typ,0
geomorfologie,geomorphology,amcr,HES-001443,posudek_typ,posudek,Methods,heslar:posudek_typ,0
havárie/stavební narušení,accident/building disruption,amcr,HES-000597,adb_podnet,podnět,Methods,heslar:adb_podnet,0
inženýrsko-geologický průzkum,engineering-geological survey,amcr,HES-000596,adb_podnet,podnět,Methods,heslar:adb_podnet,0
jiná evidence,other evidence,amcr,HES-001061,akce_typ,typ akce,Methods,heslar:akce_typ,0
jiné expertní zpracování,other expert analysis,amcr,HES-001495,posudek_typ_kat,posudek (kategorie),Methods,heslar:posudek_typ_kat,0
jiný podnět,other motivation,amcr,HES-000599,adb_podnet,podnět,Methods,heslar:adb_podnet,0
konzervace a restaurování,conservation and restoration,amcr,HES-000629,posudek_typ,posudek,Methods,heslar:posudek_typ,0
letecký průzkum,aerial survey,amcr,HES-001045,akce_typ,typ akce,Methods,heslar:akce_typ,0
liniová stavba,line construction,amcr,HES-000600,adb_podnet,podnět,Methods,heslar:adb_podnet,0
makrozbytková analýza,macroremains analysis,amcr,HES-000620,posudek_typ,posudek,Methods,heslar:posudek_typ,0
materiálová analýza,material analysis,amcr,HES-000633,posudek_typ,posudek,Methods,heslar:posudek_typ,0
materiálové analýzy,material analysis,amcr,HES-001494,posudek_typ_kat,posudek (kategorie),Methods,heslar:posudek_typ_kat,0
metalografie,metallography,amcr,HES-000630,posudek_typ,posudek,Methods,heslar:posudek_typ,0
mikrosondáž/vzorkovací sondáž,shovel tests/test pitting,amcr,HES-001051,akce_typ,typ akce,Methods,heslar:akce_typ,1
mikrostratigrafie,microstratigraphy,amcr,HES-001444,posudek_typ,posudek,Methods,heslar:posudek_typ,0
nedestruktivní průzkum,non-destructive survey,amcr,HES-001063,akce_typ_kat,typ akce (kategorie),Methods,heslar:akce_typ_kat,0
nedokumentovaná akce,undocumented fieldwork,amcr,HES-001054,akce_typ,typ akce,Methods,heslar:akce_typ,0
neodborné narušení,non-professional intervention,amcr,HES-001140,adb_typ,typ sondy,Methods,heslar:adb_typ,0
neznámý,unknown,amcr,HES-000601,adb_podnet,podnět,Methods,heslar:adb_podnet,0
numismatika,numismatics,amcr,HES-000623,posudek_typ,posudek,Methods,heslar:posudek_typ,0
náhodný zásah/nález,chance find,amcr,HES-001053,akce_typ,typ akce,Methods,heslar:akce_typ,0
náhodný/povrchový nález,chance find,amcr,HES-001139,adb_typ,typ sondy,Methods,heslar:adb_typ,1
obdělávání půdy,farming,amcr,HES-000602,adb_podnet,podnět,Methods,heslar:adb_podnet,0
odborný záměr,expert project,amcr,HES-000594,adb_podnet,podnět,Methods,heslar:adb_podnet,0
orientační zjištění,brief evidence,amcr,HES-001055,akce_typ,typ akce,Methods,heslar:akce_typ,0
osteozoologie,osteozoology,amcr,HES-001440,posudek_typ,posudek,Methods,heslar:posudek_typ,0
paleoklimatologie,paleoclimatology,amcr,HES-001445,posudek_typ,posudek,Methods,heslar:posudek_typ,0
palynologie,palynology,amcr,HES-000625,posudek_typ,posudek,Methods,heslar:posudek_typ,0
pedologie,pedology,amcr,HES-000627,posudek_typ,posudek,Methods,heslar:posudek_typ,0
petrografie/mineralogie,petrography,amcr,HES-000628,posudek_typ,posudek,Methods,heslar:posudek_typ,0
plošný odkryv,total excavation,amcr,HES-001059,akce_typ,typ akce,Methods,heslar:akce_typ,0
povrchový nález,surface find,amcr,HES-001049,akce_typ,typ akce,Methods,heslar:akce_typ,1
povrchový sběr,surface collection survey,amcr,HES-001050,akce_typ,typ akce,Methods,heslar:akce_typ,0
prvková analýza,elemental analysis,amcr,HES-000631,posudek_typ,posudek,Methods,heslar:posudek_typ,0
průzkum detektorem kovu,metal detector survey,amcr,HES-001052,akce_typ,typ akce,Methods,heslar:akce_typ,0
radiouhlíkové datování,radiocarbon dating,amcr,HES-000608,posudek_typ,posudek,Methods,heslar:posudek_typ,0
skupina sond,group of pit trenches,amcr,HES-001151,adb_typ,typ sondy,Methods,heslar:adb_typ,0
skupina vrtů,group of sediment core samples,amcr,HES-001147,adb_typ,typ sondy,Methods,heslar:adb_typ,0
skupina řezů,group of linear trenches,amcr,HES-001149,adb_typ,typ sondy,Methods,heslar:adb_typ,0
skupina/síť sond,group of pit trenches,amcr,HES-001058,akce_typ,typ akce,Methods,heslar:akce_typ,0
sonda,pit trench,amcr,HES-001057,akce_typ,typ akce,Methods,heslar:akce_typ,0
stavba,construction,amcr,HES-000603,adb_podnet,podnět,Methods,heslar:adb_podnet,1
stavebně-historický průzkum,building-historical survey,amcr,HES-000632,posudek_typ,posudek,Methods,heslar:posudek_typ,0
tafonomie,taphonomy,amcr,HES-001441,posudek_typ,posudek,Methods,heslar:posudek_typ,0
terénní odkryv,field excavation,amcr,HES-001066,akce_typ_kat,typ akce (kategorie),Methods,heslar:akce_typ_kat,0
terénní zásah,field intervention,amcr,HES-001065,akce_typ_kat,typ akce (kategorie),Methods,heslar:akce_typ_kat,0
vertikální řez,linear trench,amcr,HES-001056,akce_typ,typ akce,Methods,heslar:akce_typ,0
vizuální/geodetický průzkum,visual/geodetic survey,amcr,HES-001044,akce_typ,typ akce,Methods,heslar:akce_typ,1
vrt,sediment core sample,amcr,HES-001146,adb_typ,typ sondy,Methods,heslar:adb_typ,0
výzkum povrchové vrstvy,topsoil sampling,amcr,HES-001064,akce_typ_kat,typ akce (kategorie),Methods,heslar:akce_typ_kat,0
řez,linear trench,amcr,HES-001148,adb_typ,typ sondy,Methods,heslar:adb_typ,0
Artemísion,Artemisium,teater,1306,1267,kultovní areál,Activity Area,teater:1267,0
Asklépieion,Asclepeion,teater,1307,1267,kultovní areál,Activity Area,teater:1267,0
Loretánská kaple,Loreto chapel,teater,1331,1267,kultovní areál,Activity Area,teater:1267,0
Métróon,Metroon,teater,1313,1267,kultovní areál,Activity Area,teater:1267,0
agora,agora,teater,1469,1267,veřejné prostranství,Activity Area,teater:1267,0
akropole,acropolis,teater,1424,1267,sídlo elity,Activity Area,teater:1267,0
akvadukt,aqueduct,teater,1414,1267,pozemní komunikace (areály),Activity Area,teater:1267,0
amfiprostylos,amphiprostyle,teater,1305,1267,kultovní areál,Activity Area,teater:1267,0
antické město,ancient city,teater,1395,1267,nadkomunitní areál,Activity Area,teater:1267,0
antický chrám,ancient temple,teater,1304,1267,kultovní areál,Activity Area,teater:1267,0
apoikia,apoikia,teater,1442,1267,sídliště,Activity Area,teater:1267,0
augustiniánský klášter,Augustinian monastery,teater,1360,1267,nadkomunitní areál,Activity Area,teater:1267,0
bazilika,basilica,teater,1334,1267,kultovní areál,Activity Area,teater:1267,0
baziliánský klášter,Basilian monastery,teater,1384,1267,nadkomunitní areál,Activity Area,teater:1267,0
benediktinský klášter,Benedictine monastery,teater,1361,1267,nadkomunitní areál,Activity Area,teater:1267,0
boží muka a křížky,wayside shrines and crosses,teater,1323,1267,kultovní areál,Activity Area,teater:1267,0
castellum,castellum,teater,1292,1267,areál vojenských aktivit,Activity Area,teater:1267,0
chronologie (města),chronology (cities),teater,1394,1267,nadkomunitní areál,Activity Area,teater:1267,0
chrám,temple,teater,3865,1267,kultovní areál,Activity Area,teater:1267,0
cisterciácký klášter,Cistercian monastery,teater,1362,1267,nadkomunitní areál,Activity Area,teater:1267,0
colonia,colonia,teater,1353,1267,nadkomunitní areál,Activity Area,teater:1267,0
církevní architektura,church architecture,teater,1322,1267,kultovní areál,Activity Area,teater:1267,0
dipteros,dipteros,teater,1308,1267,kultovní areál,Activity Area,teater:1267,0
dominikánský klášter,Dominican monastery,teater,1363,1267,nadkomunitní areál,Activity Area,teater:1267,0
dvojitý klášter,double monastery,teater,1358,1267,nadkomunitní areál,Activity Area,teater:1267,0
dvorec,manorial farm,teater,1425,1267,sídlo elity,Activity Area,teater:1267,1
dvůr,court,teater,1426,1267,sídlo elity,Activity Area,teater:1267,1
démos (sídliště),Demos (settlement),teater,1444,1267,sídliště,Activity Area,teater:1267,0
dóm,duomo,teater,3864,1267,kultovní areál,Activity Area,teater:1267,0
dřevěná kaple,wooden chapel,teater,1329,1267,kultovní areál,Activity Area,teater:1267,0
dřevěný kostel,wooden church,teater,1335,1267,kultovní areál,Activity Area,teater:1267,0
evangelický kostel,Evangelical temple,teater,1338,1267,kultovní areál,Activity Area,teater:1267,0
františkánský klášter,Franciscan monastery,teater,1364,1267,nadkomunitní areál,Activity Area,teater:1267,0
funkce (města),function (town),teater,1387,1267,nadkomunitní areál,Activity Area,teater:1267,0
fórum,forum,teater,1470,1267,veřejné prostranství,Activity Area,teater:1267,0
hekatompedon,hekatompedon temple,teater,1309,1267,kultovní areál,Activity Area,teater:1267,0
hlavní město,capital city,teater,1388,1267,nadkomunitní areál,Activity Area,teater:1267,0
hlubinný důl,underground mine,teater,1461,1267,těžební areál,Activity Area,teater:1267,0
hornické sídliště,mineworkers´ settlement,teater,1448,1267,sídliště,Activity Area,teater:1267,0
horní město,mining town,teater,1389,1267,nadkomunitní areál,Activity Area,teater:1267,0
horská silnice,mountain road,teater,1417,1267,pozemní komunikace (areály),Activity Area,teater:1267,0
hradní architektura,castle architecture,teater,1430,1267,sídlo elity,Activity Area,teater:1267,0
hrádek,fortified manor,teater,1428,1267,sídlo elity,Activity Area,teater:1267,1
héróon,heroon,teater,1310,1267,kultovní areál,Activity Area,teater:1267,0
hřbitov,cemetery,teater,1408,1267,pohřební areál,Activity Area,teater:1267,1
hřbitovní kaple,cemetery chapel,teater,1330,1267,kultovní areál,Activity Area,teater:1267,0
in antis,distyle in antis,teater,1311,1267,kultovní areál,Activity Area,teater:1267,0
islámská architektura,Islamic architecture,teater,1343,1267,kultovní areál,Activity Area,teater:1267,0
jeskynní hrad,cave castle,teater,1431,1267,sídlo elity,Activity Area,teater:1267,0
kabeirion,cabeirion,teater,1312,1267,kultovní areál,Activity Area,teater:1267,0
kalvárie,calvary,teater,1324,1267,kultovní areál,Activity Area,teater:1267,0
kamenný kříž,stone cross,teater,1325,1267,kultovní areál,Activity Area,teater:1267,0
kamenolom,stone quarry,teater,1465,1267,těžební areál,Activity Area,teater:1267,0
kapitula,chapter house,teater,1327,1267,kultovní areál,Activity Area,teater:1267,0
kapucínský klášter,Capuchin monastery,teater,1365,1267,nadkomunitní areál,Activity Area,teater:1267,0
karmelitánský klášter,Carmelite monastery,teater,1366,1267,nadkomunitní areál,Activity Area,teater:1267,0
kartuziánský klášter,Carthusian monastery,teater,1367,1267,nadkomunitní areál,Activity Area,teater:1267,0
kasárna,barracks,teater,1449,1267,sídliště,Activity Area,teater:1267,0
katedrála,cathedral,teater,1336,1267,kultovní areál,Activity Area,teater:1267,0
katolický klášter,Catholic monastery,teater,1359,1267,nadkomunitní areál,Activity Area,teater:1267,0
katolický kostel,Catholic church,teater,1339,1267,kultovní areál,Activity Area,teater:1267,0
kačkar,khachkar,teater,1326,1267,kultovní areál,Activity Area,teater:1267,0
keltské oppidum,Celtic oppidum,teater,1355,1267,nadkomunitní areál,Activity Area,teater:1267,0
klášter benediktinek,Benedictine nunnery,teater,1368,1267,nadkomunitní areál,Activity Area,teater:1267,0
klášter brigitinek,Bridgettine nunnery,teater,1369,1267,nadkomunitní areál,Activity Area,teater:1267,0
klášter cisterciaček,Cistercian nunnery,teater,1370,1267,nadkomunitní areál,Activity Area,teater:1267,0
klášter dominikánek,Dominican nunnery,teater,1371,1267,nadkomunitní areál,Activity Area,teater:1267,0
klášter kamaldulů,Camaldolese monastery,teater,1372,1267,nadkomunitní areál,Activity Area,teater:1267,0
klášter klaristek,monastery of Clares,teater,1373,1267,nadkomunitní areál,Activity Area,teater:1267,0
klášter křížovníků,monastery of Knights of the Cross,teater,1374,1267,nadkomunitní areál,Activity Area,teater:1267,0
klášter mariánů,monastery of Marian Fathers,teater,1375,1267,nadkomunitní areál,Activity Area,teater:1267,0
klášter servitů,Servite monastery,teater,1376,1267,nadkomunitní areál,Activity Area,teater:1267,0
klášter voršilek,monastery of Ursulines,teater,1377,1267,nadkomunitní areál,Activity Area,teater:1267,0
komenda,commandery,teater,1450,1267,sídliště,Activity Area,teater:1267,0
konfesní rozdělení,confessional division,teater,1337,1267,kultovní areál,Activity Area,teater:1267,0
kromlech,cromlech,teater,1346,1267,kultovní areál,Activity Area,teater:1267,0
královské město,royal town,teater,1399,1267,nadkomunitní areál,Activity Area,teater:1267,0
křesťanský klášter,Christian monastery,teater,1357,1267,nadkomunitní areál,Activity Area,teater:1267,0
křížová cesta,ways of the Cross,teater,1342,1267,kultovní areál,Activity Area,teater:1267,0
loděnice,dockyard,teater,1473,1267,vodní komunikace,Activity Area,teater:1267,0
lovecký zámek,hunting chateaux,teater,1440,1267,sídlo elity,Activity Area,teater:1267,0
lázně,spa,teater,1269,1267,areál jiné aktivity,Activity Area,teater:1267,0
majetnický a votivní depot,votive deposit,teater,1300,1267,depot,Activity Area,teater:1267,0
megalitická památka,megalith,teater,1347,1267,kultovní areál,Activity Area,teater:1267,0
metropole,metropolis,teater,1390,1267,nadkomunitní areál,Activity Area,teater:1267,0
mešita,mosque,teater,1344,1267,kultovní areál,Activity Area,teater:1267,0
mincovní poklad,coin treasure,teater,1302,1267,depot,Activity Area,teater:1267,0
minoritský klášter,Minorite monastery,teater,1378,1267,nadkomunitní areál,Activity Area,teater:1267,0
mohylník,barrow cemetery,teater,1410,1267,pohřební areál,Activity Area,teater:1267,0
monastýr,monastery (Eastern Orthodox Church),teater,1383,1267,nadkomunitní areál,Activity Area,teater:1267,0
monopteros,monopteros,teater,1314,1267,kultovní areál,Activity Area,teater:1267,0
municipium,municipium,teater,1396,1267,nadkomunitní areál,Activity Area,teater:1267,0
městečko,small town,teater,1445,1267,sídliště,Activity Area,teater:1267,1
městské opevnění,town fortification,teater,1286,1267,areál vojenských aktivit,Activity Area,teater:1267,0
městský hrad,town palace,teater,1432,1267,sídlo elity,Activity Area,teater:1267,0
náměstí,square,teater,1471,1267,veřejné prostranství,Activity Area,teater:1267,0
obora (myslivost),game park,teater,1294,1267,areál zemědělské výroby,Activity Area,teater:1267,0
obětiště,sacrifice site,teater,1348,1267,kultovní areál,Activity Area,teater:1267,0
okrasný sad,ornamental orchard,teater,1273,1267,areál jiné aktivity,Activity Area,teater:1267,0
pastvina,pasture,teater,1295,1267,areál zemědělské výroby,Activity Area,teater:1267,1
paulánský klášter,Minim monastery,teater,1379,1267,nadkomunitní areál,Activity Area,teater:1267,0
peribolos,peribolos,teater,1315,1267,kultovní areál,Activity Area,teater:1267,0
peripteros,peripteros,teater,1316,1267,kultovní areál,Activity Area,teater:1267,0
piaristický klášter,Piarist monastery,teater,1380,1267,nadkomunitní areál,Activity Area,teater:1267,0
plavební kanál,canal,teater,1478,1267,vodní stavba,Activity Area,teater:1267,0
pobřežní opevnění,coastal fortification,teater,1288,1267,areál vojenských aktivit,Activity Area,teater:1267,0
poddanské město,tributary town,teater,1400,1267,nadkomunitní areál,Activity Area,teater:1267,0
podhradí,extramural settlement,teater,1446,1267,sídliště,Activity Area,teater:1267,0
pohřebiště,burrial ground,teater,1411,1267,pohřební areál,Activity Area,teater:1267,1
pohřebiště v sakralní stavbě,burials in sacral building,teater,1412,1267,pohřební areál,Activity Area,teater:1267,0
poklad,treasure,teater,1301,1267,depot,Activity Area,teater:1267,0
poplužní dvůr,Meierhof,teater,1427,1267,sídlo elity,Activity Area,teater:1267,0
posvátný háj,sacred grove,teater,3861,1267,kultovní areál,Activity Area,teater:1267,0
poutní místo,pilgrimage place,teater,1349,1267,kultovní areál,Activity Area,teater:1267,0
povrchový důl,opencast mine,teater,1462,1267,těžební areál,Activity Area,teater:1267,0
pozemní komunikace (areály),land communication (areas),teater,1413,1267,pozemní komunikace (areály),Activity Area,teater:1267,0
pravoslavný kostel,Orthodox church,teater,1340,1267,kultovní areál,Activity Area,teater:1267,0
premonstrátský klášter,Premonstratensian monastery,teater,1381,1267,nadkomunitní areál,Activity Area,teater:1267,0
prostylos,prostylos,teater,1317,1267,kultovní areál,Activity Area,teater:1267,0
protourbánní osídlení,proto-urban settlement,teater,1402,1267,nadkomunitní areál,Activity Area,teater:1267,0
průmyslové město,industrial town,teater,1391,1267,nadkomunitní areál,Activity Area,teater:1267,0
pískovna,sandpit,teater,1466,1267,těžební areál,Activity Area,teater:1267,0
příkopové ohrazení,ditch enclosure,teater,1404,1267,nadkomunitní areál,Activity Area,teater:1267,0
přístav,port,teater,1474,1267,vodní komunikace,Activity Area,teater:1267,0
přístavní město,seaport,teater,1392,1267,nadkomunitní areál,Activity Area,teater:1267,0
rondel,roundel,teater,1405,1267,nadkomunitní areál,Activity Area,teater:1267,1
rotunda,rotunda,teater,1341,1267,kultovní areál,Activity Area,teater:1267,0
sad,orchard,teater,1297,1267,areál zemědělské výroby,Activity Area,teater:1267,1
sedm divů světa,Wonders of the World,teater,1422,1267,sedm divů světa,Activity Area,teater:1267,0
silnice,road,teater,1416,1267,pozemní komunikace (areály),Activity Area,teater:1267,0
silniční síť,road network,teater,1418,1267,pozemní komunikace (areály),Activity Area,teater:1267,0
skalní hrad,rock castle,teater,1433,1267,sídlo elity,Activity Area,teater:1267,0
skalní kaple,rock chapel,teater,1332,1267,kultovní areál,Activity Area,teater:1267,0
skalní klášter,rock monastery,teater,1385,1267,nadkomunitní areál,Activity Area,teater:1267,0
sklářská huť,glassworks (sklářská huť),teater,1280,1267,areál nezemědělské výroby,Activity Area,teater:1267,0
solný důl,salt mine,teater,1463,1267,těžební areál,Activity Area,teater:1267,0
stanice,camp,teater,1451,1267,sídliště,Activity Area,teater:1267,1
stavební huť,construction smelter,teater,1281,1267,areál nezemědělské výroby,Activity Area,teater:1267,0
stezka,trail,teater,1419,1267,pozemní komunikace (areály),Activity Area,teater:1267,0
stálé opevnění,permanent fortification,teater,1290,1267,areál vojenských aktivit,Activity Area,teater:1267,0
středověké město,medieval town,teater,1397,1267,nadkomunitní areál,Activity Area,teater:1267,0
sídelní město,residential town,teater,1393,1267,nadkomunitní areál,Activity Area,teater:1267,0
telestérion,telesterion,teater,1318,1267,kultovní areál,Activity Area,teater:1267,0
tell,tell,teater,1457,1267,sídliště,Activity Area,teater:1267,0
temenos,temenos,teater,1319,1267,kultovní areál,Activity Area,teater:1267,0
thermy,thermae,teater,1270,1267,areál jiné aktivity,Activity Area,teater:1267,0
tholos,tholos,teater,1320,1267,kultovní areál,Activity Area,teater:1267,0
trapistický klášter,Trappist monastery,teater,1382,1267,nadkomunitní areál,Activity Area,teater:1267,0
tržní osada,market village,teater,1453,1267,sídliště,Activity Area,teater:1267,0
tvrz,fortified house,teater,1437,1267,sídlo elity,Activity Area,teater:1267,1
tábořiště,camp site,teater,1452,1267,sídliště,Activity Area,teater:1267,1
těžební areál,mining area,teater,1459,1267,těžební areál,Activity Area,teater:1267,0
usedlost,farmstead,teater,1454,1267,sídliště,Activity Area,teater:1267,0
velkostatek,estate,teater,1282,1267,areál nezemědělské výroby,Activity Area,teater:1267,0
vesnice,village,teater,1455,1267,sídliště,Activity Area,teater:1267,1
veřejné prostranství,public area,teater,1468,1267,veřejné prostranství,Activity Area,teater:1267,0
viadukt,viaduct,teater,1420,1267,pozemní komunikace (areály),Activity Area,teater:1267,0
vila,villa,teater,1438,1267,sídlo elity,Activity Area,teater:1267,1
vlastnictví (města),ownership (town),teater,1398,1267,nadkomunitní areál,Activity Area,teater:1267,0
vodní hrad,wasserburg,teater,1434,1267,sídlo elity,Activity Area,teater:1267,0
vodní komunikace,navigable waterway,teater,1472,1267,vodní komunikace,Activity Area,teater:1267,0
vodní stavba,hydraulic structure,teater,1475,1267,vodní stavba,Activity Area,teater:1267,0
věnné město,dowry town,teater,1401,1267,nadkomunitní areál,Activity Area,teater:1267,0
věštírna,oracle,teater,1321,1267,kultovní areál,Activity Area,teater:1267,0
zemědělská usedlost,farmhouse,teater,1458,1267,sídliště,Activity Area,teater:1267,0
zámek (sídlo elity),châteaux,teater,1439,1267,sídlo elity,Activity Area,teater:1267,0
šlechtické sídlo,residence of nobility,teater,1436,1267,sídlo elity,Activity Area,teater:1267,0
židovská architektura,Jewish architecture,teater,1350,1267,kultovní areál,Activity Area,teater:1267,0
Hodinky (modlitební knihy),books of hours,teater,2227,1788,písemnost,Artefact,teater:1788,0
Iliacae tabulae,Tabula Iliaca,teater,1882,1788,doklady umění,Artefact,teater:1788,0
Itala,itala,teater,2219,1788,písemnost,Artefact,teater:1788,0
Nummus,Nummus,teater,2288,1788,platidlo,Artefact,teater:1788,0
Starý zákon,Old Testament,teater,2214,1788,písemnost,Artefact,teater:1788,0
Vetus Latina,Vetus Latina,teater,2220,1788,písemnost,Artefact,teater:1788,0
abacus (architektura),abacus (architecture),teater,1790,1788,architektonický článek,Artefact,teater:1788,0
abacus (nástroj),abacus (tool),teater,2086,1788,nástroj,Artefact,teater:1788,0
agnůstek (přívěsek),Agnus Dei (pendant),teater,3797,1788,šperk,Artefact,teater:1788,0
akanthos,acanthus,teater,1791,1788,architektonický článek,Artefact,teater:1788,0
akrótérion,acroterion,teater,1792,1788,architektonický článek,Artefact,teater:1788,0
akta,acta,teater,2182,1788,písemnost,Artefact,teater:1788,0
alabastron,alabastron,teater,2029,1788,nádoba,Artefact,teater:1788,0
album,album,teater,2251,1788,písemnost,Artefact,teater:1788,0
amulet,amulet,teater,2375,1788,šperk,Artefact,teater:1788,0
ant,anta,teater,1793,1788,architektonický článek,Artefact,teater:1788,0
antefix,antefix,teater,1794,1788,architektonický článek,Artefact,teater:1788,0
antifonář,antiphonary,teater,2216,1788,písemnost,Artefact,teater:1788,0
antropomorfní nádoba,anthropomorphic vessel,teater,2080,1788,nádoba,Artefact,teater:1788,0
antropomorfní plastika,anthropomorphic sculpture,teater,1818,1788,doklady umění,Artefact,teater:1788,0
apokryf,apocryphus,teater,2183,1788,písemnost,Artefact,teater:1788,0
apologie,apologetic,teater,2187,1788,písemnost,Artefact,teater:1788,0
apotropaion,apotropaic magic,teater,2376,1788,šperk,Artefact,teater:1788,0
arca,arca,teater,2311,1788,součást hrobu,Artefact,teater:1788,0
architráv,architrave,teater,1795,1788,architektonický článek,Artefact,teater:1788,0
aryballos,aryballos,teater,2031,1788,nádoba,Artefact,teater:1788,0
as,as,teater,2277,1788,platidlo,Artefact,teater:1788,0
askos,askos,teater,2032,1788,nádoba,Artefact,teater:1788,0
aulos,aulos,teater,1827,1788,doklady umění,Artefact,teater:1788,0
aureus,aureus,teater,2278,1788,platidlo,Artefact,teater:1788,0
balista,ballista,teater,1977,1788,militaria,Artefact,teater:1788,0
barbiton,barbiton,teater,1828,1788,doklady umění,Artefact,teater:1788,0
barokní nástěnná malba,baroque mural painting,teater,1866,1788,doklady umění,Artefact,teater:1788,0
berní kniha,tax book,teater,2252,1788,písemnost,Artefact,teater:1788,0
berní rula,Roll of Assesment,teater,2253,1788,písemnost,Artefact,teater:1788,0
bible,bible,teater,2217,1788,písemnost,Artefact,teater:1788,0
biblický apokryf,Biblical apocryphal book,teater,2184,1788,písemnost,Artefact,teater:1788,0
biga,biga,teater,1915,1788,doprava,Artefact,teater:1788,0
biografie,biography,teater,2188,1788,písemnost,Artefact,teater:1788,0
bodná zbraň,stabbing weapon,teater,1994,1788,militaria,Artefact,teater:1788,0
brakteát,bracteate,teater,2279,1788,platidlo,Artefact,teater:1788,0
breviář,breviary,teater,2221,1788,písemnost,Artefact,teater:1788,0
broušená industrie,polished industry,teater,2106,1788,nástroj,Artefact,teater:1788,0
brož,brooch,teater,2377,1788,šperk,Artefact,teater:1788,0
budík,alarm clock,teater,2089,1788,nástroj,Artefact,teater:1788,0
bulla,bulla,teater,2378,1788,šperk,Artefact,teater:1788,0
cadus (nádoba),kados (vessel),teater,2033,1788,nádoba,Artefact,teater:1788,0
calceus,calceus,teater,2323,1788,součást oděvu,Artefact,teater:1788,0
caliga,caliga,teater,2324,1788,součást oděvu,Artefact,teater:1788,0
cena za vítězství,áthlon,teater,2360,1788,symbolický předmět,Artefact,teater:1788,0
cestopis,travelogue,teater,2189,1788,písemnost,Artefact,teater:1788,0
cestovní deník,Travel Journal,teater,3734,1788,písemnost,Artefact,teater:1788,0
chitón,chiton,teater,2170,1788,oděv,Artefact,teater:1788,0
chladná zbraň,cold weapon,teater,1993,1788,militaria,Artefact,teater:1788,0
chlaina,chlaina,teater,2171,1788,oděv,Artefact,teater:1788,0
chlamys,chlamys,teater,2172,1788,oděv,Artefact,teater:1788,0
chléb,bread,teater,2410,1788,zboží,Artefact,teater:1788,0
chrlič,gargoyle,teater,1799,1788,architektonický článek,Artefact,teater:1788,0
chytra,khytra,teater,2042,1788,nádoba,Artefact,teater:1788,0
cista,cista,teater,2035,1788,nádoba,Artefact,teater:1788,0
commentarius,commentarii,teater,2190,1788,písemnost,Artefact,teater:1788,0
cornu,cornu,teater,1829,1788,doklady umění,Artefact,teater:1788,0
corona,corona,teater,2361,1788,symbolický předmět,Artefact,teater:1788,0
corpus,text corpus,teater,2191,1788,písemnost,Artefact,teater:1788,0
cukr,sugar,teater,2408,1788,zboží,Artefact,teater:1788,0
cymbál,cymbal,teater,1830,1788,doklady umění,Artefact,teater:1788,0
dekret,decree,teater,2254,1788,písemnost,Artefact,teater:1788,0
denár,denarius,teater,2282,1788,platidlo,Artefact,teater:1788,0
deník,Diary,teater,3733,1788,písemnost,Artefact,teater:1788,0
desková malba,panel painting,teater,1851,1788,doklady umění,Artefact,teater:1788,0
devocionálie,devotional object,teater,2367,1788,symbolický předmět,Artefact,teater:1788,0
devoční obraz,devotional image,teater,1853,1788,doklady umění,Artefact,teater:1788,0
devoční socha,devotional statue,teater,1889,1788,doklady umění,Artefact,teater:1788,0
diatessaron,diatessaron,teater,2222,1788,písemnost,Artefact,teater:1788,0
didaché,didache,teater,2223,1788,písemnost,Artefact,teater:1788,0
diptychon,diptych,teater,2246,1788,písemnost,Artefact,teater:1788,0
dipylská váza,dipylon jar,teater,1796,1788,architektonický článek,Artefact,teater:1788,0
disk (sportovní nářadí),disk,teater,2405,1788,sportovní nářadí,Artefact,teater:1788,0
doklady umění,evidence of art,teater,1814,1788,doklady umění,Artefact,teater:1788,0
dona militaria,dona militaria,teater,2368,1788,symbolický předmět,Artefact,teater:1788,0
dopis,letter,teater,2201,1788,písemnost,Artefact,teater:1788,0
doprava,transportation,teater,1895,1788,doprava,Artefact,teater:1788,1
drachma,drachma,teater,2283,1788,platidlo,Artefact,teater:1788,0
drtidlo,grindstone,teater,2094,1788,nástroj,Artefact,teater:1788,1
dukát,ducat,teater,2284,1788,platidlo,Artefact,teater:1788,0
dvorské desky,tabulae curiae,teater,2255,1788,písemnost,Artefact,teater:1788,0
dáreikos,dareikos,teater,2281,1788,platidlo,Artefact,teater:1788,0
dějiny Bible,History Bible,teater,2218,1788,písemnost,Artefact,teater:1788,0
dřevořezba,woodcarving,teater,1815,1788,doklady umění,Artefact,teater:1788,0
echínos,echinus,teater,1797,1788,architektonický článek,Artefact,teater:1788,0
efémeris,ephemeris,teater,2192,1788,písemnost,Artefact,teater:1788,0
enkaustika,encaustic painting,teater,1854,1788,doklady umění,Artefact,teater:1788,0
enkolpión,engolpion,teater,3862,1788,šperk,Artefact,teater:1788,0
epanagoge,epanagoge,teater,2193,1788,písemnost,Artefact,teater:1788,0
epitaf,epitaph,teater,2312,1788,součást hrobu,Artefact,teater:1788,0
erbovní listina,heraldic document,teater,2260,1788,písemnost,Artefact,teater:1788,0
essedum,essedum,teater,1913,1788,doprava,Artefact,teater:1788,0
evangeliář,evangeliary,teater,2224,1788,písemnost,Artefact,teater:1788,0
exegeze,exegesis,teater,2194,1788,písemnost,Artefact,teater:1788,0
exómis,exomis,teater,2168,1788,oděv,Artefact,teater:1788,0
farní kronika,parochial chronicle,teater,2203,1788,písemnost,Artefact,teater:1788,0
fasces,fasces,teater,2365,1788,symbolický předmět,Artefact,teater:1788,0
fialé,phiale,teater,2039,1788,nádoba,Artefact,teater:1788,0
figurální plastika,statue,teater,1817,1788,doklady umění,Artefact,teater:1788,0
florén,florin,teater,2285,1788,platidlo,Artefact,teater:1788,0
forminx,phorminx,teater,1831,1788,doklady umění,Artefact,teater:1788,0
formulářová sbírka,formulary,teater,2256,1788,písemnost,Artefact,teater:1788,0
freska,frescoe,teater,1824,1788,doklady umění,Artefact,teater:1788,1
funkčně nespecifikovaný předmět,unassigned,teater,1954,1788,funkčně nespecifikovaný předmět,Artefact,teater:1788,0
garum,garum,teater,2409,1788,zboží,Artefact,teater:1788,0
gem,gemstone,teater,2381,1788,šperk,Artefact,teater:1788,0
geranos,mechane,teater,2095,1788,nástroj,Artefact,teater:1788,0
glosář,glossary,teater,2195,1788,písemnost,Artefact,teater:1788,0
gotická desková malba,gothic panel painting,teater,1852,1788,doklady umění,Artefact,teater:1788,0
gotická nástěnná malba,gothic mural painting,teater,1867,1788,doklady umění,Artefact,teater:1788,0
graduál,gradual,teater,2225,1788,písemnost,Artefact,teater:1788,0
graffito,graffiti,teater,1825,1788,doklady umění,Artefact,teater:1788,0
grešle,groschen,teater,2286,1788,platidlo,Artefact,teater:1788,0
groma,groma,teater,2096,1788,nástroj,Artefact,teater:1788,0
groteska (malba),grotesque (painting),teater,1868,1788,doklady umění,Artefact,teater:1788,0
guttae,guttae,teater,1798,1788,architektonický článek,Artefact,teater:1788,0
hagiografie,hagiography,teater,2226,1788,písemnost,Artefact,teater:1788,0
harfa,harp,teater,1832,1788,doklady umění,Artefact,teater:1788,0
harpuna,harpoon,teater,1988,1788,militaria,Artefact,teater:1788,0
hermovka,herma,teater,1890,1788,doklady umění,Artefact,teater:1788,0
himation,himation,teater,2169,1788,oděv,Artefact,teater:1788,0
hlasatelská berla,caduceus,teater,2369,1788,symbolický předmět,Artefact,teater:1788,0
hlušina,gangue,teater,1938,1788,ekofakt,Artefact,teater:1788,0
hodina,hour,teater,2099,1788,nástroj,Artefact,teater:1788,0
hodiny,clock,teater,2098,1788,nástroj,Artefact,teater:1788,0
hodometr,hodometron,teater,2100,1788,nástroj,Artefact,teater:1788,0
hrací kamen,gaming piece,teater,1965,1788,herní předmět,Artefact,teater:1788,0
hračka,toy,teater,1966,1788,herní předmět,Artefact,teater:1788,0
hrnčířský kruh,potters wheel,teater,2101,1788,nástroj,Artefact,teater:1788,0
hrot,point,teater,1958,1788,funkčně nespecifikovaný předmět,Artefact,teater:1788,1
hrot kopí,spearhead,teater,1989,1788,militaria,Artefact,teater:1788,1
hrot oštěpu,spearhead,teater,1990,1788,militaria,Artefact,teater:1788,1
hrot šipky,crossbow bolt,teater,1991,1788,militaria,Artefact,teater:1788,0
hrot šípu,arrowhead,teater,1992,1788,militaria,Artefact,teater:1788,1
hydria,hydria,teater,2041,1788,nádoba,Artefact,teater:1788,0
hák,hook,teater,1957,1788,funkčně nespecifikovaný předmět,Artefact,teater:1788,1
hřeb,spike,teater,2342,1788,stavební prvek,Artefact,teater:1788,1
hřebík,nail,teater,2341,1788,stavební prvek,Artefact,teater:1788,1
idól,idol,teater,1819,1788,doklady umění,Artefact,teater:1788,0
ikona,icon,teater,1855,1788,doklady umění,Artefact,teater:1788,0
ingot,ingot,teater,2304,1788,polotovar,Artefact,teater:1788,0
insignie,insignia,teater,2364,1788,symbolický předmět,Artefact,teater:1788,0
itinerář,itinerarium,teater,2196,1788,písemnost,Artefact,teater:1788,0
jehelník,pincushion,teater,2103,1788,nástroj,Artefact,teater:1788,0
jehla,needle,teater,2104,1788,nástroj,Artefact,teater:1788,1
jeskynní malba,cave painting,teater,1856,1788,doklady umění,Artefact,teater:1788,0
ječmen,barley,teater,1927,1788,ekofakt,Artefact,teater:1788,0
josefínský katastr,Josephine Cadastre,teater,2257,1788,písemnost,Artefact,teater:1788,0
jídlo,food,teater,2411,1788,zboží,Artefact,teater:1788,0
kalich,goblet,teater,2043,1788,nádoba,Artefact,teater:1788,0
kamej,cameo,teater,2384,1788,šperk,Artefact,teater:1788,0
kancionál,hymnal,teater,2228,1788,písemnost,Artefact,teater:1788,0
kanopa,canopic jars,teater,2044,1788,nádoba,Artefact,teater:1788,0
kantharos,kantharos,teater,2045,1788,nádoba,Artefact,teater:1788,0
karroballista,carroballista,teater,1978,1788,militaria,Artefact,teater:1788,0
kasie,casia,teater,2412,1788,zboží,Artefact,teater:1788,0
katalog (starověké Řecko),katalogos (Greek antiquity),teater,2197,1788,písemnost,Artefact,teater:1788,0
katapult (zbraně),catapult,teater,1979,1788,militaria,Artefact,teater:1788,0
kenotaf,cenotaph,teater,2314,1788,součást hrobu,Artefact,teater:1788,0
keras,keras,teater,1833,1788,doklady umění,Artefact,teater:1788,0
kithara,kithara,teater,1834,1788,doklady umění,Artefact,teater:1788,0
kladivo,hammer,teater,2109,1788,nástroj,Artefact,teater:1788,1
klapačka (nožní),scabellum,teater,1835,1788,doklady umění,Artefact,teater:1788,0
klapačka (ruční),crotalum,teater,1836,1788,doklady umění,Artefact,teater:1788,0
klobouk,hat,teater,2173,1788,oděv,Artefact,teater:1788,0
klášterní kronika,monastic chronicle,teater,2204,1788,písemnost,Artefact,teater:1788,0
klínopisná tabulka,cuneiform tablet,teater,2244,1788,písemnost,Artefact,teater:1788,0
klíné,kline,teater,2024,1788,nábytek,Artefact,teater:1788,0
koberec,carpet,teater,2025,1788,nábytek,Artefact,teater:1788,0
kompendium,compendium,teater,2199,1788,písemnost,Artefact,teater:1788,0
kopiář,copybook,teater,2258,1788,písemnost,Artefact,teater:1788,0
kopí,spear,teater,1996,1788,militaria,Artefact,teater:1788,1
korespondence,correspondence,teater,2200,1788,písemnost,Artefact,teater:1788,0
koroplastika,greek terracotta figurine,teater,1820,1788,doklady umění,Artefact,teater:1788,0
korunovační insignie,coronations insignia,teater,2387,1788,šperk,Artefact,teater:1788,0
koré,kore,teater,1891,1788,doklady umění,Artefact,teater:1788,0
kosterní pozůstatky člověka,human remains,teater,1920,1788,ekofakt,Artefact,teater:1788,0
kosterní pozůstatky živočichů,animal remains,teater,1921,1788,ekofakt,Artefact,teater:1788,0
kotel,cauldron (kotel/Kessel),teater,2048,1788,nádoba,Artefact,teater:1788,1
kotlík,cauldron (kotlík/Becken),teater,2049,1788,nádoba,Artefact,teater:1788,1
kotylé,kotyle,teater,2050,1788,nádoba,Artefact,teater:1788,0
kovová plastika,metal sculpture,teater,1821,1788,doklady umění,Artefact,teater:1788,0
koňský postroj,horse trappings,teater,1899,1788,doprava,Artefact,teater:1788,0
koření,spice,teater,2413,1788,zboží,Artefact,teater:1788,0
krejcar,kreuzer,teater,2287,1788,platidlo,Artefact,teater:1788,0
krev,blood,teater,1923,1788,ekofakt,Artefact,teater:1788,0
kronika,chronicle,teater,2202,1788,písemnost,Artefact,teater:1788,0
kroužek,ring (kroužek/Ring),teater,1960,1788,funkčně nespecifikovaný předmět,Artefact,teater:1788,1
kroužková zbroj,mail armour,teater,2019,1788,militaria,Artefact,teater:1788,0
krumpáč,pickaxe,teater,2114,1788,nástroj,Artefact,teater:1788,1
krátér,krater,teater,2051,1788,nádoba,Artefact,teater:1788,0
kuchařský recept,recipe,teater,2208,1788,písemnost,Artefact,teater:1788,0
kuchyňská sůl,table salt,teater,2414,1788,zboží,Artefact,teater:1788,0
kuchyňské nádobí,cookware,teater,2052,1788,nádoba,Artefact,teater:1788,0
kulička,marble,teater,1961,1788,funkčně nespecifikovaný předmět,Artefact,teater:1788,1
kurvatura,curvature,teater,1800,1788,architektonický článek,Artefact,teater:1788,0
kyathos,kyathos,teater,2053,1788,nádoba,Artefact,teater:1788,0
kylix,kylix,teater,2054,1788,nádoba,Artefact,teater:1788,0
kázání,sermon,teater,2229,1788,písemnost,Artefact,teater:1788,0
kúros,kouros,teater,1892,1788,doklady umění,Artefact,teater:1788,0
křesadlo,strike a light,teater,2115,1788,nástroj,Artefact,teater:1788,1
křesťanská legenda,christian legend,teater,2230,1788,písemnost,Artefact,teater:1788,0
křesťanská literatura,christian literature,teater,2215,1788,písemnost,Artefact,teater:1788,0
lamelová zbroj,segmented armour,teater,2020,1788,militaria,Artefact,teater:1788,0
lampa,lamp,teater,2056,1788,nádoba,Artefact,teater:1788,1
lapis manalis,manalis lapis,teater,2370,1788,symbolický předmět,Artefact,teater:1788,0
lebés,lebes,teater,2057,1788,nádoba,Artefact,teater:1788,0
letopisy,annals,teater,2210,1788,písemnost,Artefact,teater:1788,0
leták,leaflet,teater,2209,1788,písemnost,Artefact,teater:1788,0
liber,libellus,teater,2211,1788,písemnost,Artefact,teater:1788,0
libum,libum,teater,2417,1788,zboží,Artefact,teater:1788,0
lidová malba,folk painting,teater,1857,1788,doklady umění,Artefact,teater:1788,0
lidová malba na skle,folk painting on glass,teater,1858,1788,doklady umění,Artefact,teater:1788,0
list (diplomatika),letter (Diplomatics),teater,2212,1788,písemnost,Artefact,teater:1788,0
lituus,lituus,teater,1837,1788,doklady umění,Artefact,teater:1788,0
lopata,shovel,teater,2117,1788,nástroj,Artefact,teater:1788,1
loď,ship,teater,1905,1788,doprava,Artefact,teater:1788,0
lyra,lyre,teater,1838,1788,doklady umění,Artefact,teater:1788,0
láhev,bottle,teater,2055,1788,nádoba,Artefact,teater:1788,0
lékařský nástroj,medical device,teater,2116,1788,nástroj,Artefact,teater:1788,0
léky,medicine,teater,2416,1788,zboží,Artefact,teater:1788,0
lékythos,lekythos,teater,2058,1788,nádoba,Artefact,teater:1788,0
léčiva,medication,teater,2415,1788,zboží,Artefact,teater:1788,0
lútroforos,loutrophoros,teater,2059,1788,nádoba,Artefact,teater:1788,0
malba,painting,teater,1850,1788,doklady umění,Artefact,teater:1788,1
malba na hedvábí,silk painting,teater,1864,1788,doklady umění,Artefact,teater:1788,0
malba na keramice,pottery painting,teater,1859,1788,doklady umění,Artefact,teater:1788,0
malba na mědi,painting on copper,teater,1860,1788,doklady umění,Artefact,teater:1788,0
malba na porcelánu,porcelain painting,teater,1861,1788,doklady umění,Artefact,teater:1788,0
malba na skle,glass painting,teater,1862,1788,doklady umění,Artefact,teater:1788,0
malba na textilu,textile painting,teater,1863,1788,doklady umění,Artefact,teater:1788,0
mariánský amulet,Miraculous Medal,teater,3863,1788,šperk,Artefact,teater:1788,0
maska,mask,teater,1874,1788,doklady umění,Artefact,teater:1788,0
maskaron,mascaron,teater,1801,1788,architektonický článek,Artefact,teater:1788,0
matrika,birth register,teater,2264,1788,písemnost,Artefact,teater:1788,0
med,honey,teater,2418,1788,zboží,Artefact,teater:1788,0
medaile,medal,teater,2362,1788,symbolický předmět,Artefact,teater:1788,0
medailon,medallion,teater,2389,1788,šperk,Artefact,teater:1788,1
medovina,mead,teater,2419,1788,zboží,Artefact,teater:1788,0
mensa,mensa,teater,2119,1788,nástroj,Artefact,teater:1788,0
metopa,metope,teater,1802,1788,architektonický článek,Artefact,teater:1788,0
mincovní váha,coin scale,teater,2150,1788,nástroj,Artefact,teater:1788,0
misál,missal,teater,2231,1788,písemnost,Artefact,teater:1788,0
mitra,mitra,teater,2320,1788,součást oděvu,Artefact,teater:1788,0
mlýnský kámen,millstone,teater,2120,1788,nástroj,Artefact,teater:1788,1
modlitební kniha,prayer book,teater,2232,1788,písemnost,Artefact,teater:1788,0
mola salsa,mola salsa,teater,2420,1788,zboží,Artefact,teater:1788,0
monochord,monochord,teater,1839,1788,doklady umění,Artefact,teater:1788,0
monoxyl,logboat,teater,1898,1788,doprava,Artefact,teater:1788,0
moretum,moretum,teater,2421,1788,zboží,Artefact,teater:1788,0
motyka,hoe,teater,2157,1788,nástroj,Artefact,teater:1788,1
mozaika,mosaic,teater,1875,1788,doklady umění,Artefact,teater:1788,0
mulsum,mulsum,teater,2422,1788,zboží,Artefact,teater:1788,0
mumie,mummy,teater,1925,1788,ekofakt,Artefact,teater:1788,0
městská kniha,town book,teater,2265,1788,písemnost,Artefact,teater:1788,0
městská kronika,town chronicle,teater,2205,1788,písemnost,Artefact,teater:1788,0
nekrologium,necrology,teater,2235,1788,písemnost,Artefact,teater:1788,0
nepálená cihla,mud-brick,teater,2346,1788,stavební prvek,Artefact,teater:1788,0
nobilitační listina,nobility document,teater,2261,1788,písemnost,Artefact,teater:1788,0
noviny,newspaper,teater,2236,1788,písemnost,Artefact,teater:1788,0
novozákonní apokryf,Apocryphal books (New Testament),teater,2185,1788,písemnost,Artefact,teater:1788,0
náboženská literatura,religious literature,teater,2213,1788,písemnost,Artefact,teater:1788,0
nábytek,furniture,teater,2023,1788,nábytek,Artefact,teater:1788,0
náholenice,greave,teater,2014,1788,militaria,Artefact,teater:1788,0
nákladní loď,cargo ship,teater,1907,1788,doprava,Artefact,teater:1788,0
nápoj,drink,teater,2423,1788,zboží,Artefact,teater:1788,0
náprsník,breastplate,teater,2015,1788,militaria,Artefact,teater:1788,0
nástroj,tool,teater,2085,1788,nástroj,Artefact,teater:1788,0
nástěnná malba,mural painting,teater,1865,1788,doklady umění,Artefact,teater:1788,0
nářadí,hand tool,teater,2122,1788,nástroj,Artefact,teater:1788,0
nýt,rivet,teater,2343,1788,stavební prvek,Artefact,teater:1788,1
obchodní loď,merchant vessel,teater,1906,1788,doprava,Artefact,teater:1788,0
obecní kronika,municipal chronicle,teater,2206,1788,písemnost,Artefact,teater:1788,0
obilniny,cereals,teater,1926,1788,ekofakt,Artefact,teater:1788,0
obilí (zrno),corn,teater,1928,1788,ekofakt,Artefact,teater:1788,0
obléhací beran,battering ram,teater,1980,1788,militaria,Artefact,teater:1788,0
obléhací podloubí,siegecraft,teater,1981,1788,militaria,Artefact,teater:1788,0
obléhací stroj,siege engine,teater,1976,1788,militaria,Artefact,teater:1788,0
obléhací věž,siege tower,teater,1983,1788,militaria,Artefact,teater:1788,0
obléhací šípomet,scorpion,teater,1982,1788,militaria,Artefact,teater:1788,0
obolos,Obolos,teater,2289,1788,platidlo,Artefact,teater:1788,0
ocílka,firesteel,teater,2125,1788,nástroj,Artefact,teater:1788,1
odlévací forma,casting mould,teater,2126,1788,nástroj,Artefact,teater:1788,0
oděv,clothing,teater,2167,1788,oděv,Artefact,teater:1788,0
oinochoé,oenochoe,teater,2061,1788,nádoba,Artefact,teater:1788,0
olej,oils,teater,2424,1788,zboží,Artefact,teater:1788,0
olivy,olive,teater,2425,1788,zboží,Artefact,teater:1788,0
onager,onager,teater,1984,1788,militaria,Artefact,teater:1788,0
oradlo,ard,teater,2159,1788,nástroj,Artefact,teater:1788,0
ornament,ornament,teater,1877,1788,doklady umění,Artefact,teater:1788,0
ornamentika,ornamentation,teater,1876,1788,doklady umění,Artefact,teater:1788,0
osvětlování,light source,teater,2128,1788,nástroj,Artefact,teater:1788,0
oves,oats,teater,1929,1788,ekofakt,Artefact,teater:1788,0
oštěp,javelin,teater,2001,1788,militaria,Artefact,teater:1788,1
palcát,mace (palcát),teater,2002,1788,militaria,Artefact,teater:1788,0
palice,club,teater,2129,1788,nástroj,Artefact,teater:1788,1
palla,palla,teater,2174,1788,oděv,Artefact,teater:1788,0
palladium,palladium,teater,1893,1788,doklady umění,Artefact,teater:1788,0
palmeta,palmette,teater,1878,1788,doklady umění,Artefact,teater:1788,0
palná zbraň,firearm,teater,2003,1788,militaria,Artefact,teater:1788,0
paludamentum,paludamentum,teater,2175,1788,oděv,Artefact,teater:1788,0
památník,Album Amicorum,teater,3735,1788,písemnost,Artefact,teater:1788,1
panathénajské amfory,panathenaic amphorae,teater,2363,1788,symbolický předmět,Artefact,teater:1788,0
pancíř,cuirass,teater,2016,1788,militaria,Artefact,teater:1788,0
panova flétna,pan flute,teater,1840,1788,doklady umění,Artefact,teater:1788,0
papežský dokument,papal documents,teater,2237,1788,písemnost,Artefact,teater:1788,0
parský mramor,parian chronicle,teater,2238,1788,písemnost,Artefact,teater:1788,0
parva,parvus,teater,2290,1788,platidlo,Artefact,teater:1788,0
pasionál,passional,teater,2233,1788,písemnost,Artefact,teater:1788,0
pasquino,pasquino,teater,1894,1788,doklady umění,Artefact,teater:1788,0
peliké,pelike,teater,2063,1788,nádoba,Artefact,teater:1788,0
peplos,peplos,teater,2176,1788,oděv,Artefact,teater:1788,0
petasos,petasos,teater,2177,1788,oděv,Artefact,teater:1788,0
picí roh,drinking horn,teater,2064,1788,nádoba,Artefact,teater:1788,0
pileus,pileus,teater,2178,1788,oděv,Artefact,teater:1788,0
pinax,pinax,teater,1871,1788,doklady umění,Artefact,teater:1788,0
pithos,pithos,teater,2065,1788,nádoba,Artefact,teater:1788,0
pivo,beer,teater,2426,1788,zboží,Artefact,teater:1788,0
pleva,husk,teater,1942,1788,ekofakt,Artefact,teater:1788,0
plevel,weed,teater,1941,1788,ekofakt,Artefact,teater:1788,0
plinthos,plinth,teater,1804,1788,architektonický článek,Artefact,teater:1788,0
pluh,plow,teater,2158,1788,nástroj,Artefact,teater:1788,0
plátová zbroj,plate armour,teater,2021,1788,militaria,Artefact,teater:1788,0
pochva,scabbard,teater,1972,1788,militaria,Artefact,teater:1788,1
pohár,beaker,teater,2066,1788,nádoba,Artefact,teater:1788,1
poklice,lid,teater,2067,1788,nádoba,Artefact,teater:1788,0
pokrývky hlavy,cap,teater,2179,1788,oděv,Artefact,teater:1788,0
polenta,polenta,teater,2427,1788,zboží,Artefact,teater:1788,0
polotovar,semifinished artefact,teater,2302,1788,polotovar,Artefact,teater:1788,1
polyptychon,polyptych,teater,2247,1788,písemnost,Artefact,teater:1788,0
popel,ash,teater,1943,1788,ekofakt,Artefact,teater:1788,1
poutko,loop,teater,2349,1788,stavební prvek,Artefact,teater:1788,0
pouzdro,case,teater,2327,1788,součást oděvu,Artefact,teater:1788,1
pozemková kniha,land register,teater,2266,1788,písemnost,Artefact,teater:1788,0
prak,sling,teater,2004,1788,militaria,Artefact,teater:1788,0
pražský groš,prague groschen,teater,2291,1788,platidlo,Artefact,teater:1788,0
privilegium,privilege,teater,2263,1788,písemnost,Artefact,teater:1788,0
prkno,board,teater,2351,1788,stavební prvek,Artefact,teater:1788,1
projektil,projectile,teater,2005,1788,militaria,Artefact,teater:1788,1
proso,millet,teater,1930,1788,ekofakt,Artefact,teater:1788,0
psací tabulka,writing tablet,teater,2245,1788,písemnost,Artefact,teater:1788,0
psyktér,psykter,teater,2070,1788,nádoba,Artefact,teater:1788,0
puklice,spangle,teater,2329,1788,součást oděvu,Artefact,teater:1788,0
putna,large pitcher,teater,2071,1788,nádoba,Artefact,teater:1788,0
pyxid,pyxis,teater,2072,1788,nádoba,Artefact,teater:1788,0
pásová zápona,belt fitting,teater,2336,1788,součást oděvu,Artefact,teater:1788,0
píšťala,pipe,teater,1841,1788,doklady umění,Artefact,teater:1788,0
pěstní klín,handaxe,teater,2130,1788,nástroj,Artefact,teater:1788,0
přilba,helmet,teater,2017,1788,militaria,Artefact,teater:1788,0
přívěsek,pendant,teater,2398,1788,šperk,Artefact,teater:1788,1
pšenice dvouzrnka,emmer wheat,teater,1931,1788,ekofakt,Artefact,teater:1788,0
pšenice jednozrnka,einkorn wheat,teater,1932,1788,ekofakt,Artefact,teater:1788,0
pšenice špalda,spelt,teater,1933,1788,ekofakt,Artefact,teater:1788,0
quadrigae,quadriga,teater,1917,1788,doprava,Artefact,teater:1788,0
radlice,ploughshare,teater,2160,1788,nástroj,Artefact,teater:1788,0
reflexní luk,reflex bow,teater,1999,1788,militaria,Artefact,teater:1788,0
regest,regest,teater,2239,1788,písemnost,Artefact,teater:1788,0
relikviář,reliquary,teater,2073,1788,nádoba,Artefact,teater:1788,0
reliéf (sochařství),relief sculpture,teater,1881,1788,doklady umění,Artefact,teater:1788,0
renesanční nástěnná malba,renaissance mural painting,teater,1869,1788,doklady umění,Artefact,teater:1788,0
rescriptum,rescriptum,teater,2240,1788,písemnost,Artefact,teater:1788,0
rhyton,rhyton,teater,2074,1788,nádoba,Artefact,teater:1788,0
rodová kronika,family chronicle,teater,2207,1788,písemnost,Artefact,teater:1788,0
románská nástěnná malba,romanesque mural painting,teater,1870,1788,doklady umění,Artefact,teater:1788,0
ruční bubínek,tympanum,teater,1842,1788,doklady umění,Artefact,teater:1788,0
rybářské závaží,sinker,teater,2153,1788,nástroj,Artefact,teater:1788,0
rytina,engraving,teater,1883,1788,doklady umění,Artefact,teater:1788,0
rýč,spade,teater,2135,1788,nástroj,Artefact,teater:1788,1
růženec,rosary,teater,2400,1788,šperk,Artefact,teater:1788,1
sagum,sagum,teater,2180,1788,oděv,Artefact,teater:1788,0
salpinx,salpinx,teater,1843,1788,doklady umění,Artefact,teater:1788,0
sandály,sandals,teater,2325,1788,součást oděvu,Artefact,teater:1788,0
saně,sleds,teater,1911,1788,doprava,Artefact,teater:1788,0
sarkofág,sarcophagus,teater,2316,1788,součást hrobu,Artefact,teater:1788,0
scholion,scholia,teater,2241,1788,písemnost,Artefact,teater:1788,0
sedlo,saddle,teater,1901,1788,doprava,Artefact,teater:1788,0
sekeromlat,hammer-axe,teater,2006,1788,militaria,Artefact,teater:1788,1
sekerovitá hřivna,axe-ingot,teater,2299,1788,platidlo,Artefact,teater:1788,0
sella curulis,sella curulis,teater,2366,1788,symbolický předmět,Artefact,teater:1788,0
sestertius,sestertius,teater,2292,1788,platidlo,Artefact,teater:1788,0
sečná zbraň,cutting arm,teater,1995,1788,militaria,Artefact,teater:1788,0
signální nástroj,signaling tool,teater,1844,1788,doklady umění,Artefact,teater:1788,0
sima,sima,teater,1807,1788,architektonický článek,Artefact,teater:1788,0
sistrum,sistrum,teater,1845,1788,doklady umění,Artefact,teater:1788,0
situla,situla,teater,2075,1788,nádoba,Artefact,teater:1788,1
skořápka,egg shell,teater,1946,1788,ekofakt,Artefact,teater:1788,0
skyfos,skyphos,teater,2076,1788,nádoba,Artefact,teater:1788,0
skříň,wardrobe,teater,2026,1788,nábytek,Artefact,teater:1788,0
sláma,straw,teater,1947,1788,ekofakt,Artefact,teater:1788,0
socha,statue,teater,1888,1788,doklady umění,Artefact,teater:1788,0
solidus,solidus,teater,2293,1788,platidlo,Artefact,teater:1788,0
soupis duší,Parish Family Book,teater,3731,1788,písemnost,Artefact,teater:1788,0
soupis lidu,census,teater,2267,1788,písemnost,Artefact,teater:1788,0
soupis obyvatelstva podle víry,register of subjects according to their faith,teater,2268,1788,písemnost,Artefact,teater:1788,0
sportovní nářadí,sports equipment,teater,2403,1788,sportovní nářadí,Artefact,teater:1788,0
stabilní katastr,stable cadastre,teater,2269,1788,písemnost,Artefact,teater:1788,0
starozákonní apokryf,Apocryphal books (Old Testament),teater,2186,1788,písemnost,Artefact,teater:1788,0
statér,stater,teater,2294,1788,platidlo,Artefact,teater:1788,0
stavební odpad,building waste,teater,1936,1788,ekofakt,Artefact,teater:1788,0
stavební prvek,architectural element,teater,2338,1788,stavební prvek,Artefact,teater:1788,0
stilo,stylus,teater,2139,1788,nástroj,Artefact,teater:1788,0
stola,stola,teater,2331,1788,součást oděvu,Artefact,teater:1788,0
stolní nádobí,tableware,teater,2077,1788,nádoba,Artefact,teater:1788,0
stroj,machine,teater,2406,1788,stroj,Artefact,teater:1788,0
stropní malba,ceiling painting,teater,1872,1788,doklady umění,Artefact,teater:1788,0
stylobat,stylobate,teater,1808,1788,architektonický článek,Artefact,teater:1788,0
stéla (předmět),stela (object),teater,2317,1788,součást hrobu,Artefact,teater:1788,0
střelná zbraň,ranged weapon,teater,2007,1788,militaria,Artefact,teater:1788,0
střešní taška,roof tile,teater,2356,1788,stavební prvek,Artefact,teater:1788,0
střížek,planchet,teater,2300,1788,platidlo,Artefact,teater:1788,0
symbolický předmět,symbolic object,teater,2359,1788,symbolický předmět,Artefact,teater:1788,0
tabulka,tablet,teater,2243,1788,písemnost,Artefact,teater:1788,0
talent,talent,teater,2295,1788,platidlo,Artefact,teater:1788,0
technika zhotovení,manufacturing method,teater,2018,1788,militaria,Artefact,teater:1788,0
terina,terrine,teater,2078,1788,nádoba,Artefact,teater:1788,0
teslice,adze,teater,2144,1788,nástroj,Artefact,teater:1788,0
tessera,tessera,teater,2301,1788,platidlo,Artefact,teater:1788,0
tetradrachmon,tetradrachmon,teater,2296,1788,platidlo,Artefact,teater:1788,0
thyrsos,thyrsos,teater,2372,1788,symbolický předmět,Artefact,teater:1788,0
tkalcovské závaží,loomweight,teater,2154,1788,nástroj,Artefact,teater:1788,0
tkalcovský stav,loom,teater,2145,1788,nástroj,Artefact,teater:1788,0
toaletní potřeba,toiletry,teater,2146,1788,nástroj,Artefact,teater:1788,0
tolar,taler,teater,2297,1788,platidlo,Artefact,teater:1788,0
torus,torus,teater,1809,1788,architektonický článek,Artefact,teater:1788,0
totem,totem,teater,1822,1788,doklady umění,Artefact,teater:1788,0
toulec,quiver,teater,2011,1788,militaria,Artefact,teater:1788,0
tribón,tribon,teater,2332,1788,součást oděvu,Artefact,teater:1788,0
trigae,triga,teater,1916,1788,doprava,Artefact,teater:1788,0
triglyf,triglyph,teater,1810,1788,architektonický článek,Artefact,teater:1788,0
triptychon,triptych,teater,2248,1788,písemnost,Artefact,teater:1788,0
triéra,trireme,teater,1909,1788,doprava,Artefact,teater:1788,0
trojnožka,tripod,teater,2147,1788,nástroj,Artefact,teater:1788,0
trsátko,plectrum,teater,1846,1788,doklady umění,Artefact,teater:1788,0
tuba,tuba,teater,1847,1788,doklady umění,Artefact,teater:1788,0
tunika,tunic,teater,2333,1788,součást oděvu,Artefact,teater:1788,0
tvar nádoby,shape of the vessel,teater,2079,1788,nádoba,Artefact,teater:1788,0
tympanon (architektura),tympanum (architecture),teater,1811,1788,architektonický článek,Artefact,teater:1788,0
tympanon (hudební nástroj),tympanum (musical instrument),teater,1848,1788,doklady umění,Artefact,teater:1788,0
tyčinka,rod,teater,1963,1788,funkčně nespecifikovaný předmět,Artefact,teater:1788,1
těžební odpad,mining waste,teater,1937,1788,ekofakt,Artefact,teater:1788,0
ubrousek,napkin,teater,2148,1788,nástroj,Artefact,teater:1788,0
uhlík,charcoal,teater,1950,1788,ekofakt,Artefact,teater:1788,0
urbář,urbarium,teater,2270,1788,písemnost,Artefact,teater:1788,0
uzda,bridle,teater,1904,1788,doprava,Artefact,teater:1788,0
valounová industrie,cobble industry,teater,2108,1788,nástroj,Artefact,teater:1788,0
varhany,organ,teater,1849,1788,doklady umění,Artefact,teater:1788,0
vavřín,laurel,teater,2428,1788,zboží,Artefact,teater:1788,0
veraikon,Veronica image,teater,1873,1788,doklady umění,Artefact,teater:1788,0
vlys,frieze,teater,1812,1788,architektonický článek,Artefact,teater:1788,0
vojenská loď,warship,teater,1908,1788,doprava,Artefact,teater:1788,0
vojenská technika,military engineering,teater,1975,1788,militaria,Artefact,teater:1788,0
vojenské řády a vyznamenání,military decoration,teater,2373,1788,symbolický předmět,Artefact,teater:1788,0
voluta (ionský sloup),volute,teater,1813,1788,architektonický článek,Artefact,teater:1788,0
vosková tabulka,wax tablet,teater,2249,1788,písemnost,Artefact,teater:1788,0
vrhací zbraň,throwing weapon,teater,2012,1788,militaria,Artefact,teater:1788,0
vrták,borer,teater,2151,1788,nástroj,Artefact,teater:1788,0
vzor (motiv),pattern,teater,1879,1788,doklady umění,Artefact,teater:1788,0
váha,scale,teater,2149,1788,nástroj,Artefact,teater:1788,0
víno,wine,teater,2429,1788,zboží,Artefact,teater:1788,0
výletní loď,cruise ship,teater,1910,1788,doprava,Artefact,teater:1788,0
výrobní odpad,manufacturing debris,teater,1939,1788,ekofakt,Artefact,teater:1788,0
vědro,bucket,teater,2083,1788,nádoba,Artefact,teater:1788,1
věnec,wreath,teater,2334,1788,součást oděvu,Artefact,teater:1788,0
vůz,cart,teater,1912,1788,doprava,Artefact,teater:1788,0
xoanon,xoanon,teater,1816,1788,doklady umění,Artefact,teater:1788,0
zboží,trade good,teater,2407,1788,zboží,Artefact,teater:1788,0
zbraň,weapon,teater,1985,1788,militaria,Artefact,teater:1788,0
zbroj,armor,teater,2013,1788,militaria,Artefact,teater:1788,0
zemské desky,reliquiae tabularum terrae,teater,2273,1788,písemnost,Artefact,teater:1788,0
zemědělské nářadí,agricultural implement,teater,2155,1788,nástroj,Artefact,teater:1788,0
zlatka,gulden,teater,2298,1788,platidlo,Artefact,teater:1788,0
zoomorfní nádoba,zoomorphic vessel,teater,2081,1788,nádoba,Artefact,teater:1788,0
zoomorfní plastika,zoomorphic sculpture,teater,1823,1788,doklady umění,Artefact,teater:1788,0
zpovědní seznam,Confessional Registry,teater,3730,1788,písemnost,Artefact,teater:1788,0
zrcadlo,mirror,teater,2165,1788,nástroj,Artefact,teater:1788,0
zrnotěrka,grinding slab,teater,2163,1788,nástroj,Artefact,teater:1788,1
zvonek,bell,teater,2166,1788,nástroj,Artefact,teater:1788,0
zvířecí symbolika,animal symbolism,teater,1880,1788,doklady umění,Artefact,teater:1788,0
závěť,will,teater,2272,1788,písemnost,Artefact,teater:1788,0
účetní materiál,Bookkeeping,teater,3732,1788,písemnost,Artefact,teater:1788,0
úřední kniha,official book,teater,2271,1788,písemnost,Artefact,teater:1788,0
úřední písemnost,official document,teater,2250,1788,písemnost,Artefact,teater:1788,0
úštěp,flake,teater,2308,1788,polotovar,Artefact,teater:1788,0
čelenka,head ornament,teater,2379,1788,šperk,Artefact,teater:1788,0
čepel,blade,teater,2090,1788,nástroj,Artefact,teater:1788,1
čepelka,bladelet,teater,2091,1788,nástroj,Artefact,teater:1788,1
čerpák,kyathos,teater,2036,1788,nádoba,Artefact,teater:1788,0
československá koruna,czechoslovak koruna,teater,2280,1788,platidlo,Artefact,teater:1788,0
činka,dumbbell,teater,2404,1788,sportovní nářadí,Artefact,teater:1788,0
řezba v kameni,stone carving,teater,1884,1788,doklady umění,Artefact,teater:1788,0
řezba v nefritu,jade carving,teater,1885,1788,doklady umění,Artefact,teater:1788,0
řezba v rohovině,horn carving,teater,1886,1788,doklady umění,Artefact,teater:1788,0
řezba ve slonovině,ivory carving,teater,1887,1788,doklady umění,Artefact,teater:1788,0
řád a vyznamenání,decorations of honor,teater,2371,1788,symbolický předmět,Artefact,teater:1788,0
římsa,geison,teater,1806,1788,architektonický článek,Artefact,teater:1788,0
šachovnice,chessboard,teater,1969,1788,herní předmět,Artefact,teater:1788,0
šachová figurka,chessmen,teater,1968,1788,herní předmět,Artefact,teater:1788,0
šachy,chess,teater,1967,1788,herní předmět,Artefact,teater:1788,0
šipka,dart,teater,2009,1788,militaria,Artefact,teater:1788,1
školní sešit,exercise book,teater,2242,1788,písemnost,Artefact,teater:1788,0
špendlík,pin,teater,2142,1788,nástroj,Artefact,teater:1788,1
šperk,jewel,teater,2374,1788,šperk,Artefact,teater:1788,0
špičák,pick,teater,2143,1788,nástroj,Artefact,teater:1788,0
štípaná industrie,chipped industry,teater,2107,1788,nástroj,Artefact,teater:1788,0
štít,shield,teater,1973,1788,militaria,Artefact,teater:1788,0
štítová puklice,shield boss,teater,1974,1788,militaria,Artefact,teater:1788,0
šupinová zbroj,scale armour,teater,2022,1788,militaria,Artefact,teater:1788,0
žací nůž,reaping knife,teater,2162,1788,nástroj,Artefact,teater:1788,0
žaltář,psalter,teater,2234,1788,písemnost,Artefact,teater:1788,0
železná ruda,iron ore,teater,2306,1788,polotovar,Artefact,teater:1788,0
železný odpad,scrap iron,teater,1940,1788,ekofakt,Artefact,teater:1788,0
žernov,quern,teater,2164,1788,nástroj,Artefact,teater:1788,2
žito,rye,teater,1934,1788,ekofakt,Artefact,teater:1788,0
živočišné makrozbytky,animal remains,teater,1953,1788,ekofakt,Artefact,teater:1788,0
**suborál (paleoklimatologie),Subboreal (paleoclimatology),teater,1068,1050,geologická doba,Chronology,teater:1050,0
acheuléen,Acheulian,teater,1078,1050,periodizace dějin,Chronology,teater:1050,0
andronovská kultura,Andronovo culture,teater,1150,1050,periodizace dějin,Chronology,teater:1050,0
antika,classical antiquity,teater,1259,1050,periodizace dějin,Chronology,teater:1050,0
archeologická periodizace,archaeological periodization,teater,1071,1050,periodizace dějin,Chronology,teater:1050,0
atlantik (paleoklimatologie),Atlantic (paleoclimatology),teater,1066,1050,geologická doba,Chronology,teater:1050,0
billendorfská kultúra,Billendorf culture,teater,1189,1050,periodizace dějin,Chronology,teater:1050,0
boreál (paleoklimatologie),Boreal (paleoclimatology),teater,1065,1050,geologická doba,Chronology,teater:1050,0
bukovohorská kultura,Bükk culture,teater,1112,1050,periodizace dějin,Chronology,teater:1050,0
butmirská kultura,Butmir culture,teater,1113,1050,periodizace dějin,Chronology,teater:1050,0
d. halštatská - laténska nesp.,Hallstatt-La Tène period,teater,1198,1050,periodizace dějin,Chronology,teater:1050,0
doba bronzová - halštatská,bronze age-hallstatt,teater,1147,1050,periodizace dějin,Chronology,teater:1050,0
doba hradištní,hillfort period,teater,1239,1050,periodizace dějin,Chronology,teater:1050,0
doba kamenná,stone age,teater,1075,1050,periodizace dějin,Chronology,teater:1050,0
doba laténska,La Tène period,teater,1215,1050,periodizace dějin,Chronology,teater:1050,0
doba laténska - římska,La Tène - Roman period,teater,1214,1050,periodizace dějin,Chronology,teater:1050,0
doba ledová,glacial epoch,teater,1061,1050,geologická doba,Chronology,teater:1050,0
doba meziledová,interglacial period,teater,1062,1050,geologická doba,Chronology,teater:1050,0
doba měděná,Chalcolithic,teater,1119,1050,periodizace dějin,Chronology,teater:1050,0
doba římská - stěhování národů,roman - migration period,teater,1226,1050,periodizace dějin,Chronology,teater:1050,0
doba železná,Iron age,teater,1199,1050,periodizace dějin,Chronology,teater:1050,0
druhohory,mesozoic,teater,1054,1050,geologická doba,Chronology,teater:1050,0
egejská kultura,Aegean culture,teater,1151,1050,periodizace dějin,Chronology,teater:1050,0
epiatlantik (paleoklimatologie),Epi-atlantic (paleoclimatology),teater,1067,1050,geologická doba,Chronology,teater:1050,0
epimagdalenien,epimagdalenian,teater,1096,1050,periodizace dějin,Chronology,teater:1050,0
geologická doba,geological era,teater,1051,1050,geologická doba,Chronology,teater:1050,0
gávská kultura,Gáva culture,teater,1181,1050,periodizace dějin,Chronology,teater:1050,0
halštatská kultura,Hallstatt culture,teater,1209,1050,periodizace dějin,Chronology,teater:1050,0
helladská kultura,Helladic period,teater,1152,1050,periodizace dějin,Chronology,teater:1050,0
historiografická periodizace,historiographic periodization,teater,1257,1050,periodizace dějin,Chronology,teater:1050,0
holocén,holocene,teater,1063,1050,geologická doba,Chronology,teater:1050,0
hornodunajská popelnicová pole,Upper Danube Urnfield culture,teater,1177,1050,periodizace dějin,Chronology,teater:1050,0
jastorfská kultura,Jastorf culture,teater,1210,1050,periodizace dějin,Chronology,teater:1050,0
jámová kultura,Yamnaya culture,teater,1128,1050,periodizace dějin,Chronology,teater:1050,0
kalenderberská kultura,Kalenderberg culture,teater,1211,1050,periodizace dějin,Chronology,teater:1050,0
kargopolská kultura,Kargopol culture,teater,1157,1050,periodizace dějin,Chronology,teater:1050,0
karpatská mohylová kultura,Carpathian Tumuli culture,teater,1170,1050,periodizace dějin,Chronology,teater:1050,0
karpatská popelnicová pole,Carpathian Urnfield culture,teater,1179,1050,periodizace dějin,Chronology,teater:1050,0
katakombní kultura,Catacomb culture,teater,1135,1050,periodizace dějin,Chronology,teater:1050,0
kenozoikum,cenozoic,teater,1055,1050,geologická doba,Chronology,teater:1050,0
kobanská kultura,Koban culture,teater,1158,1050,periodizace dějin,Chronology,teater:1050,0
kultura Chłopice-Veselé,Chlopice-Veselé culture,teater,1143,1050,periodizace dějin,Chronology,teater:1050,0
kultura Nuova,Noua culture,teater,1190,1050,periodizace dějin,Chronology,teater:1050,0
kultura Praha-Korčak,Prague-Korchak culture,teater,1245,1050,periodizace dějin,Chronology,teater:1050,0
kultura Sabatynivka,Sabatinovka culture,teater,1167,1050,periodizace dějin,Chronology,teater:1050,0
kultura Starčevo-Kriš,Starčevo–Körös–Criș culture,teater,1106,1050,periodizace dějin,Chronology,teater:1050,0
kultura billendorfská HaC,Billendorf Culture (HaC),teater,1205,1050,periodizace dějin,Chronology,teater:1050,0
kultura dřevených srubů,Srubnaya culture,teater,1187,1050,periodizace dějin,Chronology,teater:1050,0
kultura oberlauterbašská,Oberlauterbach culture,teater,1103,1050,periodizace dějin,Chronology,teater:1050,0
kultura pomořanská,Pomeranian culture,teater,1212,1050,periodizace dějin,Chronology,teater:1050,0
kultura potiská,Tisza culture,teater,1117,1050,periodizace dějin,Chronology,teater:1050,0
kultura pražského typu,Prague-type pottery group,teater,1243,1050,periodizace dějin,Chronology,teater:1050,0
kultura s kanelovanou keramikou,cannelated ware culture,teater,1133,1050,periodizace dějin,Chronology,teater:1050,0
kultura s kardiovou keramikou,Cardial culture,teater,1115,1050,periodizace dějin,Chronology,teater:1050,0
kultura s moravskou malovanou keramikou,Moravian painted ware culture,teater,1116,1050,periodizace dějin,Chronology,teater:1050,0
kultury popelnicových polí,Urnfield culture,teater,1176,1050,periodizace dějin,Chronology,teater:1050,0
kyjatická kultura,Kyjatice culture,teater,1191,1050,periodizace dějin,Chronology,teater:1050,0
kykladská kultura,Cycladic culture,teater,1154,1050,periodizace dějin,Chronology,teater:1050,0
laténska kultura,La Tène culture,teater,1225,1050,periodizace dějin,Chronology,teater:1050,0
majkopská kultura,Maikop culture,teater,1124,1050,periodizace dějin,Chronology,teater:1050,0
maďarovská kultura,Maďarovce culture,teater,1159,1050,periodizace dějin,Chronology,teater:1050,0
minojská kultura,Minoan culture,teater,1155,1050,periodizace dějin,Chronology,teater:1050,0
mladý paleolit,Upper Palaeolithic,teater,1085,1050,periodizace dějin,Chronology,teater:1050,0
mladší / pozdní eneolit,late / final eneolithic,teater,1142,1050,periodizace dějin,Chronology,teater:1050,0
mladší doba halštatská (HaD2-3),late Hallstatt period (HaD2-3),teater,1208,1050,periodizace dějin,Chronology,teater:1050,0
mladší doba hradištní,late hillfort period,teater,1242,1050,periodizace dějin,Chronology,teater:1050,0
mladší/pozdní doba laténská (LtC2-D),late/final La Tène period (LtC2-D),teater,1220,1050,periodizace dějin,Chronology,teater:1050,0
moderní dějiny,late modern period,teater,1265,1050,periodizace dějin,Chronology,teater:1050,0
mohylové kultury,Tumulus culture,teater,1168,1050,periodizace dějin,Chronology,teater:1050,0
mykénská kultura,Mycenaean civilization,teater,1153,1050,periodizace dějin,Chronology,teater:1050,0
neogén,neogene,teater,1058,1050,geologická doba,Chronology,teater:1050,0
neolit-eneolit,neolithic-eneolithic,teater,1100,1050,periodizace dějin,Chronology,teater:1050,0
nitrianska kultura,Nitra culture,teater,1160,1050,periodizace dějin,Chronology,teater:1050,0
novověk - industriální období,Modern - industrial period,teater,1250,1050,periodizace dějin,Chronology,teater:1050,0
nuragská kultura,Nuragic civilization,teater,1161,1050,periodizace dějin,Chronology,teater:1050,0
oldovan,Oldowan,teater,1079,1050,periodizace dějin,Chronology,teater:1050,0
otomanská kultura,Ottomany culture,teater,1162,1050,periodizace dějin,Chronology,teater:1050,0
paleogén,palaeogene,teater,1057,1050,geologická doba,Chronology,teater:1050,0
paleolit-mezolit,Palaeolithic-Mesolithic,teater,1073,1050,periodizace dějin,Chronology,teater:1050,0
pavlovien,pavlovian,teater,1091,1050,periodizace dějin,Chronology,teater:1050,0
periodizace dějin,periodization in history,teater,1070,1050,periodizace dějin,Chronology,teater:1050,0
piliňská kultura,Piliny culture,teater,1172,1050,periodizace dějin,Chronology,teater:1050,0
pleistocén,pleistocene,teater,1060,1050,geologická doba,Chronology,teater:1050,0
podmokelská kultura,Podmokly group,teater,1217,1050,periodizace dějin,Chronology,teater:1050,0
pozdní středověk (historiografie),Late Middle Ages (historiography),teater,1263,1050,periodizace dějin,Chronology,teater:1050,0
prahory,Archean,teater,1052,1050,geologická doba,Chronology,teater:1050,0
preboreál (paleoklimatologie),Preboreal (paleoclimatology),teater,1064,1050,geologická doba,Chronology,teater:1050,0
prvohory,palaeozoic,teater,1053,1050,geologická doba,Chronology,teater:1050,0
przeworská kultura,Przeworsk culture,teater,1221,1050,periodizace dějin,Chronology,teater:1050,0
púchovská kultura,Púchov culture,teater,1222,1050,periodizace dějin,Chronology,teater:1050,0
raný novověk,early modern period,teater,1264,1050,periodizace dějin,Chronology,teater:1050,0
raný středověk (historiografie),Early Middle Ages (historiography),teater,1261,1050,periodizace dějin,Chronology,teater:1050,0
sejmský kulturní okruh,Seima-Turbino phenomenon,teater,1173,1050,periodizace dějin,Chronology,teater:1050,0
skupina Federmesser,Federmesser group,teater,1098,1050,periodizace dějin,Chronology,teater:1050,0
slezskoplatěnická kultura HaC-D,Silesian-Platěnice culture (HaC-D),teater,1206,1050,periodizace dějin,Chronology,teater:1050,0
solutréen,solutrean,teater,1092,1050,periodizace dějin,Chronology,teater:1050,0
soudobé dějiny,contemporary history,teater,1266,1050,periodizace dějin,Chronology,teater:1050,0
starověk,ancient history,teater,1258,1050,periodizace dějin,Chronology,teater:1050,0
starší doba halštatská (HaC-D1),early Hallstatt period (HaC-D1),teater,1201,1050,periodizace dějin,Chronology,teater:1050,0
starší doba hradištní,early hillfort period,teater,1240,1050,periodizace dějin,Chronology,teater:1050,0
stěhování národů,Migration period,teater,1231,1050,periodizace dějin,Chronology,teater:1050,0
střední / mladší neolit,middle / late neolithic,teater,1111,1050,periodizace dějin,Chronology,teater:1050,0
střední doba hradištní,middle hillfort period,teater,1241,1050,periodizace dějin,Chronology,teater:1050,0
střední doba laténská (LtB-C1),middle La Tène period (LtB-C1),teater,1219,1050,periodizace dějin,Chronology,teater:1050,0
středodunajská popelnicová pole,Middle Danube Urnfield culture,teater,1184,1050,periodizace dějin,Chronology,teater:1050,0
středověk (historiografie),Middle Ages (historiography),teater,1260,1050,periodizace dějin,Chronology,teater:1050,0
středověk - novověk,Middle ages - modern period,teater,1236,1050,periodizace dějin,Chronology,teater:1050,0
subatlantik (paleoklimatologie),Subatlantic (paleoclimatology),teater,1069,1050,geologická doba,Chronology,teater:1050,0
tagarská kultura,Tagar culture,teater,1197,1050,periodizace dějin,Chronology,teater:1050,0
tišnovien,tišnovien,teater,1094,1050,periodizace dějin,Chronology,teater:1050,0
trypilská kultura,Trypilian culture,teater,1108,1050,periodizace dějin,Chronology,teater:1050,0
trzciniecko-komarivský komplex,Trzciniec-Komariv culture,teater,1174,1050,periodizace dějin,Chronology,teater:1050,0
třetihory,tertiary,teater,1056,1050,geologická doba,Chronology,teater:1050,0
villanovská kultura,Villanovan culture,teater,1213,1050,periodizace dějin,Chronology,teater:1050,0
vinařická skupina,Vinařice group,teater,1234,1050,periodizace dějin,Chronology,teater:1050,0
vinčanská kultura,Vinca culture,teater,1109,1050,periodizace dějin,Chronology,teater:1050,0
vrcholný - pozdní středověk,High - late middle ages,teater,1247,1050,periodizace dějin,Chronology,teater:1050,0
vrcholný středověk (historiografie),High - late middle ages (historiography),teater,1262,1050,periodizace dějin,Chronology,teater:1050,0
vučedolská kultura,Vučedol culture,teater,1141,1050,periodizace dějin,Chronology,teater:1050,0
věterovská kultura,Věteřov culture,teater,1165,1050,periodizace dějin,Chronology,teater:1050,0
zarubiněcká kultura,Zarubintsy culture,teater,1246,1050,periodizace dějin,Chronology,teater:1050,0
zemědelský pravěk,farming prehistory,teater,1074,1050,periodizace dějin,Chronology,teater:1050,0
čakanská kultura,Čakan culture,teater,1180,1050,periodizace dějin,Chronology,teater:1050,0
časná doba laténska (LtA),early La Tène period,teater,1216,1050,periodizace dějin,Chronology,teater:1050,0
čerňjachovská kultura,Chernyakhov culture,teater,1244,1050,periodizace dějin,Chronology,teater:1050,0
čtvrtohory,Quaternary,teater,1059,1050,geologická doba,Chronology,teater:1050,0
želiezovský typ,Želizovce group,teater,1110,1050,periodizace dějin,Chronology,teater:1050,0
Ekklésiastérion,Ekklesiasterion,teater,1512,1481,budova,Feature,teater:1481,0
Ianus quadrifrons,Arch of Janus,teater,1521,1481,budova,Feature,teater:1481,0
Múseion,Museion,teater,1534,1481,budova,Feature,teater:1481,0
adyton,adyton,teater,1711,1481,sakrální architektura,Feature,teater:1481,0
amfiteátr,amphitheatre,teater,1483,1481,budova,Feature,teater:1481,0
andrón,andron,teater,1502,1481,budova,Feature,teater:1481,0
apsida,apse,teater,1712,1481,sakrální architektura,Feature,teater:1481,0
archivní budova,archive,teater,1489,1481,budova,Feature,teater:1481,0
arcibiskupská rezidence,archbishops palace,teater,1541,1481,budova,Feature,teater:1481,0
armamentarium,armamentaria,teater,1490,1481,budova,Feature,teater:1481,0
atrium,atrium,teater,1503,1481,budova,Feature,teater:1481,0
aula,aule,teater,1504,1481,budova,Feature,teater:1481,0
barokní oltář,baroque altar,teater,1724,1481,sakrální architektura,Feature,teater:1481,0
barokní portál,baroque doorway,teater,1597,1481,konstrukční prvek,Feature,teater:1481,0
bastion,bastion,teater,1620,1481,opevnění,Feature,teater:1481,1
bazilika (antika),basilica (antiquity),teater,1491,1481,budova,Feature,teater:1481,0
bergfrit,keep,teater,1622,1481,opevnění,Feature,teater:1481,0
biskupská rezidence,bishops palace,teater,1542,1481,budova,Feature,teater:1481,0
bronteion,bronteion,teater,1484,1481,budova,Feature,teater:1481,0
burgus,burgus,teater,1625,1481,opevnění,Feature,teater:1481,0
bytové vybavení,furnishing,teater,1496,1481,budova,Feature,teater:1481,0
búleutérion,bouleuterion,teater,1553,1481,budova,Feature,teater:1481,0
carcer,carcer,teater,1567,1481,budova,Feature,teater:1481,0
cella,cella,teater,1713,1481,sakrální architektura,Feature,teater:1481,0
chata,hut,teater,1519,1481,budova,Feature,teater:1481,0
chlév,animal shed,teater,1520,1481,budova,Feature,teater:1481,1
chrámová podezdívka,krepis,teater,1584,1481,konstrukční prvek,Feature,teater:1481,0
chrámové dveře,temple door,teater,1715,1481,sakrální architektura,Feature,teater:1481,0
chrámové okno,temple window,teater,1714,1481,sakrální architektura,Feature,teater:1481,0
cihlářská pec,brick kiln,teater,1689,1481,pyrotechnické zařízení,Feature,teater:1481,0
cippus (mezník),cippus (boundary stone),teater,1676,1481,pozemní komunikace (objekty),Feature,teater:1481,0
cippus (náhrobek),cippus (gravestone),teater,1650,1481,pohřební objekt,Feature,teater:1481,0
cirkus,circus,teater,1492,1481,budova,Feature,teater:1481,0
curia (radnice),curia,teater,1554,1481,budova,Feature,teater:1481,0
císařský palác,imperial palace,teater,1543,1481,budova,Feature,teater:1481,0
dehtářská pec,tar kiln (objekt),teater,1690,1481,pyrotechnické zařízení,Feature,teater:1481,0
destrukční horizont,destruction horizon,teater,1749,1481,vrstva (objekt),Feature,teater:1481,0
diazóma,diazoma,teater,1485,1481,budova,Feature,teater:1481,0
divadlo,theatre,teater,1493,1481,budova,Feature,teater:1481,0
dlažba,pavement,teater,1580,1481,konstrukční prvek,Feature,teater:1481,0
dlouhý dům,longhouse,teater,1497,1481,budova,Feature,teater:1481,0
dolmen,dolmen,teater,1651,1481,pohřební objekt,Feature,teater:1481,0
domovní kanalizace,house drains,teater,1575,1481,inženýrská síť,Feature,teater:1481,0
dromos (hrobka),dromos (tomb),teater,1652,1481,pohřební objekt,Feature,teater:1481,0
dromos (ulice),dromos (street),teater,1573,1481,inženýrská síť,Feature,teater:1481,0
dílna,workshop,teater,1761,1481,výrobní objekt,Feature,teater:1481,0
dýmačka,fuming blast-furnace,teater,1691,1481,pyrotechnické zařízení,Feature,teater:1481,0
dřevohlinitá hradba,wood earth rampart,teater,1628,1481,opevnění,Feature,teater:1481,0
dřevěná hať,timber trackway,teater,1674,1481,pozemní komunikace (objekty),Feature,teater:1481,0
dům,house,teater,1495,1481,budova,Feature,teater:1481,0
ekkykléma,ekkyklema,teater,1486,1481,budova,Feature,teater:1481,0
elogium,elogium,teater,1653,1481,pohřební objekt,Feature,teater:1481,0
empora,matroneum,teater,1581,1481,konstrukční prvek,Feature,teater:1481,0
entasis,entasis,teater,1603,1481,konstrukční prvek,Feature,teater:1481,0
ergastulum,ergastulum,teater,1763,1481,výrobní objekt,Feature,teater:1481,0
ergastérion,ergasterion,teater,1762,1481,výrobní objekt,Feature,teater:1481,0
exedra,exedra,teater,1505,1481,budova,Feature,teater:1481,0
fara,rectory,teater,1513,1481,budova,Feature,teater:1481,0
fontána,fountain,teater,1609,1481,objekt na veřejném prostranství,Feature,teater:1481,0
geologická vrstva,geological layer,teater,1750,1481,vrstva (objekt),Feature,teater:1481,0
gotický oltář,gothic altar,teater,1725,1481,sakrální architektura,Feature,teater:1481,0
gotický portál,gothic doorway,teater,1598,1481,konstrukční prvek,Feature,teater:1481,0
grotta,grotto,teater,1683,1481,přírodní útvar,Feature,teater:1481,0
gymnasion,gymnasium,teater,1514,1481,budova,Feature,teater:1481,0
hipodrom,hippodrome,teater,1516,1481,budova,Feature,teater:1481,0
horizont osídlení,settlement layer,teater,1751,1481,vrstva (objekt),Feature,teater:1481,0
hospodářská budova,farm building,teater,1517,1481,budova,Feature,teater:1481,0
hostinec,inn,teater,1518,1481,budova,Feature,teater:1481,0
hrnčířská pec,pottery kiln,teater,1692,1481,pyrotechnické zařízení,Feature,teater:1481,0
hutnická pec,iron-smelting furnace,teater,1693,1481,pyrotechnické zařízení,Feature,teater:1481,0
impluvium,impluvium,teater,1506,1481,budova,Feature,teater:1481,0
insula,insula,teater,1498,1481,budova,Feature,teater:1481,0
inženýrská síť,infrastructure network,teater,1571,1481,inženýrská síť,Feature,teater:1481,0
jatka,slaughterhouse,teater,1522,1481,budova,Feature,teater:1481,0
jeskyně,cave,teater,1682,1481,přírodní útvar,Feature,teater:1481,1
kanelura,fluting,teater,1604,1481,konstrukční prvek,Feature,teater:1481,0
katakomby,catacombs,teater,1775,1481,zahloubený objekt,Feature,teater:1481,0
kazetový strop,coffered ceiling,teater,1606,1481,konstrukční prvek,Feature,teater:1481,0
knihovna,library,teater,1524,1481,budova,Feature,teater:1481,0
knížecí hrob,princely grave,teater,1656,1481,pohřební objekt,Feature,teater:1481,0
kolumbárium,columbarium,teater,1661,1481,pohřební objekt,Feature,teater:1481,0
komorový hrob,chamber tomb,teater,1657,1481,pohřební objekt,Feature,teater:1481,0
konkávní plocha,concave surface,teater,1703,1481,reliéfní útvar,Feature,teater:1481,0
konvexní plocha,convex surface,teater,1704,1481,reliéfní útvar,Feature,teater:1481,0
konírna,horse barn,teater,1526,1481,budova,Feature,teater:1481,0
kostelní věž,church tower,teater,1716,1481,sakrální architektura,Feature,teater:1481,0
kostrový hrob,skeleton grave,teater,1658,1481,pohřební objekt,Feature,teater:1481,0
kovolitecká pec,foundry,teater,1694,1481,pyrotechnické zařízení,Feature,teater:1481,0
krb,fireplace,teater,1507,1481,budova,Feature,teater:1481,0
krov,truss,teater,1586,1481,konstrukční prvek,Feature,teater:1481,0
kružba,tracery,teater,1717,1481,sakrální architektura,Feature,teater:1481,0
krypta,crypt,teater,1663,1481,pohřební objekt,Feature,teater:1481,0
kryptoportikus,cryptoporticus,teater,1587,1481,konstrukční prvek,Feature,teater:1481,0
královská falc,palatinate,teater,1544,1481,budova,Feature,teater:1481,0
královský palác,royal palace,teater,1545,1481,budova,Feature,teater:1481,0
krám,shop,teater,1527,1481,budova,Feature,teater:1481,0
kulturní vrstva,cultural layer,teater,1752,1481,vrstva (objekt),Feature,teater:1481,1
kurhan,kurgan,teater,1664,1481,pohřební objekt,Feature,teater:1481,0
kůlová jamka,stake hole,teater,1776,1481,zahloubený objekt,Feature,teater:1481,0
lehký obvodový plášť,light curtain wall,teater,1631,1481,opevnění,Feature,teater:1481,0
lesché,lesche,teater,1499,1481,budova,Feature,teater:1481,0
lineární konkávní útvar,linear concave feature,teater,1705,1481,reliéfní útvar,Feature,teater:1481,0
lineární konvexní útvar,linear convex feature,teater,1706,1481,reliéfní útvar,Feature,teater:1481,0
lyceum,lyceum,teater,1529,1481,budova,Feature,teater:1481,0
lázeňský dům,spa house,teater,1528,1481,budova,Feature,teater:1481,0
maenianum,maenianum,teater,1508,1481,budova,Feature,teater:1481,0
maják,lighthouse,teater,1530,1481,budova,Feature,teater:1481,0
mauzoleum,mausoleum,teater,1665,1481,pohřební objekt,Feature,teater:1481,0
meander,meander,teater,1684,1481,přírodní útvar,Feature,teater:1481,0
megaron,megaron,teater,1500,1481,budova,Feature,teater:1481,0
meta,meta,teater,1589,1481,konstrukční prvek,Feature,teater:1481,0
mezník,boundary stone,teater,1675,1481,pozemní komunikace (objekty),Feature,teater:1481,1
minaret,minaret,teater,1720,1481,sakrální architektura,Feature,teater:1481,0
mincovna,mint,teater,1766,1481,výrobní objekt,Feature,teater:1481,0
morový sloup,plague column,teater,1721,1481,sakrální architektura,Feature,teater:1481,0
mýtní domek,toll house,teater,1535,1481,budova,Feature,teater:1481,0
městská brána,town gateway,teater,1624,1481,opevnění,Feature,teater:1481,0
městská hradba,city walls,teater,1627,1481,opevnění,Feature,teater:1481,0
narthex,narthex,teater,1722,1481,sakrální architektura,Feature,teater:1481,0
nemocnice,hospital,teater,1536,1481,budova,Feature,teater:1481,0
nevěstinec,brothel,teater,1537,1481,budova,Feature,teater:1481,0
nymfeum,nymphaeum,teater,1618,1481,okrasný objekt,Feature,teater:1481,0
nádrž,reservoir,teater,1778,1481,zahloubený objekt,Feature,teater:1481,1
náhrobek,gravestone,teater,1667,1481,pohřební objekt,Feature,teater:1481,1
násyp,bank,teater,1753,1481,vrstva (objekt),Feature,teater:1481,0
obilnice,granary,teater,1779,1481,zahloubený objekt,Feature,teater:1481,0
objekt na veřejném prostranství,feature on public area,teater,1608,1481,objekt na veřejném prostranství,Feature,teater:1481,0
objekt zemědělské výroby,agricultural feature,teater,1613,1481,objekt zemědělské výroby,Feature,teater:1481,0
obvodový plášť,curtain wall,teater,1630,1481,opevnění,Feature,teater:1481,0
obytné budovy,residential building,teater,1538,1481,budova,Feature,teater:1481,0
odpadní jáma,rubbish pit,teater,1780,1481,zahloubený objekt,Feature,teater:1481,0
odpadní vrstva,refuse layer,teater,1755,1481,vrstva (objekt),Feature,teater:1481,1
odval,spoil tip,teater,1741,1481,těžební objekt,Feature,teater:1481,0
okrasný objekt,decorative object,teater,1617,1481,okrasný objekt,Feature,teater:1481,0
opevnění,fortification,teater,1619,1481,opevnění,Feature,teater:1481,0
opisthodomos,opisthodomos,teater,1728,1481,sakrální architektura,Feature,teater:1481,0
opěrný pilíř,abutment,teater,1591,1481,konstrukční prvek,Feature,teater:1481,0
orba,plowing,teater,1615,1481,objekt zemědělské výroby,Feature,teater:1481,0
orchéstra,orchestra,teater,1487,1481,budova,Feature,teater:1481,0
palaistra,palaestra,teater,1547,1481,budova,Feature,teater:1481,0
papežská rezidence,residence of pope,teater,1546,1481,budova,Feature,teater:1481,0
parkán,zwinger,teater,1634,1481,opevnění,Feature,teater:1481,0
parodos,parodos,teater,1592,1481,konstrukční prvek,Feature,teater:1481,0
pec na chléb,bake oven,teater,1697,1481,pyrotechnické zařízení,Feature,teater:1481,0
pekárna,bakery,teater,1548,1481,budova,Feature,teater:1481,0
peristyl,peristyle,teater,1593,1481,konstrukční prvek,Feature,teater:1481,0
pilotové základy,piled foundations,teater,1594,1481,konstrukční prvek,Feature,teater:1481,0
pinakothéka,pinacotheca,teater,1549,1481,budova,Feature,teater:1481,0
piscina,piscina,teater,1616,1481,objekt zemědělské výroby,Feature,teater:1481,0
plot,fence,teater,1635,1481,opevnění,Feature,teater:1481,1
podlaha,floor,teater,1595,1481,konstrukční prvek,Feature,teater:1481,0
podlaha (vrstva),floor layer,teater,1756,1481,vrstva (objekt),Feature,teater:1481,0
podzemní štola,drift,teater,1743,1481,těžební objekt,Feature,teater:1481,0
poustevna,hermitage,teater,1729,1481,sakrální architektura,Feature,teater:1481,0
pozemní komunikace (objekty),land communication (objects),teater,1672,1481,pozemní komunikace (objekty),Feature,teater:1481,0
praetorium,praetorium,teater,1550,1481,budova,Feature,teater:1481,0
pranýř,pillory,teater,1551,1481,budova,Feature,teater:1481,0
presbytář,presbytery,teater,1730,1481,sakrální architektura,Feature,teater:1481,0
pronáos,pronaos,teater,1731,1481,sakrální architektura,Feature,teater:1481,0
propylaje,propylaea,teater,1732,1481,sakrální architektura,Feature,teater:1481,0
proskénion,proscenium,teater,1488,1481,budova,Feature,teater:1481,0
prytaneion,prytaneion,teater,1555,1481,budova,Feature,teater:1481,0
puteál,puteal,teater,1733,1481,sakrální architektura,Feature,teater:1481,0
pylón,pylon,teater,1734,1481,sakrální architektura,Feature,teater:1481,0
pyramida,pyramid,teater,1670,1481,pohřební objekt,Feature,teater:1481,0
pyrotechnické zařízení,pyrotechnic device,teater,1688,1481,pyrotechnické zařízení,Feature,teater:1481,0
předhradí,bailey,teater,1636,1481,opevnění,Feature,teater:1481,0
radnice,town hall,teater,1552,1481,budova,Feature,teater:1481,0
regia,regia,teater,1556,1481,budova,Feature,teater:1481,0
reliéfní útvar,relief feature,teater,1702,1481,reliéfní útvar,Feature,teater:1481,0
renesanční oltář,renaissance altar,teater,1726,1481,sakrální architektura,Feature,teater:1481,0
renesanční portál,renaissance doorway,teater,1599,1481,konstrukční prvek,Feature,teater:1481,0
retábl,retable,teater,1727,1481,sakrální architektura,Feature,teater:1481,0
románský portál,Romanesque doorway,teater,1600,1481,konstrukční prvek,Feature,teater:1481,0
rostra,rostra,teater,1610,1481,objekt na veřejném prostranství,Feature,teater:1481,0
sakrální architektura,sacred architecture,teater,1710,1481,sakrální architektura,Feature,teater:1481,0
sejp,spoil heap,teater,1744,1481,těžební objekt,Feature,teater:1481,1
seník,hayloft,teater,1557,1481,budova,Feature,teater:1481,0
sklářská pec,glass furnace,teater,1698,1481,pyrotechnické zařízení,Feature,teater:1481,0
skriptorium,scriptorium,teater,1769,1481,výrobní objekt,Feature,teater:1481,0
skéné,skene,teater,1494,1481,budova,Feature,teater:1481,0
skříňkový hrob,cist grave,teater,1659,1481,pohřební objekt,Feature,teater:1481,0
sloup,column,teater,1602,1481,konstrukční prvek,Feature,teater:1481,1
sloupořadí,colonnade,teater,1611,1481,objekt na veřejném prostranství,Feature,teater:1481,0
smírčí kamen,reconciliation stone,teater,1735,1481,sakrální architektura,Feature,teater:1481,0
součást domu,component of the house,teater,1501,1481,budova,Feature,teater:1481,0
splach,solifluction,teater,1757,1481,vrstva (objekt),Feature,teater:1481,1
stadion,stadion,teater,1558,1481,budova,Feature,teater:1481,0
stavební jáma,construction pit,teater,1782,1481,zahloubený objekt,Feature,teater:1481,0
stoá,stoa,teater,1612,1481,objekt na veřejném prostranství,Feature,teater:1481,0
strop,ceiling,teater,1605,1481,konstrukční prvek,Feature,teater:1481,0
stáj,stable,teater,1559,1481,budova,Feature,teater:1481,1
stéla (objekt),stele (feature),teater,1671,1481,pohřební objekt,Feature,teater:1481,0
sýpka,granary (sýpka/Getreidespeiche),teater,1561,1481,budova,Feature,teater:1481,1
tablinum,tablinum,teater,1509,1481,budova,Feature,teater:1481,0
telegrafie,telegraphy,teater,1678,1481,pozemní komunikace (objekty),Feature,teater:1481,0
terminus,terminus,teater,1677,1481,pozemní komunikace (objekty),Feature,teater:1481,0
theokoleion,theocoleon,teater,1564,1481,budova,Feature,teater:1481,0
thésauros,thesauros,teater,1737,1481,sakrální architektura,Feature,teater:1481,0
triclinium,triclinium,teater,1510,1481,budova,Feature,teater:1481,0
tropaeum,tropaion,teater,1568,1481,budova,Feature,teater:1481,0
těžební místo,mining site,teater,1747,1481,těžební objekt,Feature,teater:1481,0
ulice,street,teater,1572,1481,inženýrská síť,Feature,teater:1481,0
veřejná knihovna,public library,teater,1525,1481,budova,Feature,teater:1481,0
vitráž,stained glass,teater,1738,1481,sakrální architektura,Feature,teater:1481,0
vodní mlýn,watermill,teater,1533,1481,budova,Feature,teater:1481,0
vodní pramen,spring,teater,1685,1481,přírodní útvar,Feature,teater:1481,0
vrstva (objekt),layer,teater,1748,1481,vrstva (objekt),Feature,teater:1481,0
vytápění,heating,teater,1648,1481,otopné zařízení,Feature,teater:1481,0
vápenická pec,lime kiln,teater,1699,1481,pyrotechnické zařízení,Feature,teater:1481,0
vítězný oblouk,triumphal arch,teater,1569,1481,budova,Feature,teater:1481,0
výheň,furnace,teater,1700,1481,pyrotechnické zařízení,Feature,teater:1481,0
výplň zahloubeného objektu,filling,teater,1758,1481,vrstva (objekt),Feature,teater:1481,0
větrný mlýn,windmill,teater,1532,1481,budova,Feature,teater:1481,0
věznice,prison,teater,1565,1481,budova,Feature,teater:1481,0
zemnice,pithouse,teater,1786,1481,zahloubený objekt,Feature,teater:1481,0
zeď,wall,teater,1642,1481,opevnění,Feature,teater:1481,0
záchod,toilet,teater,1511,1481,budova,Feature,teater:1481,0
základová konstrukce,foundation,teater,1607,1481,konstrukční prvek,Feature,teater:1481,0
zásobní jáma,storage pit,teater,1785,1481,zahloubený objekt,Feature,teater:1481,0
ódeion,odeon,teater,1539,1481,budova,Feature,teater:1481,0
špýchar,granary (špýchar/Speicher),teater,1563,1481,budova,Feature,teater:1481,1
žalář,jailhouse,teater,1566,1481,budova,Feature,teater:1481,0
železářská pec,iron furnace,teater,1701,1481,pyrotechnické zařízení,Feature,teater:1481,0
žárový hrob,burnt grave,teater,1660,1481,pohřební objekt,Feature,teater:1481,0
archeologická památka,archaeological monument,teater,259,140,památková péče,Location & Admin,teater:253,0
archeologická sbírka,archaeological collection,teater,223,140,muzeum,Location & Admin,teater:220,0
archeologické dědicství,archaeological heritage,teater,256,140,památková péče,Location & Admin,teater:253,0
archeologické muzeum,archaeological museum,teater,243,140,muzeum,Location & Admin,teater:220,0
archeoskanzen,archaeological open-air museum,teater,254,140,památková péče,Location & Admin,teater:253,0
botanická sbírka,plant collection,teater,224,140,muzeum,Location & Admin,teater:220,0
doplňování muzejních sbírek,museum collections acquisition,teater,234,140,muzeum,Location & Admin,teater:220,0
druhy muzeí,types of museums,teater,242,140,muzeum,Location & Admin,teater:220,0
etnografická sbírka,ethnological collection,teater,225,140,muzeum,Location & Admin,teater:220,0
etnografické muzeum,ethnological museum,teater,244,140,muzeum,Location & Admin,teater:220,0
evidence sbírkových předmětů,regisry of collection objects,teater,235,140,muzeum,Location & Admin,teater:220,0
geologická sbírka,geological collection,teater,226,140,muzeum,Location & Admin,teater:220,0
historické muzeum,historical museum,teater,245,140,muzeum,Location & Admin,teater:220,0
hornické muzeum,mining museum,teater,246,140,muzeum,Location & Admin,teater:220,0
kurátorství sbírek,collection curatorship,teater,227,140,muzeum,Location & Admin,teater:220,0
kurátorství výstav,exhibition curatorship,teater,241,140,muzeum,Location & Admin,teater:220,0
mezinárodní smlouva,international treaty,teater,257,140,památková péče,Location & Admin,teater:253,0
mineralogická sbírka,mineral collection,teater,228,140,muzeum,Location & Admin,teater:220,0
muzejní dokumentace,museum documentation,teater,229,140,muzeum,Location & Admin,teater:220,0
muzejní sbírky,museum collection,teater,222,140,muzeum,Location & Admin,teater:220,0
muzejní spolek,museum association,teater,251,140,muzeum,Location & Admin,teater:220,0
muzejní společnost,museum society,teater,250,140,muzeum,Location & Admin,teater:220,0
muzejní výstava,museum exhibitions,teater,239,140,muzeum,Location & Admin,teater:220,0
městská památková rezervace,urban monument reserve,teater,262,140,památková péče,Location & Admin,teater:253,0
městské historické centrum,historical town centre,teater,261,140,památková péče,Location & Admin,teater:253,0
numismatická sbírka,numismatic collection,teater,230,140,muzeum,Location & Admin,teater:220,0
objekty (památková péče),objects (historic preservation),teater,255,140,památková péče,Location & Admin,teater:253,0
obnova a rekonstrukce památek,renewal and reconstruction of monuments,teater,271,140,památková péče,Location & Admin,teater:253,0
ochrana památek,protection of monuments,teater,272,140,památková péče,Location & Admin,teater:253,0
paleontologická sbírka,paleontological collection,teater,231,140,muzeum,Location & Admin,teater:220,0
památková péče,historic preservation,teater,253,140,památková péče,Location & Admin,teater:253,0
památkový objekt,listed monument,teater,264,140,památková péče,Location & Admin,teater:253,0
památkový ústav,heritage institute,teater,269,140,památková péče,Location & Admin,teater:253,0
památkově chráněné území,historically preserved area,teater,265,140,památková péče,Location & Admin,teater:253,0
památkář,preservationist,teater,267,140,památková péče,Location & Admin,teater:253,0
památkářka,woman preservationist,teater,268,140,památková péče,Location & Admin,teater:253,0
předmět (památková péče),object (historic preservation),teater,270,140,památková péče,Location & Admin,teater:253,0
přírodovědná sbírka,natural history collection,teater,232,140,muzeum,Location & Admin,teater:220,0
regionální muzeum,regional museum,teater,247,140,muzeum,Location & Admin,teater:220,0
rekonstrukce staveb,reconstruction of buildings,teater,273,140,památková péče,Location & Admin,teater:253,0
sbírkotvorná činnost,collection of specimens,teater,233,140,muzeum,Location & Admin,teater:220,0
sbírkový předmět,collection’s objects,teater,236,140,muzeum,Location & Admin,teater:220,0
skanzen,open-air museum,teater,248,140,muzeum,Location & Admin,teater:220,1
stavební právo,building law,teater,258,140,památková péče,Location & Admin,teater:253,0
stálá expozice,permanent exhibitions,teater,240,140,muzeum,Location & Admin,teater:220,0
uměleckoprůmyslové muzeum,museums of decorative arts,teater,249,140,muzeum,Location & Admin,teater:220,0
umělecká památka,artistic monument,teater,266,140,památková péče,Location & Admin,teater:253,0
umělecká sbírka,art collection,teater,237,140,muzeum,Location & Admin,teater:220,0
zoologická sbírka,zoological collection,teater,238,140,muzeum,Location & Admin,teater:220,0
činnosti muzeí,activities of museums,teater,221,140,muzeum,Location & Admin,teater:220,0
bavlna,cotton,teater,2434,2430,materiál objektu/předmětu,Material,teater:2430,0
borka,bark,teater,2435,2430,materiál objektu/předmětu,Material,teater:2430,0
bucchero,bucchero,teater,2465,2430,materiál objektu/předmětu,Material,teater:2430,0
chalcedon,chalcedony,teater,2447,2430,materiál objektu/předmětu,Material,teater:2430,0
chronologické členění (keramika),chronological classification (ceramics),teater,2458,2430,materiál objektu/předmětu,Material,teater:2430,0
cihelné zdivo,brick masonry,teater,2554,2430,způsob provedení (objekty),Material,teater:2430,0
cypřiš,Cupressus,teater,2444,2430,materiál objektu/předmětu,Material,teater:2430,0
diamant,diamond,teater,2439,2430,materiál objektu/předmětu,Material,teater:2430,0
drahý kámen,precious stone,teater,2437,2430,materiál objektu/předmětu,Material,teater:2430,0
dřevěná konstrukce,wooden structure,teater,2555,2430,způsob provedení (objekty),Material,teater:2430,0
dřevěné uhlí,charcoal,teater,2441,2430,materiál objektu/předmětu,Material,teater:2430,0
dřevěné výrobky,wood products,teater,2442,2430,materiál objektu/předmětu,Material,teater:2430,0
elektron,electrum,teater,2480,2430,materiál objektu/předmětu,Material,teater:2430,0
fajáns,faience,teater,2452,2430,materiál objektu/předmětu,Material,teater:2430,0
fosilní měkkýš,fossil mollusks,teater,2503,2430,materiál objektu/předmětu,Material,teater:2430,0
habánská fajáns,Haban faience,teater,2453,2430,materiál objektu/předmětu,Material,teater:2430,0
hedvábí,silk,teater,2446,2430,materiál objektu/předmětu,Material,teater:2430,0
historická keramika,historical pottery,teater,2459,2430,materiál objektu/předmětu,Material,teater:2430,0
hliněná destička,clay tablet,teater,2532,2430,materiál objektu/předmětu,Material,teater:2430,0
hrázděná stavba,half-timbered building,teater,2556,2430,způsob provedení (objekty),Material,teater:2430,0
jadeit,jadeite,teater,2440,2430,materiál objektu/předmětu,Material,teater:2430,0
jaspis,jasper,teater,2449,2430,materiál objektu/předmětu,Material,teater:2430,0
jíl,loam,teater,2455,2430,materiál objektu/předmětu,Material,teater:2430,0
kamenina,stoneware,teater,2456,2430,materiál objektu/předmětu,Material,teater:2430,0
keramický materiál,ceramic material,teater,2451,2430,materiál objektu/předmětu,Material,teater:2430,0
kožešina,fur,teater,2490,2430,materiál objektu/předmětu,Material,teater:2430,0
křemen,quartz,teater,2491,2430,materiál objektu/předmětu,Material,teater:2430,0
křemenec,quartzite,teater,2492,2430,materiál objektu/předmětu,Material,teater:2430,0
křišťál,quartz crystal,teater,2493,2430,materiál objektu/předmětu,Material,teater:2430,0
lastura,shell,teater,2496,2430,materiál objektu/předmětu,Material,teater:2430,0
len,linen,teater,2497,2430,materiál objektu/předmětu,Material,teater:2430,0
lidová keramika,folk pottery,teater,2460,2430,materiál objektu/předmětu,Material,teater:2430,0
majolika,maiolica,teater,2471,2430,materiál objektu/předmětu,Material,teater:2430,1
makrozbytky,macroremains,teater,2498,2430,materiál objektu/předmětu,Material,teater:2430,0
mamutovina,mammoth ivory,teater,2500,2430,materiál objektu/předmětu,Material,teater:2430,1
materiál objektu/předmětu,feature/object material,teater,2431,2430,materiál objektu/předmětu,Material,teater:2430,0
mořský měkkýš,sea mollusc,teater,2506,2430,materiál objektu/předmětu,Material,teater:2430,0
mramor,marble,teater,2508,2430,materiál objektu/předmětu,Material,teater:2430,0
měkkýš,Mollusca,teater,2502,2430,materiál objektu/předmětu,Material,teater:2430,0
neželezný kov,nonferrous metal,teater,2483,2430,materiál objektu/předmětu,Material,teater:2430,0
nikl,nickel,teater,2484,2430,materiál objektu/předmětu,Material,teater:2430,0
obsidián,obsidian,teater,2509,2430,materiál objektu/předmětu,Material,teater:2430,0
okr,ochre,teater,2433,2430,materiál objektu/předmětu,Material,teater:2430,0
opál,opal,teater,2510,2430,materiál objektu/předmětu,Material,teater:2430,0
ovčí vlna,sheep wool,teater,2550,2430,materiál objektu/předmětu,Material,teater:2430,0
papyrus,papyrus,teater,2530,2430,materiál objektu/předmětu,Material,teater:2430,0
pazourek,flint,teater,2512,2430,materiál objektu/předmětu,Material,teater:2430,0
pergamen,parchment,teater,2531,2430,materiál objektu/předmětu,Material,teater:2430,0
porcelán,porcelain,teater,2472,2430,materiál objektu/předmětu,Material,teater:2430,0
pravěká keramika,prehistoric pottery,teater,2461,2430,materiál objektu/předmětu,Material,teater:2430,0
proutěné výrobky,basketry,teater,2517,2430,materiál objektu/předmětu,Material,teater:2430,0
psací materiál,writing material,teater,2528,2430,materiál objektu/předmětu,Material,teater:2430,0
pískovec,sandstone,teater,2515,2430,materiál objektu/předmětu,Material,teater:2430,0
předmět z bronzu,bronze object,teater,2520,2430,materiál objektu/předmětu,Material,teater:2430,0
předmět z kamene,stone object,teater,2521,2430,materiál objektu/předmětu,Material,teater:2430,0
předmět z kosti,bone object,teater,2522,2430,materiál objektu/předmětu,Material,teater:2430,0
předmět z kovu,metal object,teater,2523,2430,materiál objektu/předmětu,Material,teater:2430,0
předmět z mědi,copper object,teater,2524,2430,materiál objektu/předmětu,Material,teater:2430,0
předmět ze stříbra,silver object,teater,2525,2430,materiál objektu/předmětu,Material,teater:2430,0
předmět ze zlata,gold object,teater,2526,2430,materiál objektu/předmětu,Material,teater:2430,0
předmět ze železa,iron object,teater,2527,2430,materiál objektu/předmětu,Material,teater:2430,0
renesanční keramika,renaissance pottery,teater,2462,2430,materiál objektu/předmětu,Material,teater:2430,0
rohovec,chert,teater,2534,2430,materiál objektu/předmětu,Material,teater:2430,0
sapropelit,sapropel,teater,2536,2430,materiál objektu/předmětu,Material,teater:2430,0
semeno,seed,teater,2537,2430,materiál objektu/předmětu,Material,teater:2430,0
skleněný výrobek,glassware,teater,2538,2430,materiál objektu/předmětu,Material,teater:2430,0
sladkovodní měkkýš,freshwater mollusc,teater,2507,2430,materiál objektu/předmětu,Material,teater:2430,0
slonovina,elephant ivory,teater,2540,2430,materiál objektu/předmětu,Material,teater:2430,1
slovanská keramika,Slavic pottery,teater,2463,2430,materiál objektu/předmětu,Material,teater:2430,0
spilit,spilite,teater,2541,2430,materiál objektu/předmětu,Material,teater:2430,0
starověká keramika,ancient pottery,teater,2464,2430,materiál objektu/předmětu,Material,teater:2430,0
stavební kámen,building stone,teater,2543,2430,materiál objektu/předmětu,Material,teater:2430,0
středověká keramika,medieval pottery,teater,2468,2430,materiál objektu/předmětu,Material,teater:2430,0
suchozemský měkkýš,terrestrial mollusc,teater,2504,2430,materiál objektu/předmětu,Material,teater:2430,0
sukno,cloth,teater,2544,2430,materiál objektu/předmětu,Material,teater:2430,0
terakota,terracotta,teater,2473,2430,materiál objektu/předmětu,Material,teater:2430,0
terra sigillata,terra sigillata,teater,2474,2430,materiál objektu/předmětu,Material,teater:2430,0
uhličitan draselný,potash,teater,2547,2430,materiál objektu/předmětu,Material,teater:2430,0
umělecká keramika,art pottery,teater,2469,2430,materiál objektu/předmětu,Material,teater:2430,0
useň,hides and skins,teater,2495,2430,materiál objektu/předmětu,Material,teater:2430,0
užitková keramika,utiliarian ceramics,teater,2470,2430,materiál objektu/předmětu,Material,teater:2430,0
vlna,wool,teater,2549,2430,materiál objektu/předmětu,Material,teater:2430,0
vltavín,moldavite,teater,2551,2430,materiál objektu/předmětu,Material,teater:2430,0
vodní měkkýš,aquatic mollusc,teater,2505,2430,materiál objektu/předmětu,Material,teater:2430,0
zinek,zinc,teater,2487,2430,materiál objektu/předmětu,Material,teater:2430,0
způsob provedení (objekty),method of implementation (features),teater,2553,2430,způsob provedení (objekty),Material,teater:2430,0
černofigurová keramika,black-figure ware,teater,2466,2430,materiál objektu/předmětu,Material,teater:2430,0
červenofigurová keramika,red-figure ware,teater,2467,2430,materiál objektu/předmětu,Material,teater:2430,0
český granát,Czech garnet,teater,2438,2430,materiál objektu/předmětu,Material,teater:2430,0
GPS (navigační systém),global positioning system,teater,130,102,archeologické výzkumy,Methods,teater:102,0
Galileo (navigační systém),Galileo (navigation system),teater,129,102,archeologické výzkumy,Methods,teater:102,0
Ramanova spektrometrie,Raman spectroscopy,teater,184,140,"analýzy, posudky (metody spracování)",Methods,teater:140,0
absolutní chronologie,absolute chronology,teater,190,140,archeologické datování,Methods,teater:140,0
analogie,analogy,teater,207,140,komparativní výzkum,Methods,teater:140,0
analýza hlavních komponent,principal components analysis,teater,276,140,statistická analýza,Methods,teater:140,0
analýza rozptylu,analysis of variance,teater,277,140,statistická analýza,Methods,teater:140,0
"analýzy, posudky (metody spracování)","analyses, reviews (processing methods)",teater,141,140,"analýzy, posudky (metody spracování)",Methods,teater:140,0
antrakologická analýza,anthracological analysis,teater,142,140,"analýzy, posudky (metody spracování)",Methods,teater:140,0
antropologický výzkum,anthropological research,teater,143,140,"analýzy, posudky (metody spracování)",Methods,teater:140,0
archeogenetická analýza,archaeogenetic analysis,teater,144,140,"analýzy, posudky (metody spracování)",Methods,teater:140,0
archeologická klasifikace,archaeological classification,teater,205,140,kategorizace a klasifikace,Methods,teater:140,0
archeologická mapa,archaeological map,teater,198,140,dokumentace,Methods,teater:140,0
archeologické datování,archaeological dating,teater,189,140,archeologické datování,Methods,teater:140,0
archeologické výzkumy,archaeological research,teater,103,102,archeologické výzkumy,Methods,teater:102,0
atomová absorbční spektrometrie,atomic absorption spectroscopy,teater,178,140,"analýzy, posudky (metody spracování)",Methods,teater:140,0
atomová emisní spektrometrie,atomic emission spectroscopy,teater,179,140,"analýzy, posudky (metody spracování)",Methods,teater:140,0
chromatografická analýza,chromatographic analysis,teater,156,140,"analýzy, posudky (metody spracování)",Methods,teater:140,0
dendrochronologická analýza,tree-ring analysis,teater,145,140,"analýzy, posudky (metody spracování)",Methods,teater:140,0
destruktivní metoda výzkumu,destructive method,teater,104,102,archeologické výzkumy,Methods,teater:102,0
detekce kovů,metal detection,teater,112,102,archeologické výzkumy,Methods,teater:102,0
digitální model terénu,digital elevation model,teater,124,102,archeologické výzkumy,Methods,teater:102,0
diskriminační analýza,discriminant analysis,teater,278,140,statistická analýza,Methods,teater:140,0
dokumentace,documentation,teater,195,140,dokumentace,Methods,teater:140,0
družicová geodezie,satellite geodesy,teater,120,102,archeologické výzkumy,Methods,teater:102,0
dálkový průzkum Země,remote sensing,teater,119,102,archeologické výzkumy,Methods,teater:102,0
elektronová mikroskopie,electron microscopy,teater,147,140,"analýzy, posudky (metody spracování)",Methods,teater:140,0
environmentální skenovací elektronová mikroskopie,environmental scanning electron microscopy,teater,149,140,"analýzy, posudky (metody spracování)",Methods,teater:140,0
faktorová analýza,factor analysis,teater,279,140,statistická analýza,Methods,teater:140,0
fosfátová analýza,phosphate analysis,teater,151,140,"analýzy, posudky (metody spracování)",Methods,teater:140,0
fotografická dokumentace,photodocumentation,teater,196,140,dokumentace,Methods,teater:140,0
geoarcheologická analýza,geoarchaeological analysis,teater,153,140,"analýzy, posudky (metody spracování)",Methods,teater:140,0
geochemická metoda,geochemical prospecting method,teater,138,102,archeologické výzkumy,Methods,teater:102,0
geoelektrický průzkum,electric prospecting,teater,133,102,archeologické výzkumy,Methods,teater:102,0
geografické informační systémy,geographic information systems,teater,197,140,dokumentace,Methods,teater:140,0
geologický výzkum,geological research,teater,154,140,"analýzy, posudky (metody spracování)",Methods,teater:140,0
gravimetrie,gravimetry,teater,134,102,archeologické výzkumy,Methods,teater:102,0
hmotnostní spektrometrie,mass spectrometry,teater,180,140,"analýzy, posudky (metody spracování)",Methods,teater:140,0
hmotnostní spektrometrie s indukčně vázaným plazmatem,inductively coupled plasma mass spectrometry,teater,181,140,"analýzy, posudky (metody spracování)",Methods,teater:140,0
hmotnostní spektrometrie s indukčně vázaným plazmatem a laserovou ablací,inductively coupled plasma mass spectrometry with laser ablation,teater,182,140,"analýzy, posudky (metody spracování)",Methods,teater:140,0
horizontální stratigrafie,horizontal stratigraphy,teater,193,140,archeologické datování,Methods,teater:140,0
infračervená spektroskopie,infrared spectroscopy,teater,183,140,"analýzy, posudky (metody spracování)",Methods,teater:140,0
izotopový výzkum,isotopic analysis,teater,157,140,"analýzy, posudky (metody spracování)",Methods,teater:140,0
kategorizace a klasifikace,categorization and classification,teater,204,140,kategorizace a klasifikace,Methods,teater:140,0
komparativní výzkum,comparative research,teater,206,140,komparativní výzkum,Methods,teater:140,0
konzervace,conservation,teater,210,140,konzervátorsko-restaurátorské metody,Methods,teater:140,0
konzervování muzejních exponátů,conservation of museum exhibits,teater,211,140,konzervátorsko-restaurátorské metody,Methods,teater:140,0
konzervování památek,antiquities conservation,teater,212,140,konzervátorsko-restaurátorské metody,Methods,teater:140,0
konzervátorsko-restaurátorské metody,conservation-restoration methods,teater,209,140,konzervátorsko-restaurátorské metody,Methods,teater:140,0
kopie,facsimile,teater,213,140,konzervátorsko-restaurátorské metody,Methods,teater:140,0
korespondeční analýza,correspondence analysis,teater,280,140,statistická analýza,Methods,teater:140,0
koroze,corrosion,teater,216,140,konzervátorsko-restaurátorské metody,Methods,teater:140,0
kresebná dokumentace,drawn documentation,teater,199,140,dokumentace,Methods,teater:140,0
letecká fotogrammetrie,aerial photogrammetry,teater,122,102,archeologické výzkumy,Methods,teater:102,0
letecké laserové skenování,irborne laser scanning survey,teater,123,102,archeologické výzkumy,Methods,teater:102,0
letecké snímkování,aerial photography,teater,126,102,archeologické výzkumy,Methods,teater:102,0
magnetometr,magnetometer,teater,136,102,archeologické výzkumy,Methods,teater:102,0
magnetometrie,magnetometry,teater,135,102,archeologické výzkumy,Methods,teater:102,0
malakozoologická analýza,malacozoological analysis,teater,158,140,"analýzy, posudky (metody spracování)",Methods,teater:140,0
metalografická analýza,metallographic analysis,teater,160,140,"analýzy, posudky (metody spracování)",Methods,teater:140,0
metalurgická analýza,metallurgical analysis,teater,161,140,"analýzy, posudky (metody spracování)",Methods,teater:140,0
mikrosondáž,shovel test,teater,113,102,archeologické výzkumy,Methods,teater:102,1
mineralogická analýza,mineralogical analysis,teater,162,140,"analýzy, posudky (metody spracování)",Methods,teater:140,0
málo destruktivní metoda,less destructive method,teater,111,102,archeologické výzkumy,Methods,teater:102,0
nedestruktivní metoda výzkumu,non-destructive method,teater,118,102,archeologické výzkumy,Methods,teater:102,0
neurónová aktivační analýza,neutron activation analysis,teater,163,140,"analýzy, posudky (metody spracování)",Methods,teater:140,0
numismatická analýza,numismatic analysis,teater,164,140,"analýzy, posudky (metody spracování)",Methods,teater:140,0
náhodný nález,chance find,teater,114,102,archeologické výzkumy,Methods,teater:102,0
nálezová správa,site report,teater,252,140,nálezová správa,Methods,teater:140,0
odlitek,casting,teater,200,140,dokumentace,Methods,teater:140,0
ortofotomapa,orthophotomap,teater,125,102,archeologické výzkumy,Methods,teater:102,0
osteologická analýza,osteological analysis,teater,165,140,"analýzy, posudky (metody spracování)",Methods,teater:140,0
paleoentomologická analýza,palaeoentomology,teater,166,140,"analýzy, posudky (metody spracování)",Methods,teater:140,0
parazitologická diagnostika,parasitological diagnostics,teater,167,140,"analýzy, posudky (metody spracování)",Methods,teater:140,0
pedologický výzkum,pedological research,teater,168,140,"analýzy, posudky (metody spracování)",Methods,teater:140,0
petrografická analýza,petrological analysis,teater,169,140,"analýzy, posudky (metody spracování)",Methods,teater:140,0
počítačová tomografie,computed tomography,teater,170,140,"analýzy, posudky (metody spracování)",Methods,teater:140,0
pravděpodobnostní metoda,probabilistic methods,teater,281,140,statistická analýza,Methods,teater:140,0
predikční model,predictive model,teater,282,140,statistická analýza,Methods,teater:140,0
prostorová analýza,spatial analysis,teater,274,140,prostorová analýza,Methods,teater:140,0
prostorová statistika,spatial statistics,teater,283,140,statistická analýza,Methods,teater:140,0
pylová analýza,pollen analysis,teater,171,140,"analýzy, posudky (metody spracování)",Methods,teater:140,0
předstihový archeologický výzkum,development-led excavation,teater,106,102,archeologické výzkumy,Methods,teater:102,0
radiokarbonové datování,radiocarbon dating,teater,172,140,"analýzy, posudky (metody spracování)",Methods,teater:140,0
relativní chronologie,relative chronology,teater,191,140,archeologické datování,Methods,teater:140,0
rentgenová fluorescenční analýza,X-ray fluorescence analysis,teater,173,140,"analýzy, posudky (metody spracování)",Methods,teater:140,0
replika,replica,teater,214,140,konzervátorsko-restaurátorské metody,Methods,teater:140,0
restaurování,restoration,teater,217,140,konzervátorsko-restaurátorské metody,Methods,teater:140,0
restaurování muzejních exponátů,restoration of museum exhibits,teater,218,140,konzervátorsko-restaurátorské metody,Methods,teater:140,0
restaurování památek,antiquities restoration,teater,219,140,konzervátorsko-restaurátorské metody,Methods,teater:140,0
restaurátorský průzkum,restoration research,teater,174,140,"analýzy, posudky (metody spracování)",Methods,teater:140,0
revizní výzkum,revision excavation,teater,107,102,archeologické výzkumy,Methods,teater:102,0
satelitní navigační systém,satellite navigation system,teater,128,102,archeologické výzkumy,Methods,teater:102,0
satelitní snímek,satellite imaging,teater,131,102,archeologické výzkumy,Methods,teater:102,0
shluková analýza,cluster analysis,teater,284,140,statistická analýza,Methods,teater:140,0
skenovací elektronová mikroskopie,scanning electron microscopy,teater,148,140,"analýzy, posudky (metody spracování)",Methods,teater:140,0
spektrografická analýza,spectrograph analysis,teater,176,140,"analýzy, posudky (metody spracování)",Methods,teater:140,0
spektrometrie,spectrometry,teater,177,140,"analýzy, posudky (metody spracování)",Methods,teater:140,0
spektrometrie s indukčně vázaným plazmatem,inductively coupled plasma spectrometry,teater,185,140,"analýzy, posudky (metody spracování)",Methods,teater:140,0
spektrální analýza,spectrum analysis,teater,175,140,"analýzy, posudky (metody spracování)",Methods,teater:140,0
srovnávací metoda,comparative methods,teater,208,140,komparativní výzkum,Methods,teater:140,0
statistická analýza,statistical analysis,teater,275,140,statistická analýza,Methods,teater:140,0
statistické vzorkování,statistical sampling,teater,285,140,statistická analýza,Methods,teater:140,0
stratigrafie,stratigraphy,teater,192,140,archeologické datování,Methods,teater:140,0
sádrový odlitek,gypsum casting,teater,215,140,konzervátorsko-restaurátorské metody,Methods,teater:140,0
technologický proces,chaine operatoire,teater,187,140,"analýzy, posudky (metody spracování)",Methods,teater:140,0
teorie systémů,system theory,teater,286,140,statistická analýza,Methods,teater:140,0
termografie,thermography,teater,127,102,archeologické výzkumy,Methods,teater:102,0
termoluminiscenční datování,thermoluminiscence dating,teater,188,140,"analýzy, posudky (metody spracování)",Methods,teater:140,0
termometrie,thermometry,teater,137,102,archeologické výzkumy,Methods,teater:102,0
terénní archeologická dokumentace,field archaeological documentation,teater,201,140,dokumentace,Methods,teater:140,0
topografické mapování,topographical mapping,teater,139,102,archeologické výzkumy,Methods,teater:102,0
transmisní elektronová mikroskopie,transmission electron microscopy,teater,150,140,"analýzy, posudky (metody spracování)",Methods,teater:140,0
trojrozměrné modelování,three-dimensional modelling,teater,202,140,dokumentace,Methods,teater:140,0
typologie,typology,teater,287,140,typologie,Methods,teater:140,0
vertikální stratigrafie,vertical stratigraphy,teater,194,140,archeologické datování,Methods,teater:140,0
videozáznam,video recording,teater,203,140,dokumentace,Methods,teater:140,0
zjišťovací archeologický výzkum,evaluation excavation,teater,109,102,archeologické výzkumy,Methods,teater:102,0
záchranný výzkum (archeologie),rescue excavation,teater,110,102,archeologické výzkumy,Methods,teater:102,0
